ISO-10303-21;
HEADER;
/* Generated by software containing ST-Developer
 * from STEP Tools, Inc. (www.steptools.com) 
 */

FILE_DESCRIPTION(
/* description */ (''),
/* implementation_level */ '2;1');

FILE_NAME(
/* name */ 'Holder 18650 (1 cell)_blue.stp',
/* time_stamp */ '2025-10-25T22:44:37+07:00',
/* author */ ('quang'),
/* organization */ (''),
/* preprocessor_version */ 'ST-DEVELOPER v20',
/* originating_system */ 'Autodesk Inventor 2024',
/* authorisation */ '');

FILE_SCHEMA (('AUTOMOTIVE_DESIGN { 1 0 10303 214 3 1 1 }'));
ENDSEC;

DATA;
#10=MECHANICAL_DESIGN_GEOMETRIC_PRESENTATION_REPRESENTATION('',(#28,#29,
#30,#31,#32,#33,#34,#35,#36,#37,#38,#39,#40,#41,#42,#43,#44,#45,#46,#47,
#48,#49,#50,#51,#52,#53,#54,#55,#56,#57,#58,#59,#60,#61,#62,#63,#64,#65,
#66,#67,#68,#69,#70,#71,#72,#73,#74,#75,#76,#77,#78,#79,#80,#81,#82,#83,
#84,#85,#86,#87,#88,#89,#90,#91,#92,#93,#94,#95,#96,#97,#98,#99,#100,#101,
#102,#103,#104,#105,#106,#107,#108,#109,#110,#111,#112,#113,#114,#115,#116,
#117,#118,#119,#120,#121,#122,#123,#124,#125,#126,#127,#128,#129,#130,#131,
#132,#133,#134,#135,#136,#137,#138,#139,#140,#141,#142,#143,#144,#145,#146,
#147,#148,#149,#150,#151,#152,#153,#154,#155,#156,#157,#158,#159,#160,#161,
#162,#163,#164,#165,#166,#167,#168,#169,#170,#171,#172,#173,#174,#175,#176,
#177,#178,#179,#180,#181,#182,#183,#184,#185,#186,#187,#188,#189,#190,#191,
#192,#193,#194,#195,#196,#197,#198,#199,#200,#201,#202,#203,#204,#205,#206,
#207,#208,#209,#210,#211,#212,#213,#214,#215,#216,#217,#218,#219,#220,#221,
#222,#223,#224,#225,#226,#227,#228,#229,#230,#231,#232,#233,#234,#235,#236,
#237,#238,#239,#240,#241,#242,#243,#244,#245,#246,#247,#248,#249,#250,#251,
#252,#253,#254,#255,#256,#257),#9998);
#11=SHAPE_REPRESENTATION_RELATIONSHIP('SRR','None',#10005,#12);
#12=ADVANCED_BREP_SHAPE_REPRESENTATION('',(#13),#9997);
#13=MANIFOLD_SOLID_BREP('Solid1',#4509);
#14=ELLIPSE('',#4713,0.707106781186548,0.5);
#15=ELLIPSE('',#4801,0.707106781186548,0.5);
#16=SPHERICAL_SURFACE('',#4696,0.5);
#17=SPHERICAL_SURFACE('',#4784,0.5);
#18=TOROIDAL_SURFACE('',#4605,2.5,0.5);
#19=TOROIDAL_SURFACE('',#4613,1.5,0.5);
#20=TOROIDAL_SURFACE('',#4619,2.25,0.25);
#21=TOROIDAL_SURFACE('',#4625,2.75,0.25);
#22=TOROIDAL_SURFACE('',#4627,4.5,0.5);
#23=TOROIDAL_SURFACE('',#4635,3.5,0.5);
#24=TOROIDAL_SURFACE('',#4702,3.5,0.5);
#25=TOROIDAL_SURFACE('',#4708,3.5,0.5);
#26=TOROIDAL_SURFACE('',#4790,3.5,0.5);
#27=TOROIDAL_SURFACE('',#4796,3.5,0.5);
#28=STYLED_ITEM('',(#10015),#4280);
#29=STYLED_ITEM('',(#10015),#4281);
#30=STYLED_ITEM('',(#10015),#4282);
#31=STYLED_ITEM('',(#10015),#4283);
#32=STYLED_ITEM('',(#10015),#4284);
#33=STYLED_ITEM('',(#10015),#4285);
#34=STYLED_ITEM('',(#10015),#4286);
#35=STYLED_ITEM('',(#10015),#4287);
#36=STYLED_ITEM('',(#10015),#4288);
#37=STYLED_ITEM('',(#10015),#4289);
#38=STYLED_ITEM('',(#10015),#4290);
#39=STYLED_ITEM('',(#10015),#4291);
#40=STYLED_ITEM('',(#10015),#4292);
#41=STYLED_ITEM('',(#10015),#4293);
#42=STYLED_ITEM('',(#10015),#4294);
#43=STYLED_ITEM('',(#10015),#4295);
#44=STYLED_ITEM('',(#10015),#4296);
#45=STYLED_ITEM('',(#10015),#4297);
#46=STYLED_ITEM('',(#10015),#4298);
#47=STYLED_ITEM('',(#10015),#4299);
#48=STYLED_ITEM('',(#10015),#4300);
#49=STYLED_ITEM('',(#10015),#4301);
#50=STYLED_ITEM('',(#10015),#4302);
#51=STYLED_ITEM('',(#10015),#4303);
#52=STYLED_ITEM('',(#10015),#4304);
#53=STYLED_ITEM('',(#10015),#4305);
#54=STYLED_ITEM('',(#10015),#4306);
#55=STYLED_ITEM('',(#10015),#4307);
#56=STYLED_ITEM('',(#10015),#4308);
#57=STYLED_ITEM('',(#10015),#4309);
#58=STYLED_ITEM('',(#10015),#4310);
#59=STYLED_ITEM('',(#10015),#4311);
#60=STYLED_ITEM('',(#10015),#4312);
#61=STYLED_ITEM('',(#10015),#4313);
#62=STYLED_ITEM('',(#10015),#4314);
#63=STYLED_ITEM('',(#10015),#4315);
#64=STYLED_ITEM('',(#10015),#4316);
#65=STYLED_ITEM('',(#10015),#4317);
#66=STYLED_ITEM('',(#10015),#4318);
#67=STYLED_ITEM('',(#10015),#4319);
#68=STYLED_ITEM('',(#10015),#4320);
#69=STYLED_ITEM('',(#10015),#4321);
#70=STYLED_ITEM('',(#10015),#4322);
#71=STYLED_ITEM('',(#10015),#4323);
#72=STYLED_ITEM('',(#10015),#4324);
#73=STYLED_ITEM('',(#10015),#4325);
#74=STYLED_ITEM('',(#10015),#4326);
#75=STYLED_ITEM('',(#10015),#4327);
#76=STYLED_ITEM('',(#10015),#4328);
#77=STYLED_ITEM('',(#10015),#4329);
#78=STYLED_ITEM('',(#10015),#4330);
#79=STYLED_ITEM('',(#10015),#4331);
#80=STYLED_ITEM('',(#10015),#4332);
#81=STYLED_ITEM('',(#10015),#4333);
#82=STYLED_ITEM('',(#10015),#4334);
#83=STYLED_ITEM('',(#10015),#4335);
#84=STYLED_ITEM('',(#10015),#4336);
#85=STYLED_ITEM('',(#10015),#4337);
#86=STYLED_ITEM('',(#10015),#4338);
#87=STYLED_ITEM('',(#10015),#4339);
#88=STYLED_ITEM('',(#10015),#4340);
#89=STYLED_ITEM('',(#10015),#4341);
#90=STYLED_ITEM('',(#10015),#4342);
#91=STYLED_ITEM('',(#10015),#4343);
#92=STYLED_ITEM('',(#10015),#4344);
#93=STYLED_ITEM('',(#10015),#4345);
#94=STYLED_ITEM('',(#10015),#4346);
#95=STYLED_ITEM('',(#10015),#4347);
#96=STYLED_ITEM('',(#10015),#4348);
#97=STYLED_ITEM('',(#10015),#4349);
#98=STYLED_ITEM('',(#10015),#4350);
#99=STYLED_ITEM('',(#10015),#4351);
#100=STYLED_ITEM('',(#10015),#4352);
#101=STYLED_ITEM('',(#10015),#4353);
#102=STYLED_ITEM('',(#10015),#4354);
#103=STYLED_ITEM('',(#10015),#4355);
#104=STYLED_ITEM('',(#10015),#4356);
#105=STYLED_ITEM('',(#10015),#4357);
#106=STYLED_ITEM('',(#10015),#4358);
#107=STYLED_ITEM('',(#10015),#4359);
#108=STYLED_ITEM('',(#10015),#4360);
#109=STYLED_ITEM('',(#10015),#4361);
#110=STYLED_ITEM('',(#10015),#4362);
#111=STYLED_ITEM('',(#10015),#4363);
#112=STYLED_ITEM('',(#10015),#4364);
#113=STYLED_ITEM('',(#10015),#4365);
#114=STYLED_ITEM('',(#10015),#4366);
#115=STYLED_ITEM('',(#10015),#4367);
#116=STYLED_ITEM('',(#10015),#4368);
#117=STYLED_ITEM('',(#10015),#4369);
#118=STYLED_ITEM('',(#10016),#4370);
#119=STYLED_ITEM('',(#10016),#4371);
#120=STYLED_ITEM('',(#10016),#4372);
#121=STYLED_ITEM('',(#10016),#4373);
#122=STYLED_ITEM('',(#10016),#4374);
#123=STYLED_ITEM('',(#10016),#4375);
#124=STYLED_ITEM('',(#10016),#4376);
#125=STYLED_ITEM('',(#10016),#4377);
#126=STYLED_ITEM('',(#10016),#4378);
#127=STYLED_ITEM('',(#10015),#4379);
#128=STYLED_ITEM('',(#10017),#4380);
#129=STYLED_ITEM('',(#10015),#4381);
#130=STYLED_ITEM('',(#10017),#4382);
#131=STYLED_ITEM('',(#10015),#4383);
#132=STYLED_ITEM('',(#10017),#4384);
#133=STYLED_ITEM('',(#10017),#4385);
#134=STYLED_ITEM('',(#10017),#4386);
#135=STYLED_ITEM('',(#10017),#4387);
#136=STYLED_ITEM('',(#10015),#4388);
#137=STYLED_ITEM('',(#10017),#4389);
#138=STYLED_ITEM('',(#10015),#4390);
#139=STYLED_ITEM('',(#10015),#4391);
#140=STYLED_ITEM('',(#10015),#4392);
#141=STYLED_ITEM('',(#10015),#4393);
#142=STYLED_ITEM('',(#10017),#4394);
#143=STYLED_ITEM('',(#10017),#4395);
#144=STYLED_ITEM('',(#10017),#4396);
#145=STYLED_ITEM('',(#10017),#4397);
#146=STYLED_ITEM('',(#10017),#4398);
#147=STYLED_ITEM('',(#10017),#4399);
#148=STYLED_ITEM('',(#10017),#4400);
#149=STYLED_ITEM('',(#10017),#4401);
#150=STYLED_ITEM('',(#10017),#4402);
#151=STYLED_ITEM('',(#10017),#4403);
#152=STYLED_ITEM('',(#10017),#4404);
#153=STYLED_ITEM('',(#10017),#4405);
#154=STYLED_ITEM('',(#10017),#4406);
#155=STYLED_ITEM('',(#10017),#4407);
#156=STYLED_ITEM('',(#10017),#4408);
#157=STYLED_ITEM('',(#10017),#4409);
#158=STYLED_ITEM('',(#10017),#4410);
#159=STYLED_ITEM('',(#10017),#4411);
#160=STYLED_ITEM('',(#10017),#4412);
#161=STYLED_ITEM('',(#10017),#4413);
#162=STYLED_ITEM('',(#10015),#4414);
#163=STYLED_ITEM('',(#10015),#4415);
#164=STYLED_ITEM('',(#10015),#4416);
#165=STYLED_ITEM('',(#10015),#4417);
#166=STYLED_ITEM('',(#10015),#4418);
#167=STYLED_ITEM('',(#10015),#4419);
#168=STYLED_ITEM('',(#10015),#4420);
#169=STYLED_ITEM('',(#10015),#4421);
#170=STYLED_ITEM('',(#10015),#4422);
#171=STYLED_ITEM('',(#10015),#4423);
#172=STYLED_ITEM('',(#10015),#4424);
#173=STYLED_ITEM('',(#10015),#4425);
#174=STYLED_ITEM('',(#10015),#4426);
#175=STYLED_ITEM('',(#10015),#4427);
#176=STYLED_ITEM('',(#10015),#4428);
#177=STYLED_ITEM('',(#10015),#4429);
#178=STYLED_ITEM('',(#10015),#4430);
#179=STYLED_ITEM('',(#10015),#4431);
#180=STYLED_ITEM('',(#10015),#4432);
#181=STYLED_ITEM('',(#10015),#4433);
#182=STYLED_ITEM('',(#10015),#4434);
#183=STYLED_ITEM('',(#10015),#4435);
#184=STYLED_ITEM('',(#10015),#4436);
#185=STYLED_ITEM('',(#10015),#4437);
#186=STYLED_ITEM('',(#10015),#4438);
#187=STYLED_ITEM('',(#10015),#4439);
#188=STYLED_ITEM('',(#10015),#4440);
#189=STYLED_ITEM('',(#10017),#4441);
#190=STYLED_ITEM('',(#10015),#4442);
#191=STYLED_ITEM('',(#10015),#4443);
#192=STYLED_ITEM('',(#10015),#4444);
#193=STYLED_ITEM('',(#10015),#4445);
#194=STYLED_ITEM('',(#10015),#4446);
#195=STYLED_ITEM('',(#10015),#4447);
#196=STYLED_ITEM('',(#10015),#4448);
#197=STYLED_ITEM('',(#10015),#4449);
#198=STYLED_ITEM('',(#10015),#4450);
#199=STYLED_ITEM('',(#10017),#4451);
#200=STYLED_ITEM('',(#10017),#4452);
#201=STYLED_ITEM('',(#10017),#4453);
#202=STYLED_ITEM('',(#10017),#4454);
#203=STYLED_ITEM('',(#10017),#4455);
#204=STYLED_ITEM('',(#10017),#4456);
#205=STYLED_ITEM('',(#10017),#4457);
#206=STYLED_ITEM('',(#10017),#4458);
#207=STYLED_ITEM('',(#10017),#4459);
#208=STYLED_ITEM('',(#10017),#4460);
#209=STYLED_ITEM('',(#10017),#4461);
#210=STYLED_ITEM('',(#10017),#4462);
#211=STYLED_ITEM('',(#10017),#4463);
#212=STYLED_ITEM('',(#10017),#4464);
#213=STYLED_ITEM('',(#10017),#4465);
#214=STYLED_ITEM('',(#10017),#4466);
#215=STYLED_ITEM('',(#10017),#4467);
#216=STYLED_ITEM('',(#10017),#4468);
#217=STYLED_ITEM('',(#10017),#4469);
#218=STYLED_ITEM('',(#10017),#4470);
#219=STYLED_ITEM('',(#10015),#4471);
#220=STYLED_ITEM('',(#10015),#4472);
#221=STYLED_ITEM('',(#10015),#4473);
#222=STYLED_ITEM('',(#10015),#4474);
#223=STYLED_ITEM('',(#10015),#4475);
#224=STYLED_ITEM('',(#10015),#4476);
#225=STYLED_ITEM('',(#10015),#4477);
#226=STYLED_ITEM('',(#10015),#4478);
#227=STYLED_ITEM('',(#10015),#4479);
#228=STYLED_ITEM('',(#10015),#4480);
#229=STYLED_ITEM('',(#10015),#4481);
#230=STYLED_ITEM('',(#10015),#4482);
#231=STYLED_ITEM('',(#10015),#4483);
#232=STYLED_ITEM('',(#10015),#4484);
#233=STYLED_ITEM('',(#10015),#4485);
#234=STYLED_ITEM('',(#10015),#4486);
#235=STYLED_ITEM('',(#10015),#4487);
#236=STYLED_ITEM('',(#10015),#4488);
#237=STYLED_ITEM('',(#10015),#4489);
#238=STYLED_ITEM('',(#10015),#4490);
#239=STYLED_ITEM('',(#10015),#4491);
#240=STYLED_ITEM('',(#10015),#4492);
#241=STYLED_ITEM('',(#10015),#4493);
#242=STYLED_ITEM('',(#10015),#4494);
#243=STYLED_ITEM('',(#10015),#4495);
#244=STYLED_ITEM('',(#10015),#4496);
#245=STYLED_ITEM('',(#10015),#4497);
#246=STYLED_ITEM('',(#10015),#4498);
#247=STYLED_ITEM('',(#10015),#4499);
#248=STYLED_ITEM('',(#10015),#4500);
#249=STYLED_ITEM('',(#10015),#4501);
#250=STYLED_ITEM('',(#10015),#4502);
#251=STYLED_ITEM('',(#10017),#4503);
#252=STYLED_ITEM('',(#10015),#4504);
#253=STYLED_ITEM('',(#10015),#4505);
#254=STYLED_ITEM('',(#10015),#4506);
#255=STYLED_ITEM('',(#10015),#4507);
#256=STYLED_ITEM('',(#10015),#4508);
#257=STYLED_ITEM('',(#10014),#13);
#258=FACE_BOUND('',#1433,.T.);
#259=FACE_BOUND('',#1443,.T.);
#260=FACE_BOUND('',#1459,.T.);
#261=FACE_BOUND('',#1460,.T.);
#262=FACE_BOUND('',#1492,.T.);
#263=FACE_BOUND('',#1529,.T.);
#264=FACE_BOUND('',#1530,.T.);
#265=FACE_BOUND('',#1531,.T.);
#266=FACE_BOUND('',#1532,.T.);
#267=FACE_BOUND('',#1533,.T.);
#268=FACE_BOUND('',#1540,.T.);
#269=FACE_BOUND('',#1542,.T.);
#270=FACE_BOUND('',#1545,.T.);
#271=FACE_BOUND('',#1546,.T.);
#272=FACE_BOUND('',#1549,.T.);
#273=FACE_BOUND('',#1554,.T.);
#274=FACE_BOUND('',#1558,.T.);
#275=FACE_BOUND('',#1585,.T.);
#276=FACE_BOUND('',#1612,.T.);
#277=FACE_BOUND('',#1613,.T.);
#278=FACE_BOUND('',#1645,.T.);
#279=FACE_BOUND('',#1677,.T.);
#280=FACE_BOUND('',#1678,.T.);
#281=FACE_BOUND('',#1684,.T.);
#282=FACE_BOUND('',#1685,.T.);
#283=FACE_BOUND('',#1686,.T.);
#284=LINE('',#6578,#662);
#285=LINE('',#6614,#663);
#286=LINE('',#6622,#664);
#287=LINE('',#6655,#665);
#288=LINE('',#6694,#666);
#289=LINE('',#6733,#667);
#290=LINE('',#6772,#668);
#291=LINE('',#6811,#669);
#292=LINE('',#6850,#670);
#293=LINE('',#6947,#671);
#294=LINE('',#6955,#672);
#295=LINE('',#6987,#673);
#296=LINE('',#7019,#674);
#297=LINE('',#7083,#675);
#298=LINE('',#7091,#676);
#299=LINE('',#7124,#677);
#300=LINE('',#7163,#678);
#301=LINE('',#7202,#679);
#302=LINE('',#7278,#680);
#303=LINE('',#7286,#681);
#304=LINE('',#7319,#682);
#305=LINE('',#7358,#683);
#306=LINE('',#7397,#684);
#307=LINE('',#7533,#685);
#308=LINE('',#7541,#686);
#309=LINE('',#7573,#687);
#310=LINE('',#7577,#688);
#311=LINE('',#7609,#689);
#312=LINE('',#7641,#690);
#313=LINE('',#7673,#691);
#314=LINE('',#7705,#692);
#315=LINE('',#7709,#693);
#316=LINE('',#7741,#694);
#317=LINE('',#7773,#695);
#318=LINE('',#7809,#696);
#319=LINE('',#7813,#697);
#320=LINE('',#7824,#698);
#321=LINE('',#7828,#699);
#322=LINE('',#7831,#700);
#323=LINE('',#7834,#701);
#324=LINE('',#7837,#702);
#325=LINE('',#7840,#703);
#326=LINE('',#7841,#704);
#327=LINE('',#7845,#705);
#328=LINE('',#7848,#706);
#329=LINE('',#7849,#707);
#330=LINE('',#7881,#708);
#331=LINE('',#7885,#709);
#332=LINE('',#7888,#710);
#333=LINE('',#7889,#711);
#334=LINE('',#7893,#712);
#335=LINE('',#7896,#713);
#336=LINE('',#7897,#714);
#337=LINE('',#7901,#715);
#338=LINE('',#7903,#716);
#339=LINE('',#7937,#717);
#340=LINE('',#7945,#718);
#341=LINE('',#7978,#719);
#342=LINE('',#8017,#720);
#343=LINE('',#8056,#721);
#344=LINE('',#8095,#722);
#345=LINE('',#8134,#723);
#346=LINE('',#8215,#724);
#347=LINE('',#8291,#725);
#348=LINE('',#8299,#726);
#349=LINE('',#8331,#727);
#350=LINE('',#8363,#728);
#351=LINE('',#8395,#729);
#352=LINE('',#8427,#730);
#353=LINE('',#8430,#731);
#354=LINE('',#8431,#732);
#355=LINE('',#8435,#733);
#356=LINE('',#8467,#734);
#357=LINE('',#8499,#735);
#358=LINE('',#8531,#736);
#359=LINE('',#8563,#737);
#360=LINE('',#8595,#738);
#361=LINE('',#8627,#739);
#362=LINE('',#8684,#740);
#363=LINE('',#8688,#741);
#364=LINE('',#8741,#742);
#365=LINE('',#8789,#743);
#366=LINE('',#8797,#744);
#367=LINE('',#8829,#745);
#368=LINE('',#8861,#746);
#369=LINE('',#8865,#747);
#370=LINE('',#8868,#748);
#371=LINE('',#8869,#749);
#372=LINE('',#8873,#750);
#373=LINE('',#8876,#751);
#374=LINE('',#8877,#752);
#375=LINE('',#8881,#753);
#376=LINE('',#8913,#754);
#377=LINE('',#8945,#755);
#378=LINE('',#8977,#756);
#379=LINE('',#9009,#757);
#380=LINE('',#9041,#758);
#381=LINE('',#9073,#759);
#382=LINE('',#9105,#760);
#383=LINE('',#9108,#761);
#384=LINE('',#9109,#762);
#385=LINE('',#9113,#763);
#386=LINE('',#9145,#764);
#387=LINE('',#9177,#765);
#388=LINE('',#9211,#766);
#389=LINE('',#9215,#767);
#390=LINE('',#9219,#768);
#391=LINE('',#9289,#769);
#392=LINE('',#9296,#770);
#393=LINE('',#9298,#771);
#394=LINE('',#9300,#772);
#395=LINE('',#9302,#773);
#396=LINE('',#9304,#774);
#397=LINE('',#9306,#775);
#398=LINE('',#9308,#776);
#399=LINE('',#9310,#777);
#400=LINE('',#9312,#778);
#401=LINE('',#9314,#779);
#402=LINE('',#9316,#780);
#403=LINE('',#9317,#781);
#404=LINE('',#9319,#782);
#405=LINE('',#9321,#783);
#406=LINE('',#9323,#784);
#407=LINE('',#9325,#785);
#408=LINE('',#9326,#786);
#409=LINE('',#9329,#787);
#410=LINE('',#9331,#788);
#411=LINE('',#9333,#789);
#412=LINE('',#9334,#790);
#413=LINE('',#9345,#791);
#414=LINE('',#9347,#792);
#415=LINE('',#9349,#793);
#416=LINE('',#9353,#794);
#417=LINE('',#9357,#795);
#418=LINE('',#9359,#796);
#419=LINE('',#9361,#797);
#420=LINE('',#9363,#798);
#421=LINE('',#9364,#799);
#422=LINE('',#9374,#800);
#423=LINE('',#9396,#801);
#424=LINE('',#9398,#802);
#425=LINE('',#9400,#803);
#426=LINE('',#9402,#804);
#427=LINE('',#9404,#805);
#428=LINE('',#9408,#806);
#429=LINE('',#9412,#807);
#430=LINE('',#9414,#808);
#431=LINE('',#9415,#809);
#432=LINE('',#9420,#810);
#433=LINE('',#9422,#811);
#434=LINE('',#9423,#812);
#435=LINE('',#9426,#813);
#436=LINE('',#9427,#814);
#437=LINE('',#9430,#815);
#438=LINE('',#9431,#816);
#439=LINE('',#9433,#817);
#440=LINE('',#9437,#818);
#441=LINE('',#9439,#819);
#442=LINE('',#9441,#820);
#443=LINE('',#9442,#821);
#444=LINE('',#9446,#822);
#445=LINE('',#9448,#823);
#446=LINE('',#9449,#824);
#447=LINE('',#9450,#825);
#448=LINE('',#9453,#826);
#449=LINE('',#9455,#827);
#450=LINE('',#9456,#828);
#451=LINE('',#9458,#829);
#452=LINE('',#9459,#830);
#453=LINE('',#9464,#831);
#454=LINE('',#9466,#832);
#455=LINE('',#9468,#833);
#456=LINE('',#9469,#834);
#457=LINE('',#9473,#835);
#458=LINE('',#9475,#836);
#459=LINE('',#9476,#837);
#460=LINE('',#9477,#838);
#461=LINE('',#9480,#839);
#462=LINE('',#9482,#840);
#463=LINE('',#9483,#841);
#464=LINE('',#9485,#842);
#465=LINE('',#9486,#843);
#466=LINE('',#9491,#844);
#467=LINE('',#9493,#845);
#468=LINE('',#9495,#846);
#469=LINE('',#9496,#847);
#470=LINE('',#9500,#848);
#471=LINE('',#9502,#849);
#472=LINE('',#9503,#850);
#473=LINE('',#9504,#851);
#474=LINE('',#9507,#852);
#475=LINE('',#9509,#853);
#476=LINE('',#9510,#854);
#477=LINE('',#9512,#855);
#478=LINE('',#9513,#856);
#479=LINE('',#9518,#857);
#480=LINE('',#9520,#858);
#481=LINE('',#9522,#859);
#482=LINE('',#9523,#860);
#483=LINE('',#9527,#861);
#484=LINE('',#9529,#862);
#485=LINE('',#9530,#863);
#486=LINE('',#9531,#864);
#487=LINE('',#9534,#865);
#488=LINE('',#9536,#866);
#489=LINE('',#9537,#867);
#490=LINE('',#9539,#868);
#491=LINE('',#9540,#869);
#492=LINE('',#9552,#870);
#493=LINE('',#9555,#871);
#494=LINE('',#9559,#872);
#495=LINE('',#9561,#873);
#496=LINE('',#9563,#874);
#497=LINE('',#9567,#875);
#498=LINE('',#9571,#876);
#499=LINE('',#9573,#877);
#500=LINE('',#9575,#878);
#501=LINE('',#9578,#879);
#502=LINE('',#9584,#880);
#503=LINE('',#9587,#881);
#504=LINE('',#9590,#882);
#505=LINE('',#9594,#883);
#506=LINE('',#9595,#884);
#507=LINE('',#9598,#885);
#508=LINE('',#9601,#886);
#509=LINE('',#9604,#887);
#510=LINE('',#9605,#888);
#511=LINE('',#9608,#889);
#512=LINE('',#9610,#890);
#513=LINE('',#9611,#891);
#514=LINE('',#9613,#892);
#515=LINE('',#9614,#893);
#516=LINE('',#9617,#894);
#517=LINE('',#9618,#895);
#518=LINE('',#9619,#896);
#519=LINE('',#9622,#897);
#520=LINE('',#9625,#898);
#521=LINE('',#9628,#899);
#522=LINE('',#9631,#900);
#523=LINE('',#9636,#901);
#524=LINE('',#9637,#902);
#525=LINE('',#9640,#903);
#526=LINE('',#9643,#904);
#527=LINE('',#9645,#905);
#528=LINE('',#9646,#906);
#529=LINE('',#9649,#907);
#530=LINE('',#9661,#908);
#531=LINE('',#9662,#909);
#532=LINE('',#9673,#910);
#533=LINE('',#9674,#911);
#534=LINE('',#9683,#912);
#535=LINE('',#9686,#913);
#536=LINE('',#9688,#914);
#537=LINE('',#9689,#915);
#538=LINE('',#9691,#916);
#539=LINE('',#9692,#917);
#540=LINE('',#9694,#918);
#541=LINE('',#9698,#919);
#542=LINE('',#9699,#920);
#543=LINE('',#9700,#921);
#544=LINE('',#9702,#922);
#545=LINE('',#9704,#923);
#546=LINE('',#9706,#924);
#547=LINE('',#9710,#925);
#548=LINE('',#9712,#926);
#549=LINE('',#9713,#927);
#550=LINE('',#9715,#928);
#551=LINE('',#9719,#929);
#552=LINE('',#9721,#930);
#553=LINE('',#9723,#931);
#554=LINE('',#9726,#932);
#555=LINE('',#9727,#933);
#556=LINE('',#9731,#934);
#557=LINE('',#9733,#935);
#558=LINE('',#9734,#936);
#559=LINE('',#9737,#937);
#560=LINE('',#9738,#938);
#561=LINE('',#9741,#939);
#562=LINE('',#9742,#940);
#563=LINE('',#9744,#941);
#564=LINE('',#9748,#942);
#565=LINE('',#9750,#943);
#566=LINE('',#9752,#944);
#567=LINE('',#9753,#945);
#568=LINE('',#9757,#946);
#569=LINE('',#9758,#947);
#570=LINE('',#9760,#948);
#571=LINE('',#9761,#949);
#572=LINE('',#9764,#950);
#573=LINE('',#9766,#951);
#574=LINE('',#9767,#952);
#575=LINE('',#9769,#953);
#576=LINE('',#9770,#954);
#577=LINE('',#9775,#955);
#578=LINE('',#9777,#956);
#579=LINE('',#9779,#957);
#580=LINE('',#9780,#958);
#581=LINE('',#9784,#959);
#582=LINE('',#9785,#960);
#583=LINE('',#9787,#961);
#584=LINE('',#9788,#962);
#585=LINE('',#9791,#963);
#586=LINE('',#9793,#964);
#587=LINE('',#9794,#965);
#588=LINE('',#9796,#966);
#589=LINE('',#9797,#967);
#590=LINE('',#9802,#968);
#591=LINE('',#9804,#969);
#592=LINE('',#9806,#970);
#593=LINE('',#9807,#971);
#594=LINE('',#9811,#972);
#595=LINE('',#9812,#973);
#596=LINE('',#9814,#974);
#597=LINE('',#9815,#975);
#598=LINE('',#9818,#976);
#599=LINE('',#9820,#977);
#600=LINE('',#9821,#978);
#601=LINE('',#9823,#979);
#602=LINE('',#9824,#980);
#603=LINE('',#9829,#981);
#604=LINE('',#9831,#982);
#605=LINE('',#9833,#983);
#606=LINE('',#9834,#984);
#607=LINE('',#9838,#985);
#608=LINE('',#9839,#986);
#609=LINE('',#9841,#987);
#610=LINE('',#9842,#988);
#611=LINE('',#9845,#989);
#612=LINE('',#9847,#990);
#613=LINE('',#9848,#991);
#614=LINE('',#9850,#992);
#615=LINE('',#9851,#993);
#616=LINE('',#9863,#994);
#617=LINE('',#9868,#995);
#618=LINE('',#9869,#996);
#619=LINE('',#9871,#997);
#620=LINE('',#9874,#998);
#621=LINE('',#9877,#999);
#622=LINE('',#9879,#1000);
#623=LINE('',#9882,#1001);
#624=LINE('',#9883,#1002);
#625=LINE('',#9884,#1003);
#626=LINE('',#9889,#1004);
#627=LINE('',#9893,#1005);
#628=LINE('',#9895,#1006);
#629=LINE('',#9896,#1007);
#630=LINE('',#9898,#1008);
#631=LINE('',#9900,#1009);
#632=LINE('',#9904,#1010);
#633=LINE('',#9907,#1011);
#634=LINE('',#9910,#1012);
#635=LINE('',#9913,#1013);
#636=LINE('',#9918,#1014);
#637=LINE('',#9919,#1015);
#638=LINE('',#9922,#1016);
#639=LINE('',#9925,#1017);
#640=LINE('',#9927,#1018);
#641=LINE('',#9928,#1019);
#642=LINE('',#9931,#1020);
#643=LINE('',#9933,#1021);
#644=LINE('',#9945,#1022);
#645=LINE('',#9946,#1023);
#646=LINE('',#9957,#1024);
#647=LINE('',#9958,#1025);
#648=LINE('',#9966,#1026);
#649=LINE('',#9969,#1027);
#650=LINE('',#9970,#1028);
#651=LINE('',#9972,#1029);
#652=LINE('',#9973,#1030);
#653=LINE('',#9975,#1031);
#654=LINE('',#9976,#1032);
#655=LINE('',#9978,#1033);
#656=LINE('',#9983,#1034);
#657=LINE('',#9984,#1035);
#658=LINE('',#9985,#1036);
#659=LINE('',#9987,#1037);
#660=LINE('',#9989,#1038);
#661=LINE('',#9991,#1039);
#662=VECTOR('',#4826,7.);
#663=VECTOR('',#4831,10.);
#664=VECTOR('',#4832,10.);
#665=VECTOR('',#4833,10.);
#666=VECTOR('',#4834,10.);
#667=VECTOR('',#4835,10.);
#668=VECTOR('',#4836,10.);
#669=VECTOR('',#4837,10.);
#670=VECTOR('',#4838,10.);
#671=VECTOR('',#4841,10.);
#672=VECTOR('',#4842,10.);
#673=VECTOR('',#4843,10.);
#674=VECTOR('',#4844,10.);
#675=VECTOR('',#4845,10.);
#676=VECTOR('',#4846,10.);
#677=VECTOR('',#4847,10.);
#678=VECTOR('',#4848,10.);
#679=VECTOR('',#4849,10.);
#680=VECTOR('',#4850,10.);
#681=VECTOR('',#4851,10.);
#682=VECTOR('',#4852,10.);
#683=VECTOR('',#4853,10.);
#684=VECTOR('',#4854,10.);
#685=VECTOR('',#4861,10.);
#686=VECTOR('',#4862,10.);
#687=VECTOR('',#4863,10.);
#688=VECTOR('',#4868,10.);
#689=VECTOR('',#4869,10.);
#690=VECTOR('',#4870,10.);
#691=VECTOR('',#4871,10.);
#692=VECTOR('',#4872,10.);
#693=VECTOR('',#4877,10.);
#694=VECTOR('',#4878,10.);
#695=VECTOR('',#4879,10.);
#696=VECTOR('',#4884,10.);
#697=VECTOR('',#4887,10.);
#698=VECTOR('',#4890,10.);
#699=VECTOR('',#4893,10.);
#700=VECTOR('',#4896,10.);
#701=VECTOR('',#4899,10.);
#702=VECTOR('',#4902,10.);
#703=VECTOR('',#4905,10.);
#704=VECTOR('',#4906,10.);
#705=VECTOR('',#4911,10.);
#706=VECTOR('',#4914,10.);
#707=VECTOR('',#4915,10.);
#708=VECTOR('',#4916,10.);
#709=VECTOR('',#4921,10.);
#710=VECTOR('',#4924,10.);
#711=VECTOR('',#4925,10.);
#712=VECTOR('',#4930,10.);
#713=VECTOR('',#4933,10.);
#714=VECTOR('',#4934,10.);
#715=VECTOR('',#4939,10.);
#716=VECTOR('',#4942,10.);
#717=VECTOR('',#4943,10.);
#718=VECTOR('',#4944,10.);
#719=VECTOR('',#4945,10.);
#720=VECTOR('',#4946,10.);
#721=VECTOR('',#4947,10.);
#722=VECTOR('',#4948,10.);
#723=VECTOR('',#4949,10.);
#724=VECTOR('',#4952,10.);
#725=VECTOR('',#4955,10.);
#726=VECTOR('',#4956,10.);
#727=VECTOR('',#4957,10.);
#728=VECTOR('',#4958,10.);
#729=VECTOR('',#4959,10.);
#730=VECTOR('',#4960,10.);
#731=VECTOR('',#4963,10.);
#732=VECTOR('',#4964,10.);
#733=VECTOR('',#4969,10.);
#734=VECTOR('',#4970,10.);
#735=VECTOR('',#4971,10.);
#736=VECTOR('',#4972,10.);
#737=VECTOR('',#4973,10.);
#738=VECTOR('',#4974,10.);
#739=VECTOR('',#4975,10.);
#740=VECTOR('',#4980,10.);
#741=VECTOR('',#4983,10.);
#742=VECTOR('',#4986,10.);
#743=VECTOR('',#4989,10.);
#744=VECTOR('',#4990,10.);
#745=VECTOR('',#4991,10.);
#746=VECTOR('',#4992,10.);
#747=VECTOR('',#4997,10.);
#748=VECTOR('',#5000,10.);
#749=VECTOR('',#5001,10.);
#750=VECTOR('',#5006,10.);
#751=VECTOR('',#5009,10.);
#752=VECTOR('',#5010,10.);
#753=VECTOR('',#5015,10.);
#754=VECTOR('',#5016,10.);
#755=VECTOR('',#5017,10.);
#756=VECTOR('',#5018,10.);
#757=VECTOR('',#5019,10.);
#758=VECTOR('',#5020,10.);
#759=VECTOR('',#5021,10.);
#760=VECTOR('',#5022,10.);
#761=VECTOR('',#5025,10.);
#762=VECTOR('',#5026,10.);
#763=VECTOR('',#5031,10.);
#764=VECTOR('',#5032,10.);
#765=VECTOR('',#5033,10.);
#766=VECTOR('',#5036,10.);
#767=VECTOR('',#5039,10.);
#768=VECTOR('',#5042,9.);
#769=VECTOR('',#5063,10.);
#770=VECTOR('',#5070,10.);
#771=VECTOR('',#5071,10.);
#772=VECTOR('',#5072,10.);
#773=VECTOR('',#5073,10.);
#774=VECTOR('',#5074,10.);
#775=VECTOR('',#5075,10.);
#776=VECTOR('',#5076,10.);
#777=VECTOR('',#5077,10.);
#778=VECTOR('',#5078,10.);
#779=VECTOR('',#5079,10.);
#780=VECTOR('',#5080,10.);
#781=VECTOR('',#5081,10.);
#782=VECTOR('',#5082,10.);
#783=VECTOR('',#5083,10.);
#784=VECTOR('',#5084,10.);
#785=VECTOR('',#5085,10.);
#786=VECTOR('',#5086,10.);
#787=VECTOR('',#5087,10.);
#788=VECTOR('',#5088,10.);
#789=VECTOR('',#5089,10.);
#790=VECTOR('',#5090,10.);
#791=VECTOR('',#5103,10.);
#792=VECTOR('',#5104,10.);
#793=VECTOR('',#5105,10.);
#794=VECTOR('',#5108,10.);
#795=VECTOR('',#5111,10.);
#796=VECTOR('',#5112,10.);
#797=VECTOR('',#5113,10.);
#798=VECTOR('',#5114,10.);
#799=VECTOR('',#5115,10.);
#800=VECTOR('',#5128,1.5);
#801=VECTOR('',#5157,10.);
#802=VECTOR('',#5158,10.);
#803=VECTOR('',#5159,10.);
#804=VECTOR('',#5160,10.);
#805=VECTOR('',#5161,10.);
#806=VECTOR('',#5164,10.);
#807=VECTOR('',#5167,10.);
#808=VECTOR('',#5168,10.);
#809=VECTOR('',#5169,10.);
#810=VECTOR('',#5176,10.);
#811=VECTOR('',#5177,10.);
#812=VECTOR('',#5178,10.);
#813=VECTOR('',#5181,10.);
#814=VECTOR('',#5182,10.);
#815=VECTOR('',#5185,10.);
#816=VECTOR('',#5186,10.);
#817=VECTOR('',#5189,10.);
#818=VECTOR('',#5192,10.);
#819=VECTOR('',#5193,10.);
#820=VECTOR('',#5194,10.);
#821=VECTOR('',#5195,10.);
#822=VECTOR('',#5198,10.);
#823=VECTOR('',#5199,10.);
#824=VECTOR('',#5200,10.);
#825=VECTOR('',#5201,10.);
#826=VECTOR('',#5204,10.);
#827=VECTOR('',#5205,10.);
#828=VECTOR('',#5206,10.);
#829=VECTOR('',#5209,10.);
#830=VECTOR('',#5210,10.);
#831=VECTOR('',#5215,10.);
#832=VECTOR('',#5216,10.);
#833=VECTOR('',#5217,10.);
#834=VECTOR('',#5218,10.);
#835=VECTOR('',#5221,10.);
#836=VECTOR('',#5222,10.);
#837=VECTOR('',#5223,10.);
#838=VECTOR('',#5224,10.);
#839=VECTOR('',#5227,10.);
#840=VECTOR('',#5228,10.);
#841=VECTOR('',#5229,10.);
#842=VECTOR('',#5232,10.);
#843=VECTOR('',#5233,10.);
#844=VECTOR('',#5238,10.);
#845=VECTOR('',#5239,10.);
#846=VECTOR('',#5240,10.);
#847=VECTOR('',#5241,10.);
#848=VECTOR('',#5244,10.);
#849=VECTOR('',#5245,10.);
#850=VECTOR('',#5246,10.);
#851=VECTOR('',#5247,10.);
#852=VECTOR('',#5250,10.);
#853=VECTOR('',#5251,10.);
#854=VECTOR('',#5252,10.);
#855=VECTOR('',#5255,10.);
#856=VECTOR('',#5256,10.);
#857=VECTOR('',#5261,10.);
#858=VECTOR('',#5262,10.);
#859=VECTOR('',#5263,10.);
#860=VECTOR('',#5264,10.);
#861=VECTOR('',#5267,10.);
#862=VECTOR('',#5268,10.);
#863=VECTOR('',#5269,10.);
#864=VECTOR('',#5270,10.);
#865=VECTOR('',#5273,10.);
#866=VECTOR('',#5274,10.);
#867=VECTOR('',#5275,10.);
#868=VECTOR('',#5278,10.);
#869=VECTOR('',#5279,10.);
#870=VECTOR('',#5298,4.);
#871=VECTOR('',#5301,10.);
#872=VECTOR('',#5304,10.);
#873=VECTOR('',#5305,10.);
#874=VECTOR('',#5306,10.);
#875=VECTOR('',#5309,10.);
#876=VECTOR('',#5312,10.);
#877=VECTOR('',#5313,10.);
#878=VECTOR('',#5314,10.);
#879=VECTOR('',#5317,10.);
#880=VECTOR('',#5322,10.);
#881=VECTOR('',#5325,10.);
#882=VECTOR('',#5328,10.);
#883=VECTOR('',#5331,10.);
#884=VECTOR('',#5332,10.);
#885=VECTOR('',#5335,10.);
#886=VECTOR('',#5338,10.);
#887=VECTOR('',#5341,10.);
#888=VECTOR('',#5342,10.);
#889=VECTOR('',#5345,10.);
#890=VECTOR('',#5346,10.);
#891=VECTOR('',#5347,10.);
#892=VECTOR('',#5350,10.);
#893=VECTOR('',#5351,10.);
#894=VECTOR('',#5354,10.);
#895=VECTOR('',#5355,10.);
#896=VECTOR('',#5356,10.);
#897=VECTOR('',#5359,10.);
#898=VECTOR('',#5362,10.);
#899=VECTOR('',#5365,10.);
#900=VECTOR('',#5368,10.);
#901=VECTOR('',#5373,10.);
#902=VECTOR('',#5374,10.);
#903=VECTOR('',#5377,10.);
#904=VECTOR('',#5380,10.);
#905=VECTOR('',#5383,10.);
#906=VECTOR('',#5384,10.);
#907=VECTOR('',#5389,10.);
#908=VECTOR('',#5402,10.);
#909=VECTOR('',#5403,10.);
#910=VECTOR('',#5416,10.);
#911=VECTOR('',#5417,10.);
#912=VECTOR('',#5428,10.);
#913=VECTOR('',#5431,10.);
#914=VECTOR('',#5434,10.);
#915=VECTOR('',#5435,10.);
#916=VECTOR('',#5438,10.);
#917=VECTOR('',#5439,10.);
#918=VECTOR('',#5442,10.);
#919=VECTOR('',#5445,10.);
#920=VECTOR('',#5446,10.);
#921=VECTOR('',#5447,10.);
#922=VECTOR('',#5450,1.5);
#923=VECTOR('',#5453,10.);
#924=VECTOR('',#5456,10.);
#925=VECTOR('',#5461,10.);
#926=VECTOR('',#5462,10.);
#927=VECTOR('',#5463,10.);
#928=VECTOR('',#5464,10.);
#929=VECTOR('',#5467,10.);
#930=VECTOR('',#5468,10.);
#931=VECTOR('',#5469,10.);
#932=VECTOR('',#5472,10.);
#933=VECTOR('',#5473,10.);
#934=VECTOR('',#5478,10.);
#935=VECTOR('',#5479,10.);
#936=VECTOR('',#5480,10.);
#937=VECTOR('',#5483,10.);
#938=VECTOR('',#5484,10.);
#939=VECTOR('',#5487,10.);
#940=VECTOR('',#5488,10.);
#941=VECTOR('',#5491,10.);
#942=VECTOR('',#5494,10.);
#943=VECTOR('',#5495,10.);
#944=VECTOR('',#5496,10.);
#945=VECTOR('',#5497,10.);
#946=VECTOR('',#5500,10.);
#947=VECTOR('',#5501,10.);
#948=VECTOR('',#5502,10.);
#949=VECTOR('',#5503,10.);
#950=VECTOR('',#5506,10.);
#951=VECTOR('',#5507,10.);
#952=VECTOR('',#5508,10.);
#953=VECTOR('',#5511,10.);
#954=VECTOR('',#5512,10.);
#955=VECTOR('',#5517,10.);
#956=VECTOR('',#5518,10.);
#957=VECTOR('',#5519,10.);
#958=VECTOR('',#5520,10.);
#959=VECTOR('',#5523,10.);
#960=VECTOR('',#5524,10.);
#961=VECTOR('',#5525,10.);
#962=VECTOR('',#5526,10.);
#963=VECTOR('',#5529,10.);
#964=VECTOR('',#5530,10.);
#965=VECTOR('',#5531,10.);
#966=VECTOR('',#5534,10.);
#967=VECTOR('',#5535,10.);
#968=VECTOR('',#5540,10.);
#969=VECTOR('',#5541,10.);
#970=VECTOR('',#5542,10.);
#971=VECTOR('',#5543,10.);
#972=VECTOR('',#5546,10.);
#973=VECTOR('',#5547,10.);
#974=VECTOR('',#5548,10.);
#975=VECTOR('',#5549,10.);
#976=VECTOR('',#5552,10.);
#977=VECTOR('',#5553,10.);
#978=VECTOR('',#5554,10.);
#979=VECTOR('',#5557,10.);
#980=VECTOR('',#5558,10.);
#981=VECTOR('',#5563,10.);
#982=VECTOR('',#5564,10.);
#983=VECTOR('',#5565,10.);
#984=VECTOR('',#5566,10.);
#985=VECTOR('',#5569,10.);
#986=VECTOR('',#5570,10.);
#987=VECTOR('',#5571,10.);
#988=VECTOR('',#5572,10.);
#989=VECTOR('',#5575,10.);
#990=VECTOR('',#5576,10.);
#991=VECTOR('',#5577,10.);
#992=VECTOR('',#5580,10.);
#993=VECTOR('',#5581,10.);
#994=VECTOR('',#5600,4.);
#995=VECTOR('',#5605,10.);
#996=VECTOR('',#5606,10.);
#997=VECTOR('',#5609,10.);
#998=VECTOR('',#5612,10.);
#999=VECTOR('',#5615,10.);
#1000=VECTOR('',#5618,10.);
#1001=VECTOR('',#5621,10.);
#1002=VECTOR('',#5622,10.);
#1003=VECTOR('',#5623,10.);
#1004=VECTOR('',#5628,10.);
#1005=VECTOR('',#5633,10.);
#1006=VECTOR('',#5634,10.);
#1007=VECTOR('',#5635,10.);
#1008=VECTOR('',#5638,10.);
#1009=VECTOR('',#5641,10.);
#1010=VECTOR('',#5646,10.);
#1011=VECTOR('',#5649,10.);
#1012=VECTOR('',#5652,10.);
#1013=VECTOR('',#5655,10.);
#1014=VECTOR('',#5660,10.);
#1015=VECTOR('',#5661,10.);
#1016=VECTOR('',#5664,10.);
#1017=VECTOR('',#5667,10.);
#1018=VECTOR('',#5670,10.);
#1019=VECTOR('',#5671,10.);
#1020=VECTOR('',#5676,10.);
#1021=VECTOR('',#5679,10.);
#1022=VECTOR('',#5692,10.);
#1023=VECTOR('',#5693,10.);
#1024=VECTOR('',#5706,10.);
#1025=VECTOR('',#5707,10.);
#1026=VECTOR('',#5718,10.);
#1027=VECTOR('',#5723,10.);
#1028=VECTOR('',#5724,10.);
#1029=VECTOR('',#5727,10.);
#1030=VECTOR('',#5728,10.);
#1031=VECTOR('',#5731,10.);
#1032=VECTOR('',#5732,10.);
#1033=VECTOR('',#5735,10.);
#1034=VECTOR('',#5740,10.);
#1035=VECTOR('',#5741,10.);
#1036=VECTOR('',#5742,10.);
#1037=VECTOR('',#5745,1.5);
#1038=VECTOR('',#5748,10.);
#1039=VECTOR('',#5751,10.);
#1040=CYLINDRICAL_SURFACE('',#4535,7.);
#1041=CYLINDRICAL_SURFACE('',#4539,8.999);
#1042=CYLINDRICAL_SURFACE('',#4540,8.999);
#1043=CYLINDRICAL_SURFACE('',#4547,8.999);
#1044=CYLINDRICAL_SURFACE('',#4568,8.999);
#1045=CYLINDRICAL_SURFACE('',#4573,8.999);
#1046=CYLINDRICAL_SURFACE('',#4589,9.);
#1047=CYLINDRICAL_SURFACE('',#4594,9.);
#1048=CYLINDRICAL_SURFACE('',#4595,9.);
#1049=CYLINDRICAL_SURFACE('',#4596,9.);
#1050=CYLINDRICAL_SURFACE('',#4597,9.);
#1051=CYLINDRICAL_SURFACE('',#4598,9.);
#1052=CYLINDRICAL_SURFACE('',#4617,1.5);
#1053=CYLINDRICAL_SURFACE('',#4667,4.);
#1054=CYLINDRICAL_SURFACE('',#4674,3.);
#1055=CYLINDRICAL_SURFACE('',#4679,2.);
#1056=CYLINDRICAL_SURFACE('',#4685,3.);
#1057=CYLINDRICAL_SURFACE('',#4689,3.);
#1058=CYLINDRICAL_SURFACE('',#4693,2.);
#1059=CYLINDRICAL_SURFACE('',#4700,0.5);
#1060=CYLINDRICAL_SURFACE('',#4706,0.5);
#1061=CYLINDRICAL_SURFACE('',#4712,0.5);
#1062=CYLINDRICAL_SURFACE('',#4714,0.5);
#1063=CYLINDRICAL_SURFACE('',#4716,4.);
#1064=CYLINDRICAL_SURFACE('',#4718,1.5);
#1065=CYLINDRICAL_SURFACE('',#4725,4.);
#1066=CYLINDRICAL_SURFACE('',#4756,4.);
#1067=CYLINDRICAL_SURFACE('',#4758,3.);
#1068=CYLINDRICAL_SURFACE('',#4761,3.);
#1069=CYLINDRICAL_SURFACE('',#4765,2.);
#1070=CYLINDRICAL_SURFACE('',#4772,3.);
#1071=CYLINDRICAL_SURFACE('',#4776,3.);
#1072=CYLINDRICAL_SURFACE('',#4780,2.);
#1073=CYLINDRICAL_SURFACE('',#4788,0.5);
#1074=CYLINDRICAL_SURFACE('',#4794,0.5);
#1075=CYLINDRICAL_SURFACE('',#4800,0.5);
#1076=CYLINDRICAL_SURFACE('',#4802,0.5);
#1077=CYLINDRICAL_SURFACE('',#4803,0.5);
#1078=CYLINDRICAL_SURFACE('',#4805,4.);
#1079=CYLINDRICAL_SURFACE('',#4808,1.5);
#1080=CYLINDRICAL_SURFACE('',#4813,4.);
#1081=PLANE('',#4534);
#1082=PLANE('',#4538);
#1083=PLANE('',#4543);
#1084=PLANE('',#4545);
#1085=PLANE('',#4553);
#1086=PLANE('',#4555);
#1087=PLANE('',#4556);
#1088=PLANE('',#4558);
#1089=PLANE('',#4559);
#1090=PLANE('',#4561);
#1091=PLANE('',#4562);
#1092=PLANE('',#4564);
#1093=PLANE('',#4565);
#1094=PLANE('',#4567);
#1095=PLANE('',#4570);
#1096=PLANE('',#4571);
#1097=PLANE('',#4578);
#1098=PLANE('',#4580);
#1099=PLANE('',#4581);
#1100=PLANE('',#4583);
#1101=PLANE('',#4584);
#1102=PLANE('',#4586);
#1103=PLANE('',#4587);
#1104=PLANE('',#4599);
#1105=PLANE('',#4601);
#1106=PLANE('',#4602);
#1107=PLANE('',#4604);
#1108=PLANE('',#4610);
#1109=PLANE('',#4623);
#1110=PLANE('',#4632);
#1111=PLANE('',#4637);
#1112=PLANE('',#4638);
#1113=PLANE('',#4639);
#1114=PLANE('',#4640);
#1115=PLANE('',#4641);
#1116=PLANE('',#4642);
#1117=PLANE('',#4643);
#1118=PLANE('',#4644);
#1119=PLANE('',#4645);
#1120=PLANE('',#4646);
#1121=PLANE('',#4647);
#1122=PLANE('',#4648);
#1123=PLANE('',#4649);
#1124=PLANE('',#4650);
#1125=PLANE('',#4651);
#1126=PLANE('',#4652);
#1127=PLANE('',#4653);
#1128=PLANE('',#4654);
#1129=PLANE('',#4655);
#1130=PLANE('',#4656);
#1131=PLANE('',#4657);
#1132=PLANE('',#4658);
#1133=PLANE('',#4659);
#1134=PLANE('',#4660);
#1135=PLANE('',#4661);
#1136=PLANE('',#4669);
#1137=PLANE('',#4677);
#1138=PLANE('',#4681);
#1139=PLANE('',#4682);
#1140=PLANE('',#4683);
#1141=PLANE('',#4684);
#1142=PLANE('',#4687);
#1143=PLANE('',#4691);
#1144=PLANE('',#4694);
#1145=PLANE('',#4695);
#1146=PLANE('',#4715);
#1147=PLANE('',#4717);
#1148=PLANE('',#4719);
#1149=PLANE('',#4720);
#1150=PLANE('',#4721);
#1151=PLANE('',#4722);
#1152=PLANE('',#4726);
#1153=PLANE('',#4727);
#1154=PLANE('',#4728);
#1155=PLANE('',#4729);
#1156=PLANE('',#4730);
#1157=PLANE('',#4731);
#1158=PLANE('',#4732);
#1159=PLANE('',#4733);
#1160=PLANE('',#4734);
#1161=PLANE('',#4735);
#1162=PLANE('',#4736);
#1163=PLANE('',#4737);
#1164=PLANE('',#4738);
#1165=PLANE('',#4739);
#1166=PLANE('',#4740);
#1167=PLANE('',#4741);
#1168=PLANE('',#4742);
#1169=PLANE('',#4743);
#1170=PLANE('',#4744);
#1171=PLANE('',#4745);
#1172=PLANE('',#4746);
#1173=PLANE('',#4747);
#1174=PLANE('',#4748);
#1175=PLANE('',#4749);
#1176=PLANE('',#4750);
#1177=PLANE('',#4760);
#1178=PLANE('',#4763);
#1179=PLANE('',#4764);
#1180=PLANE('',#4768);
#1181=PLANE('',#4769);
#1182=PLANE('',#4770);
#1183=PLANE('',#4771);
#1184=PLANE('',#4774);
#1185=PLANE('',#4778);
#1186=PLANE('',#4781);
#1187=PLANE('',#4782);
#1188=PLANE('',#4783);
#1189=PLANE('',#4804);
#1190=PLANE('',#4806);
#1191=PLANE('',#4807);
#1192=PLANE('',#4809);
#1193=PLANE('',#4810);
#1194=PLANE('',#4811);
#1195=PLANE('',#4812);
#1196=FACE_OUTER_BOUND('',#1429,.T.);
#1197=FACE_OUTER_BOUND('',#1430,.T.);
#1198=FACE_OUTER_BOUND('',#1431,.T.);
#1199=FACE_OUTER_BOUND('',#1432,.T.);
#1200=FACE_OUTER_BOUND('',#1434,.T.);
#1201=FACE_OUTER_BOUND('',#1435,.T.);
#1202=FACE_OUTER_BOUND('',#1436,.T.);
#1203=FACE_OUTER_BOUND('',#1437,.T.);
#1204=FACE_OUTER_BOUND('',#1438,.T.);
#1205=FACE_OUTER_BOUND('',#1439,.T.);
#1206=FACE_OUTER_BOUND('',#1440,.T.);
#1207=FACE_OUTER_BOUND('',#1441,.T.);
#1208=FACE_OUTER_BOUND('',#1442,.T.);
#1209=FACE_OUTER_BOUND('',#1444,.T.);
#1210=FACE_OUTER_BOUND('',#1445,.T.);
#1211=FACE_OUTER_BOUND('',#1446,.T.);
#1212=FACE_OUTER_BOUND('',#1447,.T.);
#1213=FACE_OUTER_BOUND('',#1448,.T.);
#1214=FACE_OUTER_BOUND('',#1449,.T.);
#1215=FACE_OUTER_BOUND('',#1450,.T.);
#1216=FACE_OUTER_BOUND('',#1451,.T.);
#1217=FACE_OUTER_BOUND('',#1452,.T.);
#1218=FACE_OUTER_BOUND('',#1453,.T.);
#1219=FACE_OUTER_BOUND('',#1454,.T.);
#1220=FACE_OUTER_BOUND('',#1455,.T.);
#1221=FACE_OUTER_BOUND('',#1456,.T.);
#1222=FACE_OUTER_BOUND('',#1457,.T.);
#1223=FACE_OUTER_BOUND('',#1458,.T.);
#1224=FACE_OUTER_BOUND('',#1461,.T.);
#1225=FACE_OUTER_BOUND('',#1462,.T.);
#1226=FACE_OUTER_BOUND('',#1463,.T.);
#1227=FACE_OUTER_BOUND('',#1464,.T.);
#1228=FACE_OUTER_BOUND('',#1465,.T.);
#1229=FACE_OUTER_BOUND('',#1466,.T.);
#1230=FACE_OUTER_BOUND('',#1467,.T.);
#1231=FACE_OUTER_BOUND('',#1468,.T.);
#1232=FACE_OUTER_BOUND('',#1469,.T.);
#1233=FACE_OUTER_BOUND('',#1470,.T.);
#1234=FACE_OUTER_BOUND('',#1471,.T.);
#1235=FACE_OUTER_BOUND('',#1472,.T.);
#1236=FACE_OUTER_BOUND('',#1473,.T.);
#1237=FACE_OUTER_BOUND('',#1474,.T.);
#1238=FACE_OUTER_BOUND('',#1475,.T.);
#1239=FACE_OUTER_BOUND('',#1476,.T.);
#1240=FACE_OUTER_BOUND('',#1477,.T.);
#1241=FACE_OUTER_BOUND('',#1478,.T.);
#1242=FACE_OUTER_BOUND('',#1479,.T.);
#1243=FACE_OUTER_BOUND('',#1480,.T.);
#1244=FACE_OUTER_BOUND('',#1481,.T.);
#1245=FACE_OUTER_BOUND('',#1482,.T.);
#1246=FACE_OUTER_BOUND('',#1483,.T.);
#1247=FACE_OUTER_BOUND('',#1484,.T.);
#1248=FACE_OUTER_BOUND('',#1485,.T.);
#1249=FACE_OUTER_BOUND('',#1486,.T.);
#1250=FACE_OUTER_BOUND('',#1487,.T.);
#1251=FACE_OUTER_BOUND('',#1488,.T.);
#1252=FACE_OUTER_BOUND('',#1489,.T.);
#1253=FACE_OUTER_BOUND('',#1490,.T.);
#1254=FACE_OUTER_BOUND('',#1491,.T.);
#1255=FACE_OUTER_BOUND('',#1493,.T.);
#1256=FACE_OUTER_BOUND('',#1494,.T.);
#1257=FACE_OUTER_BOUND('',#1495,.T.);
#1258=FACE_OUTER_BOUND('',#1496,.T.);
#1259=FACE_OUTER_BOUND('',#1497,.T.);
#1260=FACE_OUTER_BOUND('',#1498,.T.);
#1261=FACE_OUTER_BOUND('',#1499,.T.);
#1262=FACE_OUTER_BOUND('',#1500,.T.);
#1263=FACE_OUTER_BOUND('',#1501,.T.);
#1264=FACE_OUTER_BOUND('',#1502,.T.);
#1265=FACE_OUTER_BOUND('',#1503,.T.);
#1266=FACE_OUTER_BOUND('',#1504,.T.);
#1267=FACE_OUTER_BOUND('',#1505,.T.);
#1268=FACE_OUTER_BOUND('',#1506,.T.);
#1269=FACE_OUTER_BOUND('',#1507,.T.);
#1270=FACE_OUTER_BOUND('',#1508,.T.);
#1271=FACE_OUTER_BOUND('',#1509,.T.);
#1272=FACE_OUTER_BOUND('',#1510,.T.);
#1273=FACE_OUTER_BOUND('',#1511,.T.);
#1274=FACE_OUTER_BOUND('',#1512,.T.);
#1275=FACE_OUTER_BOUND('',#1513,.T.);
#1276=FACE_OUTER_BOUND('',#1514,.T.);
#1277=FACE_OUTER_BOUND('',#1515,.T.);
#1278=FACE_OUTER_BOUND('',#1516,.T.);
#1279=FACE_OUTER_BOUND('',#1517,.T.);
#1280=FACE_OUTER_BOUND('',#1518,.T.);
#1281=FACE_OUTER_BOUND('',#1519,.T.);
#1282=FACE_OUTER_BOUND('',#1520,.T.);
#1283=FACE_OUTER_BOUND('',#1521,.T.);
#1284=FACE_OUTER_BOUND('',#1522,.T.);
#1285=FACE_OUTER_BOUND('',#1523,.T.);
#1286=FACE_OUTER_BOUND('',#1524,.T.);
#1287=FACE_OUTER_BOUND('',#1525,.T.);
#1288=FACE_OUTER_BOUND('',#1526,.T.);
#1289=FACE_OUTER_BOUND('',#1527,.T.);
#1290=FACE_OUTER_BOUND('',#1528,.T.);
#1291=FACE_OUTER_BOUND('',#1534,.T.);
#1292=FACE_OUTER_BOUND('',#1535,.T.);
#1293=FACE_OUTER_BOUND('',#1536,.T.);
#1294=FACE_OUTER_BOUND('',#1537,.T.);
#1295=FACE_OUTER_BOUND('',#1538,.T.);
#1296=FACE_OUTER_BOUND('',#1539,.T.);
#1297=FACE_OUTER_BOUND('',#1541,.T.);
#1298=FACE_OUTER_BOUND('',#1543,.T.);
#1299=FACE_OUTER_BOUND('',#1544,.T.);
#1300=FACE_OUTER_BOUND('',#1547,.T.);
#1301=FACE_OUTER_BOUND('',#1548,.T.);
#1302=FACE_OUTER_BOUND('',#1550,.T.);
#1303=FACE_OUTER_BOUND('',#1551,.T.);
#1304=FACE_OUTER_BOUND('',#1552,.T.);
#1305=FACE_OUTER_BOUND('',#1553,.T.);
#1306=FACE_OUTER_BOUND('',#1555,.T.);
#1307=FACE_OUTER_BOUND('',#1556,.T.);
#1308=FACE_OUTER_BOUND('',#1557,.T.);
#1309=FACE_OUTER_BOUND('',#1559,.T.);
#1310=FACE_OUTER_BOUND('',#1560,.T.);
#1311=FACE_OUTER_BOUND('',#1561,.T.);
#1312=FACE_OUTER_BOUND('',#1562,.T.);
#1313=FACE_OUTER_BOUND('',#1563,.T.);
#1314=FACE_OUTER_BOUND('',#1564,.T.);
#1315=FACE_OUTER_BOUND('',#1565,.T.);
#1316=FACE_OUTER_BOUND('',#1566,.T.);
#1317=FACE_OUTER_BOUND('',#1567,.T.);
#1318=FACE_OUTER_BOUND('',#1568,.T.);
#1319=FACE_OUTER_BOUND('',#1569,.T.);
#1320=FACE_OUTER_BOUND('',#1570,.T.);
#1321=FACE_OUTER_BOUND('',#1571,.T.);
#1322=FACE_OUTER_BOUND('',#1572,.T.);
#1323=FACE_OUTER_BOUND('',#1573,.T.);
#1324=FACE_OUTER_BOUND('',#1574,.T.);
#1325=FACE_OUTER_BOUND('',#1575,.T.);
#1326=FACE_OUTER_BOUND('',#1576,.T.);
#1327=FACE_OUTER_BOUND('',#1577,.T.);
#1328=FACE_OUTER_BOUND('',#1578,.T.);
#1329=FACE_OUTER_BOUND('',#1579,.T.);
#1330=FACE_OUTER_BOUND('',#1580,.T.);
#1331=FACE_OUTER_BOUND('',#1581,.T.);
#1332=FACE_OUTER_BOUND('',#1582,.T.);
#1333=FACE_OUTER_BOUND('',#1583,.T.);
#1334=FACE_OUTER_BOUND('',#1584,.T.);
#1335=FACE_OUTER_BOUND('',#1586,.T.);
#1336=FACE_OUTER_BOUND('',#1587,.T.);
#1337=FACE_OUTER_BOUND('',#1588,.T.);
#1338=FACE_OUTER_BOUND('',#1589,.T.);
#1339=FACE_OUTER_BOUND('',#1590,.T.);
#1340=FACE_OUTER_BOUND('',#1591,.T.);
#1341=FACE_OUTER_BOUND('',#1592,.T.);
#1342=FACE_OUTER_BOUND('',#1593,.T.);
#1343=FACE_OUTER_BOUND('',#1594,.T.);
#1344=FACE_OUTER_BOUND('',#1595,.T.);
#1345=FACE_OUTER_BOUND('',#1596,.T.);
#1346=FACE_OUTER_BOUND('',#1597,.T.);
#1347=FACE_OUTER_BOUND('',#1598,.T.);
#1348=FACE_OUTER_BOUND('',#1599,.T.);
#1349=FACE_OUTER_BOUND('',#1600,.T.);
#1350=FACE_OUTER_BOUND('',#1601,.T.);
#1351=FACE_OUTER_BOUND('',#1602,.T.);
#1352=FACE_OUTER_BOUND('',#1603,.T.);
#1353=FACE_OUTER_BOUND('',#1604,.T.);
#1354=FACE_OUTER_BOUND('',#1605,.T.);
#1355=FACE_OUTER_BOUND('',#1606,.T.);
#1356=FACE_OUTER_BOUND('',#1607,.T.);
#1357=FACE_OUTER_BOUND('',#1608,.T.);
#1358=FACE_OUTER_BOUND('',#1609,.T.);
#1359=FACE_OUTER_BOUND('',#1610,.T.);
#1360=FACE_OUTER_BOUND('',#1611,.T.);
#1361=FACE_OUTER_BOUND('',#1614,.T.);
#1362=FACE_OUTER_BOUND('',#1615,.T.);
#1363=FACE_OUTER_BOUND('',#1616,.T.);
#1364=FACE_OUTER_BOUND('',#1617,.T.);
#1365=FACE_OUTER_BOUND('',#1618,.T.);
#1366=FACE_OUTER_BOUND('',#1619,.T.);
#1367=FACE_OUTER_BOUND('',#1620,.T.);
#1368=FACE_OUTER_BOUND('',#1621,.T.);
#1369=FACE_OUTER_BOUND('',#1622,.T.);
#1370=FACE_OUTER_BOUND('',#1623,.T.);
#1371=FACE_OUTER_BOUND('',#1624,.T.);
#1372=FACE_OUTER_BOUND('',#1625,.T.);
#1373=FACE_OUTER_BOUND('',#1626,.T.);
#1374=FACE_OUTER_BOUND('',#1627,.T.);
#1375=FACE_OUTER_BOUND('',#1628,.T.);
#1376=FACE_OUTER_BOUND('',#1629,.T.);
#1377=FACE_OUTER_BOUND('',#1630,.T.);
#1378=FACE_OUTER_BOUND('',#1631,.T.);
#1379=FACE_OUTER_BOUND('',#1632,.T.);
#1380=FACE_OUTER_BOUND('',#1633,.T.);
#1381=FACE_OUTER_BOUND('',#1634,.T.);
#1382=FACE_OUTER_BOUND('',#1635,.T.);
#1383=FACE_OUTER_BOUND('',#1636,.T.);
#1384=FACE_OUTER_BOUND('',#1637,.T.);
#1385=FACE_OUTER_BOUND('',#1638,.T.);
#1386=FACE_OUTER_BOUND('',#1639,.T.);
#1387=FACE_OUTER_BOUND('',#1640,.T.);
#1388=FACE_OUTER_BOUND('',#1641,.T.);
#1389=FACE_OUTER_BOUND('',#1642,.T.);
#1390=FACE_OUTER_BOUND('',#1643,.T.);
#1391=FACE_OUTER_BOUND('',#1644,.T.);
#1392=FACE_OUTER_BOUND('',#1646,.T.);
#1393=FACE_OUTER_BOUND('',#1647,.T.);
#1394=FACE_OUTER_BOUND('',#1648,.T.);
#1395=FACE_OUTER_BOUND('',#1649,.T.);
#1396=FACE_OUTER_BOUND('',#1650,.T.);
#1397=FACE_OUTER_BOUND('',#1651,.T.);
#1398=FACE_OUTER_BOUND('',#1652,.T.);
#1399=FACE_OUTER_BOUND('',#1653,.T.);
#1400=FACE_OUTER_BOUND('',#1654,.T.);
#1401=FACE_OUTER_BOUND('',#1655,.T.);
#1402=FACE_OUTER_BOUND('',#1656,.T.);
#1403=FACE_OUTER_BOUND('',#1657,.T.);
#1404=FACE_OUTER_BOUND('',#1658,.T.);
#1405=FACE_OUTER_BOUND('',#1659,.T.);
#1406=FACE_OUTER_BOUND('',#1660,.T.);
#1407=FACE_OUTER_BOUND('',#1661,.T.);
#1408=FACE_OUTER_BOUND('',#1662,.T.);
#1409=FACE_OUTER_BOUND('',#1663,.T.);
#1410=FACE_OUTER_BOUND('',#1664,.T.);
#1411=FACE_OUTER_BOUND('',#1665,.T.);
#1412=FACE_OUTER_BOUND('',#1666,.T.);
#1413=FACE_OUTER_BOUND('',#1667,.T.);
#1414=FACE_OUTER_BOUND('',#1668,.T.);
#1415=FACE_OUTER_BOUND('',#1669,.T.);
#1416=FACE_OUTER_BOUND('',#1670,.T.);
#1417=FACE_OUTER_BOUND('',#1671,.T.);
#1418=FACE_OUTER_BOUND('',#1672,.T.);
#1419=FACE_OUTER_BOUND('',#1673,.T.);
#1420=FACE_OUTER_BOUND('',#1674,.T.);
#1421=FACE_OUTER_BOUND('',#1675,.T.);
#1422=FACE_OUTER_BOUND('',#1676,.T.);
#1423=FACE_OUTER_BOUND('',#1679,.T.);
#1424=FACE_OUTER_BOUND('',#1680,.T.);
#1425=FACE_OUTER_BOUND('',#1681,.T.);
#1426=FACE_OUTER_BOUND('',#1682,.T.);
#1427=FACE_OUTER_BOUND('',#1683,.T.);
#1428=FACE_OUTER_BOUND('',#1687,.T.);
#1429=EDGE_LOOP('',(#2963,#2964,#2965,#2966,#2967));
#1430=EDGE_LOOP('',(#2968,#2969));
#1431=EDGE_LOOP('',(#2970,#2971,#2972,#2973));
#1432=EDGE_LOOP('',(#2974));
#1433=EDGE_LOOP('',(#2975));
#1434=EDGE_LOOP('',(#2976,#2977,#2978,#2979));
#1435=EDGE_LOOP('',(#2980,#2981,#2982,#2983));
#1436=EDGE_LOOP('',(#2984,#2985,#2986,#2987));
#1437=EDGE_LOOP('',(#2988,#2989,#2990,#2991));
#1438=EDGE_LOOP('',(#2992,#2993,#2994,#2995));
#1439=EDGE_LOOP('',(#2996,#2997,#2998,#2999));
#1440=EDGE_LOOP('',(#3000,#3001,#3002,#3003));
#1441=EDGE_LOOP('',(#3004,#3005,#3006,#3007));
#1442=EDGE_LOOP('',(#3008,#3009,#3010,#3011));
#1443=EDGE_LOOP('',(#3012,#3013,#3014,#3015,#3016,#3017,#3018,#3019));
#1444=EDGE_LOOP('',(#3020,#3021,#3022,#3023));
#1445=EDGE_LOOP('',(#3024,#3025,#3026,#3027));
#1446=EDGE_LOOP('',(#3028,#3029,#3030,#3031));
#1447=EDGE_LOOP('',(#3032,#3033,#3034,#3035));
#1448=EDGE_LOOP('',(#3036,#3037,#3038,#3039));
#1449=EDGE_LOOP('',(#3040,#3041,#3042,#3043));
#1450=EDGE_LOOP('',(#3044,#3045,#3046,#3047));
#1451=EDGE_LOOP('',(#3048,#3049,#3050,#3051));
#1452=EDGE_LOOP('',(#3052,#3053,#3054,#3055));
#1453=EDGE_LOOP('',(#3056,#3057,#3058,#3059));
#1454=EDGE_LOOP('',(#3060,#3061,#3062,#3063));
#1455=EDGE_LOOP('',(#3064,#3065,#3066,#3067));
#1456=EDGE_LOOP('',(#3068,#3069,#3070,#3071));
#1457=EDGE_LOOP('',(#3072,#3073,#3074,#3075));
#1458=EDGE_LOOP('',(#3076,#3077,#3078,#3079,#3080,#3081,#3082,#3083,#3084,
#3085,#3086));
#1459=EDGE_LOOP('',(#3087,#3088,#3089,#3090,#3091));
#1460=EDGE_LOOP('',(#3092,#3093,#3094,#3095,#3096));
#1461=EDGE_LOOP('',(#3097,#3098,#3099,#3100));
#1462=EDGE_LOOP('',(#3101,#3102,#3103,#3104));
#1463=EDGE_LOOP('',(#3105,#3106,#3107,#3108));
#1464=EDGE_LOOP('',(#3109,#3110,#3111,#3112));
#1465=EDGE_LOOP('',(#3113,#3114,#3115,#3116));
#1466=EDGE_LOOP('',(#3117,#3118,#3119,#3120));
#1467=EDGE_LOOP('',(#3121,#3122,#3123,#3124));
#1468=EDGE_LOOP('',(#3125,#3126,#3127,#3128));
#1469=EDGE_LOOP('',(#3129,#3130,#3131,#3132));
#1470=EDGE_LOOP('',(#3133,#3134,#3135,#3136));
#1471=EDGE_LOOP('',(#3137,#3138,#3139,#3140));
#1472=EDGE_LOOP('',(#3141,#3142,#3143,#3144,#3145,#3146,#3147,#3148,#3149,
#3150,#3151));
#1473=EDGE_LOOP('',(#3152,#3153,#3154,#3155));
#1474=EDGE_LOOP('',(#3156,#3157,#3158,#3159));
#1475=EDGE_LOOP('',(#3160,#3161,#3162,#3163));
#1476=EDGE_LOOP('',(#3164,#3165,#3166,#3167));
#1477=EDGE_LOOP('',(#3168,#3169,#3170,#3171));
#1478=EDGE_LOOP('',(#3172,#3173,#3174,#3175));
#1479=EDGE_LOOP('',(#3176,#3177,#3178,#3179));
#1480=EDGE_LOOP('',(#3180,#3181,#3182,#3183));
#1481=EDGE_LOOP('',(#3184,#3185,#3186,#3187));
#1482=EDGE_LOOP('',(#3188,#3189,#3190,#3191));
#1483=EDGE_LOOP('',(#3192,#3193,#3194,#3195));
#1484=EDGE_LOOP('',(#3196,#3197,#3198,#3199));
#1485=EDGE_LOOP('',(#3200,#3201,#3202,#3203));
#1486=EDGE_LOOP('',(#3204,#3205,#3206,#3207));
#1487=EDGE_LOOP('',(#3208,#3209,#3210,#3211));
#1488=EDGE_LOOP('',(#3212,#3213,#3214,#3215));
#1489=EDGE_LOOP('',(#3216,#3217,#3218,#3219));
#1490=EDGE_LOOP('',(#3220,#3221,#3222,#3223));
#1491=EDGE_LOOP('',(#3224,#3225,#3226,#3227,#3228,#3229,#3230,#3231,#3232,
#3233,#3234,#3235,#3236,#3237));
#1492=EDGE_LOOP('',(#3238,#3239,#3240,#3241,#3242,#3243,#3244));
#1493=EDGE_LOOP('',(#3245,#3246,#3247,#3248));
#1494=EDGE_LOOP('',(#3249,#3250,#3251,#3252));
#1495=EDGE_LOOP('',(#3253,#3254,#3255,#3256));
#1496=EDGE_LOOP('',(#3257,#3258,#3259,#3260));
#1497=EDGE_LOOP('',(#3261,#3262,#3263,#3264));
#1498=EDGE_LOOP('',(#3265,#3266,#3267,#3268));
#1499=EDGE_LOOP('',(#3269,#3270,#3271,#3272));
#1500=EDGE_LOOP('',(#3273,#3274,#3275,#3276));
#1501=EDGE_LOOP('',(#3277,#3278,#3279,#3280));
#1502=EDGE_LOOP('',(#3281,#3282,#3283,#3284));
#1503=EDGE_LOOP('',(#3285,#3286,#3287,#3288));
#1504=EDGE_LOOP('',(#3289,#3290,#3291,#3292));
#1505=EDGE_LOOP('',(#3293,#3294,#3295,#3296));
#1506=EDGE_LOOP('',(#3297,#3298,#3299,#3300));
#1507=EDGE_LOOP('',(#3301,#3302,#3303,#3304,#3305,#3306,#3307,#3308,#3309,
#3310,#3311,#3312,#3313,#3314,#3315,#3316,#3317,#3318,#3319,#3320));
#1508=EDGE_LOOP('',(#3321,#3322,#3323,#3324));
#1509=EDGE_LOOP('',(#3325,#3326,#3327,#3328));
#1510=EDGE_LOOP('',(#3329,#3330,#3331,#3332));
#1511=EDGE_LOOP('',(#3333,#3334,#3335,#3336));
#1512=EDGE_LOOP('',(#3337,#3338,#3339,#3340));
#1513=EDGE_LOOP('',(#3341,#3342,#3343,#3344));
#1514=EDGE_LOOP('',(#3345,#3346,#3347,#3348));
#1515=EDGE_LOOP('',(#3349,#3350,#3351,#3352));
#1516=EDGE_LOOP('',(#3353,#3354,#3355,#3356));
#1517=EDGE_LOOP('',(#3357,#3358,#3359,#3360));
#1518=EDGE_LOOP('',(#3361,#3362,#3363,#3364));
#1519=EDGE_LOOP('',(#3365,#3366,#3367,#3368));
#1520=EDGE_LOOP('',(#3369,#3370,#3371,#3372));
#1521=EDGE_LOOP('',(#3373,#3374,#3375,#3376));
#1522=EDGE_LOOP('',(#3377,#3378,#3379,#3380));
#1523=EDGE_LOOP('',(#3381,#3382,#3383,#3384));
#1524=EDGE_LOOP('',(#3385,#3386,#3387,#3388));
#1525=EDGE_LOOP('',(#3389,#3390,#3391,#3392));
#1526=EDGE_LOOP('',(#3393,#3394,#3395,#3396));
#1527=EDGE_LOOP('',(#3397,#3398,#3399,#3400));
#1528=EDGE_LOOP('',(#3401,#3402,#3403,#3404,#3405,#3406,#3407,#3408));
#1529=EDGE_LOOP('',(#3409,#3410,#3411,#3412));
#1530=EDGE_LOOP('',(#3413,#3414,#3415,#3416,#3417,#3418,#3419,#3420,#3421,
#3422,#3423));
#1531=EDGE_LOOP('',(#3424,#3425,#3426,#3427,#3428,#3429,#3430,#3431,#3432,
#3433,#3434));
#1532=EDGE_LOOP('',(#3435,#3436,#3437,#3438,#3439,#3440,#3441,#3442,#3443,
#3444,#3445,#3446,#3447,#3448));
#1533=EDGE_LOOP('',(#3449,#3450,#3451,#3452,#3453,#3454,#3455,#3456,#3457,
#3458,#3459,#3460,#3461,#3462,#3463,#3464,#3465,#3466,#3467,#3468));
#1534=EDGE_LOOP('',(#3469,#3470,#3471,#3472,#3473,#3474,#3475));
#1535=EDGE_LOOP('',(#3476,#3477,#3478,#3479,#3480));
#1536=EDGE_LOOP('',(#3481,#3482,#3483,#3484,#3485));
#1537=EDGE_LOOP('',(#3486,#3487));
#1538=EDGE_LOOP('',(#3488,#3489,#3490,#3491,#3492,#3493,#3494,#3495));
#1539=EDGE_LOOP('',(#3496));
#1540=EDGE_LOOP('',(#3497));
#1541=EDGE_LOOP('',(#3498,#3499,#3500));
#1542=EDGE_LOOP('',(#3501));
#1543=EDGE_LOOP('',(#3502));
#1544=EDGE_LOOP('',(#3503,#3504,#3505,#3506,#3507,#3508,#3509,#3510,#3511,
#3512,#3513,#3514));
#1545=EDGE_LOOP('',(#3515,#3516,#3517,#3518,#3519,#3520,#3521,#3522));
#1546=EDGE_LOOP('',(#3523,#3524,#3525,#3526));
#1547=EDGE_LOOP('',(#3527,#3528,#3529,#3530,#3531));
#1548=EDGE_LOOP('',(#3532,#3533,#3534,#3535,#3536,#3537,#3538,#3539,#3540,
#3541,#3542,#3543));
#1549=EDGE_LOOP('',(#3544));
#1550=EDGE_LOOP('',(#3545,#3546,#3547,#3548,#3549,#3550));
#1551=EDGE_LOOP('',(#3551,#3552,#3553,#3554,#3555));
#1552=EDGE_LOOP('',(#3556,#3557,#3558,#3559));
#1553=EDGE_LOOP('',(#3560));
#1554=EDGE_LOOP('',(#3561));
#1555=EDGE_LOOP('',(#3562,#3563,#3564,#3565));
#1556=EDGE_LOOP('',(#3566,#3567,#3568,#3569,#3570));
#1557=EDGE_LOOP('',(#3571,#3572,#3573,#3574,#3575,#3576,#3577,#3578,#3579,
#3580,#3581,#3582));
#1558=EDGE_LOOP('',(#3583));
#1559=EDGE_LOOP('',(#3584,#3585,#3586,#3587,#3588));
#1560=EDGE_LOOP('',(#3589,#3590,#3591,#3592));
#1561=EDGE_LOOP('',(#3593,#3594,#3595,#3596));
#1562=EDGE_LOOP('',(#3597,#3598,#3599,#3600));
#1563=EDGE_LOOP('',(#3601,#3602,#3603,#3604));
#1564=EDGE_LOOP('',(#3605,#3606,#3607,#3608));
#1565=EDGE_LOOP('',(#3609,#3610,#3611,#3612,#3613));
#1566=EDGE_LOOP('',(#3614,#3615,#3616,#3617));
#1567=EDGE_LOOP('',(#3618,#3619,#3620,#3621));
#1568=EDGE_LOOP('',(#3622,#3623,#3624,#3625));
#1569=EDGE_LOOP('',(#3626,#3627,#3628,#3629));
#1570=EDGE_LOOP('',(#3630,#3631,#3632,#3633,#3634));
#1571=EDGE_LOOP('',(#3635,#3636,#3637,#3638));
#1572=EDGE_LOOP('',(#3639,#3640,#3641,#3642));
#1573=EDGE_LOOP('',(#3643,#3644,#3645,#3646));
#1574=EDGE_LOOP('',(#3647,#3648,#3649,#3650));
#1575=EDGE_LOOP('',(#3651,#3652,#3653,#3654,#3655));
#1576=EDGE_LOOP('',(#3656,#3657,#3658,#3659));
#1577=EDGE_LOOP('',(#3660,#3661,#3662,#3663));
#1578=EDGE_LOOP('',(#3664,#3665,#3666,#3667));
#1579=EDGE_LOOP('',(#3668,#3669,#3670,#3671));
#1580=EDGE_LOOP('',(#3672,#3673,#3674,#3675,#3676));
#1581=EDGE_LOOP('',(#3677,#3678,#3679,#3680));
#1582=EDGE_LOOP('',(#3681,#3682,#3683,#3684));
#1583=EDGE_LOOP('',(#3685,#3686,#3687,#3688));
#1584=EDGE_LOOP('',(#3689));
#1585=EDGE_LOOP('',(#3690,#3691,#3692,#3693,#3694,#3695,#3696,#3697,#3698,
#3699,#3700,#3701,#3702,#3703,#3704,#3705,#3706,#3707,#3708,#3709,#3710,
#3711,#3712,#3713));
#1586=EDGE_LOOP('',(#3714,#3715,#3716,#3717));
#1587=EDGE_LOOP('',(#3718,#3719,#3720,#3721,#3722,#3723,#3724,#3725,#3726,
#3727,#3728,#3729,#3730,#3731,#3732,#3733));
#1588=EDGE_LOOP('',(#3734,#3735,#3736,#3737));
#1589=EDGE_LOOP('',(#3738,#3739,#3740,#3741,#3742));
#1590=EDGE_LOOP('',(#3743,#3744,#3745,#3746));
#1591=EDGE_LOOP('',(#3747,#3748,#3749,#3750));
#1592=EDGE_LOOP('',(#3751,#3752,#3753,#3754,#3755));
#1593=EDGE_LOOP('',(#3756,#3757,#3758,#3759));
#1594=EDGE_LOOP('',(#3760,#3761,#3762,#3763));
#1595=EDGE_LOOP('',(#3764,#3765,#3766,#3767));
#1596=EDGE_LOOP('',(#3768,#3769,#3770,#3771,#3772));
#1597=EDGE_LOOP('',(#3773,#3774,#3775,#3776));
#1598=EDGE_LOOP('',(#3777,#3778,#3779,#3780,#3781));
#1599=EDGE_LOOP('',(#3782,#3783,#3784,#3785));
#1600=EDGE_LOOP('',(#3786,#3787,#3788,#3789));
#1601=EDGE_LOOP('',(#3790,#3791,#3792,#3793));
#1602=EDGE_LOOP('',(#3794,#3795,#3796));
#1603=EDGE_LOOP('',(#3797,#3798,#3799,#3800));
#1604=EDGE_LOOP('',(#3801,#3802,#3803,#3804));
#1605=EDGE_LOOP('',(#3805,#3806,#3807,#3808));
#1606=EDGE_LOOP('',(#3809,#3810,#3811,#3812));
#1607=EDGE_LOOP('',(#3813,#3814,#3815,#3816));
#1608=EDGE_LOOP('',(#3817,#3818,#3819,#3820));
#1609=EDGE_LOOP('',(#3821,#3822,#3823,#3824));
#1610=EDGE_LOOP('',(#3825,#3826,#3827,#3828));
#1611=EDGE_LOOP('',(#3829,#3830,#3831,#3832,#3833,#3834));
#1612=EDGE_LOOP('',(#3835));
#1613=EDGE_LOOP('',(#3836,#3837,#3838,#3839));
#1614=EDGE_LOOP('',(#3840,#3841,#3842,#3843,#3844,#3845,#3846,#3847));
#1615=EDGE_LOOP('',(#3848,#3849,#3850,#3851));
#1616=EDGE_LOOP('',(#3852,#3853,#3854,#3855));
#1617=EDGE_LOOP('',(#3856,#3857,#3858,#3859,#3860));
#1618=EDGE_LOOP('',(#3861,#3862,#3863,#3864,#3865,#3866,#3867,#3868,#3869,
#3870,#3871,#3872,#3873,#3874,#3875,#3876,#3877,#3878,#3879));
#1619=EDGE_LOOP('',(#3880,#3881,#3882,#3883));
#1620=EDGE_LOOP('',(#3884,#3885,#3886,#3887));
#1621=EDGE_LOOP('',(#3888,#3889,#3890,#3891));
#1622=EDGE_LOOP('',(#3892,#3893,#3894,#3895,#3896,#3897));
#1623=EDGE_LOOP('',(#3898,#3899,#3900,#3901));
#1624=EDGE_LOOP('',(#3902,#3903,#3904,#3905));
#1625=EDGE_LOOP('',(#3906,#3907,#3908,#3909,#3910));
#1626=EDGE_LOOP('',(#3911,#3912,#3913,#3914));
#1627=EDGE_LOOP('',(#3915,#3916,#3917,#3918));
#1628=EDGE_LOOP('',(#3919,#3920,#3921,#3922));
#1629=EDGE_LOOP('',(#3923,#3924,#3925,#3926));
#1630=EDGE_LOOP('',(#3927,#3928,#3929,#3930,#3931));
#1631=EDGE_LOOP('',(#3932,#3933,#3934,#3935));
#1632=EDGE_LOOP('',(#3936,#3937,#3938,#3939));
#1633=EDGE_LOOP('',(#3940,#3941,#3942,#3943));
#1634=EDGE_LOOP('',(#3944,#3945,#3946,#3947));
#1635=EDGE_LOOP('',(#3948,#3949,#3950,#3951,#3952));
#1636=EDGE_LOOP('',(#3953,#3954,#3955,#3956));
#1637=EDGE_LOOP('',(#3957,#3958,#3959,#3960));
#1638=EDGE_LOOP('',(#3961,#3962,#3963,#3964));
#1639=EDGE_LOOP('',(#3965,#3966,#3967,#3968));
#1640=EDGE_LOOP('',(#3969,#3970,#3971,#3972,#3973));
#1641=EDGE_LOOP('',(#3974,#3975,#3976,#3977));
#1642=EDGE_LOOP('',(#3978,#3979,#3980,#3981));
#1643=EDGE_LOOP('',(#3982,#3983,#3984,#3985));
#1644=EDGE_LOOP('',(#3986));
#1645=EDGE_LOOP('',(#3987,#3988,#3989,#3990,#3991,#3992,#3993,#3994,#3995,
#3996,#3997,#3998,#3999,#4000,#4001,#4002,#4003,#4004,#4005,#4006,#4007,
#4008,#4009,#4010));
#1646=EDGE_LOOP('',(#4011,#4012,#4013,#4014));
#1647=EDGE_LOOP('',(#4015,#4016,#4017,#4018));
#1648=EDGE_LOOP('',(#4019,#4020,#4021,#4022));
#1649=EDGE_LOOP('',(#4023,#4024,#4025,#4026));
#1650=EDGE_LOOP('',(#4027,#4028,#4029,#4030));
#1651=EDGE_LOOP('',(#4031,#4032,#4033,#4034));
#1652=EDGE_LOOP('',(#4035,#4036,#4037,#4038));
#1653=EDGE_LOOP('',(#4039,#4040,#4041,#4042));
#1654=EDGE_LOOP('',(#4043,#4044,#4045,#4046,#4047));
#1655=EDGE_LOOP('',(#4048,#4049,#4050,#4051,#4052));
#1656=EDGE_LOOP('',(#4053,#4054,#4055,#4056,#4057,#4058,#4059,#4060,#4061,
#4062,#4063,#4064,#4065,#4066,#4067,#4068,#4069));
#1657=EDGE_LOOP('',(#4070,#4071,#4072,#4073));
#1658=EDGE_LOOP('',(#4074,#4075,#4076,#4077,#4078));
#1659=EDGE_LOOP('',(#4079,#4080,#4081,#4082));
#1660=EDGE_LOOP('',(#4083,#4084,#4085,#4086,#4087));
#1661=EDGE_LOOP('',(#4088,#4089,#4090,#4091));
#1662=EDGE_LOOP('',(#4092,#4093,#4094,#4095));
#1663=EDGE_LOOP('',(#4096,#4097,#4098,#4099));
#1664=EDGE_LOOP('',(#4100,#4101,#4102,#4103));
#1665=EDGE_LOOP('',(#4104,#4105,#4106));
#1666=EDGE_LOOP('',(#4107,#4108,#4109,#4110));
#1667=EDGE_LOOP('',(#4111,#4112,#4113,#4114));
#1668=EDGE_LOOP('',(#4115,#4116,#4117,#4118));
#1669=EDGE_LOOP('',(#4119,#4120,#4121,#4122));
#1670=EDGE_LOOP('',(#4123,#4124,#4125,#4126));
#1671=EDGE_LOOP('',(#4127,#4128,#4129,#4130));
#1672=EDGE_LOOP('',(#4131,#4132,#4133,#4134));
#1673=EDGE_LOOP('',(#4135,#4136,#4137,#4138));
#1674=EDGE_LOOP('',(#4139,#4140,#4141,#4142));
#1675=EDGE_LOOP('',(#4143,#4144,#4145,#4146,#4147,#4148,#4149,#4150,#4151,
#4152,#4153,#4154,#4155,#4156,#4157,#4158,#4159,#4160,#4161,#4162));
#1676=EDGE_LOOP('',(#4163,#4164,#4165,#4166,#4167,#4168));
#1677=EDGE_LOOP('',(#4169));
#1678=EDGE_LOOP('',(#4170,#4171,#4172,#4173));
#1679=EDGE_LOOP('',(#4174,#4175,#4176,#4177,#4178,#4179,#4180));
#1680=EDGE_LOOP('',(#4181,#4182,#4183,#4184));
#1681=EDGE_LOOP('',(#4185,#4186,#4187,#4188));
#1682=EDGE_LOOP('',(#4189,#4190,#4191,#4192,#4193));
#1683=EDGE_LOOP('',(#4194,#4195,#4196,#4197));
#1684=EDGE_LOOP('',(#4198));
#1685=EDGE_LOOP('',(#4199,#4200,#4201,#4202));
#1686=EDGE_LOOP('',(#4203,#4204,#4205,#4206));
#1687=EDGE_LOOP('',(#4207,#4208,#4209,#4210));
#1688=CIRCLE('',#4532,0.250000000000001);
#1689=CIRCLE('',#4533,0.250000000000001);
#1690=CIRCLE('',#4536,7.);
#1691=CIRCLE('',#4537,7.);
#1692=CIRCLE('',#4541,8.999);
#1693=CIRCLE('',#4542,8.999);
#1694=CIRCLE('',#4544,9.);
#1695=CIRCLE('',#4546,9.);
#1696=CIRCLE('',#4548,8.999);
#1697=CIRCLE('',#4549,8.999);
#1698=CIRCLE('',#4550,8.999);
#1699=CIRCLE('',#4551,8.999);
#1700=CIRCLE('',#4552,8.999);
#1701=CIRCLE('',#4554,9.);
#1702=CIRCLE('',#4557,9.);
#1703=CIRCLE('',#4560,9.);
#1704=CIRCLE('',#4563,9.);
#1705=CIRCLE('',#4566,9.);
#1706=CIRCLE('',#4569,8.999);
#1707=CIRCLE('',#4572,9.);
#1708=CIRCLE('',#4574,8.999);
#1709=CIRCLE('',#4575,8.999);
#1710=CIRCLE('',#4576,8.999);
#1711=CIRCLE('',#4577,8.999);
#1712=CIRCLE('',#4579,9.);
#1713=CIRCLE('',#4582,9.);
#1714=CIRCLE('',#4585,9.);
#1715=CIRCLE('',#4588,9.);
#1716=CIRCLE('',#4590,9.);
#1717=CIRCLE('',#4591,9.);
#1718=CIRCLE('',#4592,9.);
#1719=CIRCLE('',#4593,9.);
#1720=CIRCLE('',#4600,3.5);
#1721=CIRCLE('',#4603,2.75);
#1722=CIRCLE('',#4606,2.);
#1723=CIRCLE('',#4607,0.5);
#1724=CIRCLE('',#4608,2.5);
#1725=CIRCLE('',#4609,2.);
#1726=CIRCLE('',#4611,4.);
#1727=CIRCLE('',#4612,4.);
#1728=CIRCLE('',#4614,1.5);
#1729=CIRCLE('',#4615,0.5);
#1730=CIRCLE('',#4616,1.5);
#1731=CIRCLE('',#4618,1.5);
#1732=CIRCLE('',#4620,2.25);
#1733=CIRCLE('',#4621,0.25);
#1734=CIRCLE('',#4622,2.5);
#1735=CIRCLE('',#4624,1.5);
#1736=CIRCLE('',#4626,0.25);
#1737=CIRCLE('',#4628,4.);
#1738=CIRCLE('',#4629,0.5);
#1739=CIRCLE('',#4630,4.5);
#1740=CIRCLE('',#4631,4.);
#1741=CIRCLE('',#4633,4.);
#1742=CIRCLE('',#4634,4.);
#1743=CIRCLE('',#4636,0.5);
#1744=CIRCLE('',#4662,4.);
#1745=CIRCLE('',#4663,1.5);
#1746=CIRCLE('',#4664,1.5);
#1747=CIRCLE('',#4665,1.5);
#1748=CIRCLE('',#4666,1.5);
#1749=CIRCLE('',#4668,4.);
#1750=CIRCLE('',#4670,3.);
#1751=CIRCLE('',#4671,3.);
#1752=CIRCLE('',#4672,3.);
#1753=CIRCLE('',#4673,3.);
#1754=CIRCLE('',#4675,3.);
#1755=CIRCLE('',#4676,3.);
#1756=CIRCLE('',#4678,2.);
#1757=CIRCLE('',#4680,2.);
#1758=CIRCLE('',#4686,3.);
#1759=CIRCLE('',#4688,2.);
#1760=CIRCLE('',#4690,3.);
#1761=CIRCLE('',#4692,2.);
#1762=CIRCLE('',#4697,0.5);
#1763=CIRCLE('',#4698,0.500000000000002);
#1764=CIRCLE('',#4699,0.5);
#1765=CIRCLE('',#4701,0.5);
#1766=CIRCLE('',#4703,0.499999999999995);
#1767=CIRCLE('',#4704,4.);
#1768=CIRCLE('',#4705,3.5);
#1769=CIRCLE('',#4707,0.5);
#1770=CIRCLE('',#4709,0.499999999999998);
#1771=CIRCLE('',#4710,4.);
#1772=CIRCLE('',#4711,3.5);
#1773=CIRCLE('',#4723,3.);
#1774=CIRCLE('',#4724,3.);
#1775=CIRCLE('',#4751,4.);
#1776=CIRCLE('',#4752,1.5);
#1777=CIRCLE('',#4753,1.5);
#1778=CIRCLE('',#4754,1.5);
#1779=CIRCLE('',#4755,1.5);
#1780=CIRCLE('',#4757,4.);
#1781=CIRCLE('',#4759,3.);
#1782=CIRCLE('',#4762,3.);
#1783=CIRCLE('',#4766,2.);
#1784=CIRCLE('',#4767,2.);
#1785=CIRCLE('',#4773,3.);
#1786=CIRCLE('',#4775,2.);
#1787=CIRCLE('',#4777,3.);
#1788=CIRCLE('',#4779,2.);
#1789=CIRCLE('',#4785,0.5);
#1790=CIRCLE('',#4786,0.5);
#1791=CIRCLE('',#4787,0.500000000000002);
#1792=CIRCLE('',#4789,0.5);
#1793=CIRCLE('',#4791,0.499999999999995);
#1794=CIRCLE('',#4792,3.5);
#1795=CIRCLE('',#4793,4.);
#1796=CIRCLE('',#4795,0.5);
#1797=CIRCLE('',#4797,0.499999999999998);
#1798=CIRCLE('',#4798,3.5);
#1799=CIRCLE('',#4799,4.);
#1800=B_SPLINE_CURVE_WITH_KNOTS('',3,(#6430,#6431,#6432,#6433,#6434,#6435,
#6436,#6437,#6438,#6439,#6440,#6441,#6442,#6443,#6444,#6445,#6446,#6447,
#6448,#6449,#6450,#6451,#6452,#6453,#6454,#6455,#6456,#6457,#6458,#6459,
#6460,#6461,#6462,#6463,#6464,#6465,#6466,#6467,#6468,#6469,#6470,#6471,
#6472,#6473,#6474,#6475,#6476,#6477,#6478,#6479,#6480,#6481,#6482,#6483,
#6484,#6485,#6486,#6487,#6488,#6489,#6490,#6491,#6492,#6493,#6494,#6495,
#6496,#6497,#6498,#6499,#6500,#6501,#6502),.UNSPECIFIED.,.T.,.F.,(4,3,3,
3,3,3,3,3,3,3,3,3,3,3,3,3,3,3,3,3,3,3,3,3,4),(0.0353272563150496,0.133881488396091,
0.158694949093219,0.268680680123908,0.302021693105618,0.319308600784764,
0.340181375636282,0.39770066334346,0.610041343064222,0.764925967190043,
0.942876138782347,1.11541723597629,1.21377858723204,1.3123778230002,1.49700079661899,
1.57763793179592,1.64819542507574,1.67367273457278,1.70840344033998,1.72818009088645,
1.7795294283159,1.87740859443511,1.95665578450949,2.14209787803447,2.17742473859599),
 .UNSPECIFIED.);
#1801=B_SPLINE_CURVE_WITH_KNOTS('',3,(#6504,#6505,#6506,#6507,#6508,#6509,
#6510,#6511,#6512,#6513,#6514,#6515,#6516,#6517,#6518,#6519,#6520,#6521,
#6522,#6523,#6524,#6525,#6526,#6527,#6528,#6529,#6530,#6531,#6532,#6533,
#6534,#6535,#6536,#6537,#6538,#6539,#6540,#6541,#6542,#6543,#6544,#6545,
#6546,#6547,#6548,#6549,#6550,#6551,#6552,#6553,#6554,#6555,#6556,#6557,
#6558,#6559,#6560,#6561,#6562,#6563,#6564,#6565,#6566,#6567,#6568,#6569),
 .UNSPECIFIED.,.F.,.F.,(4,1,1,1,1,1,1,1,1,1,1,1,1,1,1,1,1,1,1,1,1,1,1,1,
1,1,1,1,1,1,1,1,1,1,1,1,1,1,1,1,1,1,1,1,1,1,1,1,1,1,1,1,1,1,1,1,1,1,1,1,
1,1,1,4),(0.,0.490873852123405,0.98174770424681,1.47262155637022,1.96349540849362,
2.45436926061703,2.94524311274043,3.43611696486384,3.92699081698724,4.41786466911065,
4.90873852123405,5.39961237335746,5.89048622548086,6.38136007760427,6.87223392972767,
7.36310778185108,7.85398163397448,8.34485548609789,8.83572933822129,9.3266031903447,
9.8174770424681,10.3083508945915,10.7992247467149,11.2900985988383,11.7809724509617,
12.2718463030851,12.7627201552085,13.2535940073319,13.7444678594553,14.2353417115787,
14.7262155637022,15.2170894158256,15.707963267949,16.1988371200724,16.6897109721958,
17.1805848243192,17.6714586764426,18.162332528566,18.6532063806894,19.1440802328128,
19.6349540849362,20.1258279370596,20.616701789183,21.1075756413064,21.5984494934298,
22.0893233455532,22.5801971976766,23.0710710498,23.5619449019234,24.0528187540469,
24.5436926061703,25.0345664582937,25.5254403104171,26.0163141625405,26.5071880146639,
26.9980618667873,27.4889357189107,27.9798095710341,28.4706834231575,28.9615572752809,
29.4524311274043,29.9433049795277,30.4341788316511,30.6733682723221),
 .UNSPECIFIED.);
#1802=B_SPLINE_CURVE_WITH_KNOTS('',3,(#6607,#6608,#6609,#6610,#6611,#6612),
 .UNSPECIFIED.,.F.,.F.,(4,2,4),(0.,1.,2.),.UNSPECIFIED.);
#1803=B_SPLINE_CURVE_WITH_KNOTS('',3,(#6616,#6617,#6618,#6619,#6620,#6621),
 .UNSPECIFIED.,.F.,.F.,(4,2,4),(0.,1.,2.),.UNSPECIFIED.);
#1804=B_SPLINE_CURVE_WITH_KNOTS('',3,(#6648,#6649,#6650,#6651,#6652,#6653),
 .UNSPECIFIED.,.F.,.F.,(4,2,4),(0.,1.,2.),.UNSPECIFIED.);
#1805=B_SPLINE_CURVE_WITH_KNOTS('',3,(#6656,#6657,#6658,#6659,#6660,#6661),
 .UNSPECIFIED.,.F.,.F.,(4,2,4),(0.,1.,2.),.UNSPECIFIED.);
#1806=B_SPLINE_CURVE_WITH_KNOTS('',3,(#6687,#6688,#6689,#6690,#6691,#6692),
 .UNSPECIFIED.,.F.,.F.,(4,2,4),(0.,1.,2.),.UNSPECIFIED.);
#1807=B_SPLINE_CURVE_WITH_KNOTS('',3,(#6695,#6696,#6697,#6698,#6699,#6700),
 .UNSPECIFIED.,.F.,.F.,(4,2,4),(0.,1.,2.),.UNSPECIFIED.);
#1808=B_SPLINE_CURVE_WITH_KNOTS('',3,(#6726,#6727,#6728,#6729,#6730,#6731),
 .UNSPECIFIED.,.F.,.F.,(4,2,4),(0.,1.,2.),.UNSPECIFIED.);
#1809=B_SPLINE_CURVE_WITH_KNOTS('',3,(#6734,#6735,#6736,#6737,#6738,#6739),
 .UNSPECIFIED.,.F.,.F.,(4,2,4),(0.,1.,2.),.UNSPECIFIED.);
#1810=B_SPLINE_CURVE_WITH_KNOTS('',3,(#6765,#6766,#6767,#6768,#6769,#6770),
 .UNSPECIFIED.,.F.,.F.,(4,2,4),(0.,1.,2.),.UNSPECIFIED.);
#1811=B_SPLINE_CURVE_WITH_KNOTS('',3,(#6773,#6774,#6775,#6776,#6777,#6778),
 .UNSPECIFIED.,.F.,.F.,(4,2,4),(0.,1.,2.),.UNSPECIFIED.);
#1812=B_SPLINE_CURVE_WITH_KNOTS('',3,(#6804,#6805,#6806,#6807,#6808,#6809),
 .UNSPECIFIED.,.F.,.F.,(4,2,4),(0.,1.,2.),.UNSPECIFIED.);
#1813=B_SPLINE_CURVE_WITH_KNOTS('',3,(#6812,#6813,#6814,#6815,#6816,#6817),
 .UNSPECIFIED.,.F.,.F.,(4,2,4),(0.,1.,2.),.UNSPECIFIED.);
#1814=B_SPLINE_CURVE_WITH_KNOTS('',3,(#6843,#6844,#6845,#6846,#6847,#6848),
 .UNSPECIFIED.,.F.,.F.,(4,2,4),(0.,1.,2.),.UNSPECIFIED.);
#1815=B_SPLINE_CURVE_WITH_KNOTS('',3,(#6851,#6852,#6853,#6854,#6855,#6856),
 .UNSPECIFIED.,.F.,.F.,(4,2,4),(0.,1.,2.),.UNSPECIFIED.);
#1816=B_SPLINE_CURVE_WITH_KNOTS('',3,(#6881,#6882,#6883,#6884,#6885,#6886),
 .UNSPECIFIED.,.F.,.F.,(4,2,4),(0.,1.,2.),.UNSPECIFIED.);
#1817=B_SPLINE_CURVE_WITH_KNOTS('',3,(#6887,#6888,#6889,#6890,#6891,#6892),
 .UNSPECIFIED.,.F.,.F.,(4,2,4),(0.,1.,2.),.UNSPECIFIED.);
#1818=B_SPLINE_CURVE_WITH_KNOTS('',3,(#6896,#6897,#6898,#6899,#6900,#6901),
 .UNSPECIFIED.,.F.,.F.,(4,2,4),(0.,1.,2.),.UNSPECIFIED.);
#1819=B_SPLINE_CURVE_WITH_KNOTS('',3,(#6903,#6904,#6905,#6906,#6907,#6908),
 .UNSPECIFIED.,.F.,.F.,(4,2,4),(0.,1.,2.),.UNSPECIFIED.);
#1820=B_SPLINE_CURVE_WITH_KNOTS('',3,(#6910,#6911,#6912,#6913,#6914,#6915),
 .UNSPECIFIED.,.F.,.F.,(4,2,4),(0.,1.,2.),.UNSPECIFIED.);
#1821=B_SPLINE_CURVE_WITH_KNOTS('',3,(#6916,#6917,#6918,#6919,#6920,#6921),
 .UNSPECIFIED.,.F.,.F.,(4,2,4),(0.,1.,2.),.UNSPECIFIED.);
#1822=B_SPLINE_CURVE_WITH_KNOTS('',3,(#6949,#6950,#6951,#6952,#6953,#6954),
 .UNSPECIFIED.,.F.,.F.,(4,2,4),(0.,1.,2.),.UNSPECIFIED.);
#1823=B_SPLINE_CURVE_WITH_KNOTS('',3,(#6981,#6982,#6983,#6984,#6985,#6986),
 .UNSPECIFIED.,.F.,.F.,(4,2,4),(0.,1.,2.),.UNSPECIFIED.);
#1824=B_SPLINE_CURVE_WITH_KNOTS('',3,(#7013,#7014,#7015,#7016,#7017,#7018),
 .UNSPECIFIED.,.F.,.F.,(4,2,4),(0.,1.,2.),.UNSPECIFIED.);
#1825=B_SPLINE_CURVE_WITH_KNOTS('',3,(#7044,#7045,#7046,#7047,#7048,#7049),
 .UNSPECIFIED.,.F.,.F.,(4,2,4),(0.,1.,2.),.UNSPECIFIED.);
#1826=B_SPLINE_CURVE_WITH_KNOTS('',3,(#7076,#7077,#7078,#7079,#7080,#7081),
 .UNSPECIFIED.,.F.,.F.,(4,2,4),(0.,1.,2.),.UNSPECIFIED.);
#1827=B_SPLINE_CURVE_WITH_KNOTS('',3,(#7085,#7086,#7087,#7088,#7089,#7090),
 .UNSPECIFIED.,.F.,.F.,(4,2,4),(0.,1.,2.),.UNSPECIFIED.);
#1828=B_SPLINE_CURVE_WITH_KNOTS('',3,(#7117,#7118,#7119,#7120,#7121,#7122),
 .UNSPECIFIED.,.F.,.F.,(4,2,4),(0.,1.,2.),.UNSPECIFIED.);
#1829=B_SPLINE_CURVE_WITH_KNOTS('',3,(#7125,#7126,#7127,#7128,#7129,#7130),
 .UNSPECIFIED.,.F.,.F.,(4,2,4),(0.,1.,2.),.UNSPECIFIED.);
#1830=B_SPLINE_CURVE_WITH_KNOTS('',3,(#7156,#7157,#7158,#7159,#7160,#7161),
 .UNSPECIFIED.,.F.,.F.,(4,2,4),(0.,1.,2.),.UNSPECIFIED.);
#1831=B_SPLINE_CURVE_WITH_KNOTS('',3,(#7164,#7165,#7166,#7167,#7168,#7169),
 .UNSPECIFIED.,.F.,.F.,(4,2,4),(0.,1.,2.),.UNSPECIFIED.);
#1832=B_SPLINE_CURVE_WITH_KNOTS('',3,(#7195,#7196,#7197,#7198,#7199,#7200),
 .UNSPECIFIED.,.F.,.F.,(4,2,4),(0.,1.,2.),.UNSPECIFIED.);
#1833=B_SPLINE_CURVE_WITH_KNOTS('',3,(#7203,#7204,#7205,#7206,#7207,#7208),
 .UNSPECIFIED.,.F.,.F.,(4,2,4),(0.,1.,2.),.UNSPECIFIED.);
#1834=B_SPLINE_CURVE_WITH_KNOTS('',3,(#7233,#7234,#7235,#7236,#7237,#7238),
 .UNSPECIFIED.,.F.,.F.,(4,2,4),(0.,1.,2.),.UNSPECIFIED.);
#1835=B_SPLINE_CURVE_WITH_KNOTS('',3,(#7239,#7240,#7241,#7242,#7243,#7244),
 .UNSPECIFIED.,.F.,.F.,(4,2,4),(0.,1.,2.),.UNSPECIFIED.);
#1836=B_SPLINE_CURVE_WITH_KNOTS('',3,(#7271,#7272,#7273,#7274,#7275,#7276),
 .UNSPECIFIED.,.F.,.F.,(4,2,4),(0.,1.,2.),.UNSPECIFIED.);
#1837=B_SPLINE_CURVE_WITH_KNOTS('',3,(#7280,#7281,#7282,#7283,#7284,#7285),
 .UNSPECIFIED.,.F.,.F.,(4,2,4),(0.,1.,2.),.UNSPECIFIED.);
#1838=B_SPLINE_CURVE_WITH_KNOTS('',3,(#7312,#7313,#7314,#7315,#7316,#7317),
 .UNSPECIFIED.,.F.,.F.,(4,2,4),(0.,1.,2.),.UNSPECIFIED.);
#1839=B_SPLINE_CURVE_WITH_KNOTS('',3,(#7320,#7321,#7322,#7323,#7324,#7325),
 .UNSPECIFIED.,.F.,.F.,(4,2,4),(0.,1.,2.),.UNSPECIFIED.);
#1840=B_SPLINE_CURVE_WITH_KNOTS('',3,(#7351,#7352,#7353,#7354,#7355,#7356),
 .UNSPECIFIED.,.F.,.F.,(4,2,4),(0.,1.,2.),.UNSPECIFIED.);
#1841=B_SPLINE_CURVE_WITH_KNOTS('',3,(#7359,#7360,#7361,#7362,#7363,#7364),
 .UNSPECIFIED.,.F.,.F.,(4,2,4),(0.,1.,2.),.UNSPECIFIED.);
#1842=B_SPLINE_CURVE_WITH_KNOTS('',3,(#7390,#7391,#7392,#7393,#7394,#7395),
 .UNSPECIFIED.,.F.,.F.,(4,2,4),(0.,1.,2.),.UNSPECIFIED.);
#1843=B_SPLINE_CURVE_WITH_KNOTS('',3,(#7398,#7399,#7400,#7401,#7402,#7403),
 .UNSPECIFIED.,.F.,.F.,(4,2,4),(0.,1.,2.),.UNSPECIFIED.);
#1844=B_SPLINE_CURVE_WITH_KNOTS('',3,(#7428,#7429,#7430,#7431,#7432,#7433),
 .UNSPECIFIED.,.F.,.F.,(4,2,4),(0.,1.,2.),.UNSPECIFIED.);
#1845=B_SPLINE_CURVE_WITH_KNOTS('',3,(#7434,#7435,#7436,#7437,#7438,#7439),
 .UNSPECIFIED.,.F.,.F.,(4,2,4),(0.,1.,2.),.UNSPECIFIED.);
#1846=B_SPLINE_CURVE_WITH_KNOTS('',3,(#7443,#7444,#7445,#7446,#7447,#7448),
 .UNSPECIFIED.,.F.,.F.,(4,2,4),(0.,1.,2.),.UNSPECIFIED.);
#1847=B_SPLINE_CURVE_WITH_KNOTS('',3,(#7450,#7451,#7452,#7453,#7454,#7455),
 .UNSPECIFIED.,.F.,.F.,(4,2,4),(0.,1.,2.),.UNSPECIFIED.);
#1848=B_SPLINE_CURVE_WITH_KNOTS('',3,(#7459,#7460,#7461,#7462,#7463,#7464),
 .UNSPECIFIED.,.F.,.F.,(4,2,4),(0.,1.,2.),.UNSPECIFIED.);
#1849=B_SPLINE_CURVE_WITH_KNOTS('',3,(#7466,#7467,#7468,#7469,#7470,#7471),
 .UNSPECIFIED.,.F.,.F.,(4,2,4),(0.,1.,2.),.UNSPECIFIED.);
#1850=B_SPLINE_CURVE_WITH_KNOTS('',3,(#7473,#7474,#7475,#7476,#7477,#7478),
 .UNSPECIFIED.,.F.,.F.,(4,2,4),(0.,1.,2.),.UNSPECIFIED.);
#1851=B_SPLINE_CURVE_WITH_KNOTS('',3,(#7480,#7481,#7482,#7483,#7484,#7485),
 .UNSPECIFIED.,.F.,.F.,(4,2,4),(0.,1.,2.),.UNSPECIFIED.);
#1852=B_SPLINE_CURVE_WITH_KNOTS('',3,(#7489,#7490,#7491,#7492,#7493,#7494),
 .UNSPECIFIED.,.F.,.F.,(4,2,4),(0.,1.,2.),.UNSPECIFIED.);
#1853=B_SPLINE_CURVE_WITH_KNOTS('',3,(#7496,#7497,#7498,#7499,#7500,#7501),
 .UNSPECIFIED.,.F.,.F.,(4,2,4),(0.,1.,2.),.UNSPECIFIED.);
#1854=B_SPLINE_CURVE_WITH_KNOTS('',3,(#7502,#7503,#7504,#7505,#7506,#7507),
 .UNSPECIFIED.,.F.,.F.,(4,2,4),(0.,1.,2.),.UNSPECIFIED.);
#1855=B_SPLINE_CURVE_WITH_KNOTS('',3,(#7535,#7536,#7537,#7538,#7539,#7540),
 .UNSPECIFIED.,.F.,.F.,(4,2,4),(0.,1.,2.),.UNSPECIFIED.);
#1856=B_SPLINE_CURVE_WITH_KNOTS('',3,(#7567,#7568,#7569,#7570,#7571,#7572),
 .UNSPECIFIED.,.F.,.F.,(4,2,4),(0.,1.,2.),.UNSPECIFIED.);
#1857=B_SPLINE_CURVE_WITH_KNOTS('',3,(#7603,#7604,#7605,#7606,#7607,#7608),
 .UNSPECIFIED.,.F.,.F.,(4,2,4),(0.,1.,2.),.UNSPECIFIED.);
#1858=B_SPLINE_CURVE_WITH_KNOTS('',3,(#7635,#7636,#7637,#7638,#7639,#7640),
 .UNSPECIFIED.,.F.,.F.,(4,2,4),(0.,1.,2.),.UNSPECIFIED.);
#1859=B_SPLINE_CURVE_WITH_KNOTS('',3,(#7667,#7668,#7669,#7670,#7671,#7672),
 .UNSPECIFIED.,.F.,.F.,(4,2,4),(0.,1.,2.),.UNSPECIFIED.);
#1860=B_SPLINE_CURVE_WITH_KNOTS('',3,(#7699,#7700,#7701,#7702,#7703,#7704),
 .UNSPECIFIED.,.F.,.F.,(4,2,4),(0.,1.,2.),.UNSPECIFIED.);
#1861=B_SPLINE_CURVE_WITH_KNOTS('',3,(#7735,#7736,#7737,#7738,#7739,#7740),
 .UNSPECIFIED.,.F.,.F.,(4,2,4),(0.,1.,2.),.UNSPECIFIED.);
#1862=B_SPLINE_CURVE_WITH_KNOTS('',3,(#7767,#7768,#7769,#7770,#7771,#7772),
 .UNSPECIFIED.,.F.,.F.,(4,2,4),(0.,1.,2.),.UNSPECIFIED.);
#1863=B_SPLINE_CURVE_WITH_KNOTS('',3,(#7798,#7799,#7800,#7801,#7802,#7803),
 .UNSPECIFIED.,.F.,.F.,(4,2,4),(0.,1.,2.),.UNSPECIFIED.);
#1864=B_SPLINE_CURVE_WITH_KNOTS('',3,(#7815,#7816,#7817,#7818,#7819,#7820),
 .UNSPECIFIED.,.F.,.F.,(4,2,4),(0.,1.,2.),.UNSPECIFIED.);
#1865=B_SPLINE_CURVE_WITH_KNOTS('',3,(#7875,#7876,#7877,#7878,#7879,#7880),
 .UNSPECIFIED.,.F.,.F.,(4,2,4),(0.,1.,2.),.UNSPECIFIED.);
#1866=B_SPLINE_CURVE_WITH_KNOTS('',3,(#7930,#7931,#7932,#7933,#7934,#7935),
 .UNSPECIFIED.,.F.,.F.,(4,2,4),(0.,1.,2.),.UNSPECIFIED.);
#1867=B_SPLINE_CURVE_WITH_KNOTS('',3,(#7939,#7940,#7941,#7942,#7943,#7944),
 .UNSPECIFIED.,.F.,.F.,(4,2,4),(0.,1.,2.),.UNSPECIFIED.);
#1868=B_SPLINE_CURVE_WITH_KNOTS('',3,(#7971,#7972,#7973,#7974,#7975,#7976),
 .UNSPECIFIED.,.F.,.F.,(4,2,4),(0.,1.,2.),.UNSPECIFIED.);
#1869=B_SPLINE_CURVE_WITH_KNOTS('',3,(#7979,#7980,#7981,#7982,#7983,#7984),
 .UNSPECIFIED.,.F.,.F.,(4,2,4),(0.,1.,2.),.UNSPECIFIED.);
#1870=B_SPLINE_CURVE_WITH_KNOTS('',3,(#8010,#8011,#8012,#8013,#8014,#8015),
 .UNSPECIFIED.,.F.,.F.,(4,2,4),(0.,1.,2.),.UNSPECIFIED.);
#1871=B_SPLINE_CURVE_WITH_KNOTS('',3,(#8018,#8019,#8020,#8021,#8022,#8023),
 .UNSPECIFIED.,.F.,.F.,(4,2,4),(0.,1.,2.),.UNSPECIFIED.);
#1872=B_SPLINE_CURVE_WITH_KNOTS('',3,(#8049,#8050,#8051,#8052,#8053,#8054),
 .UNSPECIFIED.,.F.,.F.,(4,2,4),(0.,1.,2.),.UNSPECIFIED.);
#1873=B_SPLINE_CURVE_WITH_KNOTS('',3,(#8057,#8058,#8059,#8060,#8061,#8062),
 .UNSPECIFIED.,.F.,.F.,(4,2,4),(0.,1.,2.),.UNSPECIFIED.);
#1874=B_SPLINE_CURVE_WITH_KNOTS('',3,(#8088,#8089,#8090,#8091,#8092,#8093),
 .UNSPECIFIED.,.F.,.F.,(4,2,4),(0.,1.,2.),.UNSPECIFIED.);
#1875=B_SPLINE_CURVE_WITH_KNOTS('',3,(#8096,#8097,#8098,#8099,#8100,#8101),
 .UNSPECIFIED.,.F.,.F.,(4,2,4),(0.,1.,2.),.UNSPECIFIED.);
#1876=B_SPLINE_CURVE_WITH_KNOTS('',3,(#8127,#8128,#8129,#8130,#8131,#8132),
 .UNSPECIFIED.,.F.,.F.,(4,2,4),(0.,1.,2.),.UNSPECIFIED.);
#1877=B_SPLINE_CURVE_WITH_KNOTS('',3,(#8135,#8136,#8137,#8138,#8139,#8140),
 .UNSPECIFIED.,.F.,.F.,(4,2,4),(0.,1.,2.),.UNSPECIFIED.);
#1878=B_SPLINE_CURVE_WITH_KNOTS('',3,(#8165,#8166,#8167,#8168,#8169,#8170),
 .UNSPECIFIED.,.F.,.F.,(4,2,4),(0.,1.,2.),.UNSPECIFIED.);
#1879=B_SPLINE_CURVE_WITH_KNOTS('',3,(#8171,#8172,#8173,#8174,#8175,#8176),
 .UNSPECIFIED.,.F.,.F.,(4,2,4),(0.,1.,2.),.UNSPECIFIED.);
#1880=B_SPLINE_CURVE_WITH_KNOTS('',3,(#8180,#8181,#8182,#8183,#8184,#8185),
 .UNSPECIFIED.,.F.,.F.,(4,2,4),(0.,1.,2.),.UNSPECIFIED.);
#1881=B_SPLINE_CURVE_WITH_KNOTS('',3,(#8187,#8188,#8189,#8190,#8191,#8192),
 .UNSPECIFIED.,.F.,.F.,(4,2,4),(0.,1.,2.),.UNSPECIFIED.);
#1882=B_SPLINE_CURVE_WITH_KNOTS('',3,(#8194,#8195,#8196,#8197,#8198,#8199),
 .UNSPECIFIED.,.F.,.F.,(4,2,4),(0.,1.,2.),.UNSPECIFIED.);
#1883=B_SPLINE_CURVE_WITH_KNOTS('',3,(#8201,#8202,#8203,#8204,#8205,#8206),
 .UNSPECIFIED.,.F.,.F.,(4,2,4),(0.,1.,2.),.UNSPECIFIED.);
#1884=B_SPLINE_CURVE_WITH_KNOTS('',3,(#8208,#8209,#8210,#8211,#8212,#8213),
 .UNSPECIFIED.,.F.,.F.,(4,2,4),(0.,1.,2.),.UNSPECIFIED.);
#1885=B_SPLINE_CURVE_WITH_KNOTS('',3,(#8219,#8220,#8221,#8222,#8223,#8224),
 .UNSPECIFIED.,.F.,.F.,(4,2,4),(0.,1.,2.),.UNSPECIFIED.);
#1886=B_SPLINE_CURVE_WITH_KNOTS('',3,(#8226,#8227,#8228,#8229,#8230,#8231),
 .UNSPECIFIED.,.F.,.F.,(4,2,4),(0.,1.,2.),.UNSPECIFIED.);
#1887=B_SPLINE_CURVE_WITH_KNOTS('',3,(#8233,#8234,#8235,#8236,#8237,#8238),
 .UNSPECIFIED.,.F.,.F.,(4,2,4),(0.,1.,2.),.UNSPECIFIED.);
#1888=B_SPLINE_CURVE_WITH_KNOTS('',3,(#8240,#8241,#8242,#8243,#8244,#8245),
 .UNSPECIFIED.,.F.,.F.,(4,2,4),(0.,1.,2.),.UNSPECIFIED.);
#1889=B_SPLINE_CURVE_WITH_KNOTS('',3,(#8247,#8248,#8249,#8250,#8251,#8252),
 .UNSPECIFIED.,.F.,.F.,(4,2,4),(0.,1.,2.),.UNSPECIFIED.);
#1890=B_SPLINE_CURVE_WITH_KNOTS('',3,(#8254,#8255,#8256,#8257,#8258,#8259),
 .UNSPECIFIED.,.F.,.F.,(4,2,4),(0.,1.,2.),.UNSPECIFIED.);
#1891=B_SPLINE_CURVE_WITH_KNOTS('',3,(#8260,#8261,#8262,#8263,#8264,#8265),
 .UNSPECIFIED.,.F.,.F.,(4,2,4),(0.,1.,2.),.UNSPECIFIED.);
#1892=B_SPLINE_CURVE_WITH_KNOTS('',3,(#8293,#8294,#8295,#8296,#8297,#8298),
 .UNSPECIFIED.,.F.,.F.,(4,2,4),(0.,1.,2.),.UNSPECIFIED.);
#1893=B_SPLINE_CURVE_WITH_KNOTS('',3,(#8325,#8326,#8327,#8328,#8329,#8330),
 .UNSPECIFIED.,.F.,.F.,(4,2,4),(0.,1.,2.),.UNSPECIFIED.);
#1894=B_SPLINE_CURVE_WITH_KNOTS('',3,(#8357,#8358,#8359,#8360,#8361,#8362),
 .UNSPECIFIED.,.F.,.F.,(4,2,4),(0.,1.,2.),.UNSPECIFIED.);
#1895=B_SPLINE_CURVE_WITH_KNOTS('',3,(#8389,#8390,#8391,#8392,#8393,#8394),
 .UNSPECIFIED.,.F.,.F.,(4,2,4),(0.,1.,2.),.UNSPECIFIED.);
#1896=B_SPLINE_CURVE_WITH_KNOTS('',3,(#8421,#8422,#8423,#8424,#8425,#8426),
 .UNSPECIFIED.,.F.,.F.,(4,2,4),(0.,1.,2.),.UNSPECIFIED.);
#1897=B_SPLINE_CURVE_WITH_KNOTS('',3,(#8461,#8462,#8463,#8464,#8465,#8466),
 .UNSPECIFIED.,.F.,.F.,(4,2,4),(0.,1.,2.),.UNSPECIFIED.);
#1898=B_SPLINE_CURVE_WITH_KNOTS('',3,(#8493,#8494,#8495,#8496,#8497,#8498),
 .UNSPECIFIED.,.F.,.F.,(4,2,4),(0.,1.,2.),.UNSPECIFIED.);
#1899=B_SPLINE_CURVE_WITH_KNOTS('',3,(#8525,#8526,#8527,#8528,#8529,#8530),
 .UNSPECIFIED.,.F.,.F.,(4,2,4),(0.,1.,2.),.UNSPECIFIED.);
#1900=B_SPLINE_CURVE_WITH_KNOTS('',3,(#8557,#8558,#8559,#8560,#8561,#8562),
 .UNSPECIFIED.,.F.,.F.,(4,2,4),(0.,1.,2.),.UNSPECIFIED.);
#1901=B_SPLINE_CURVE_WITH_KNOTS('',3,(#8589,#8590,#8591,#8592,#8593,#8594),
 .UNSPECIFIED.,.F.,.F.,(4,2,4),(0.,1.,2.),.UNSPECIFIED.);
#1902=B_SPLINE_CURVE_WITH_KNOTS('',3,(#8621,#8622,#8623,#8624,#8625,#8626),
 .UNSPECIFIED.,.F.,.F.,(4,2,4),(0.,1.,2.),.UNSPECIFIED.);
#1903=B_SPLINE_CURVE_WITH_KNOTS('',3,(#8652,#8653,#8654,#8655,#8656,#8657),
 .UNSPECIFIED.,.F.,.F.,(4,2,4),(0.,1.,2.),.UNSPECIFIED.);
#1904=B_SPLINE_CURVE_WITH_KNOTS('',3,(#8661,#8662,#8663,#8664,#8665,#8666),
 .UNSPECIFIED.,.F.,.F.,(4,2,4),(0.,1.,2.),.UNSPECIFIED.);
#1905=B_SPLINE_CURVE_WITH_KNOTS('',3,(#8668,#8669,#8670,#8671,#8672,#8673),
 .UNSPECIFIED.,.F.,.F.,(4,2,4),(0.,1.,2.),.UNSPECIFIED.);
#1906=B_SPLINE_CURVE_WITH_KNOTS('',3,(#8675,#8676,#8677,#8678,#8679,#8680),
 .UNSPECIFIED.,.F.,.F.,(4,2,4),(0.,1.,2.),.UNSPECIFIED.);
#1907=B_SPLINE_CURVE_WITH_KNOTS('',3,(#8692,#8693,#8694,#8695,#8696,#8697),
 .UNSPECIFIED.,.F.,.F.,(4,2,4),(0.,1.,2.),.UNSPECIFIED.);
#1908=B_SPLINE_CURVE_WITH_KNOTS('',3,(#8699,#8700,#8701,#8702,#8703,#8704),
 .UNSPECIFIED.,.F.,.F.,(4,2,4),(0.,1.,2.),.UNSPECIFIED.);
#1909=B_SPLINE_CURVE_WITH_KNOTS('',3,(#8706,#8707,#8708,#8709,#8710,#8711),
 .UNSPECIFIED.,.F.,.F.,(4,2,4),(0.,1.,2.),.UNSPECIFIED.);
#1910=B_SPLINE_CURVE_WITH_KNOTS('',3,(#8713,#8714,#8715,#8716,#8717,#8718),
 .UNSPECIFIED.,.F.,.F.,(4,2,4),(0.,1.,2.),.UNSPECIFIED.);
#1911=B_SPLINE_CURVE_WITH_KNOTS('',3,(#8720,#8721,#8722,#8723,#8724,#8725),
 .UNSPECIFIED.,.F.,.F.,(4,2,4),(0.,1.,2.),.UNSPECIFIED.);
#1912=B_SPLINE_CURVE_WITH_KNOTS('',3,(#8727,#8728,#8729,#8730,#8731,#8732),
 .UNSPECIFIED.,.F.,.F.,(4,2,4),(0.,1.,2.),.UNSPECIFIED.);
#1913=B_SPLINE_CURVE_WITH_KNOTS('',3,(#8734,#8735,#8736,#8737,#8738,#8739),
 .UNSPECIFIED.,.F.,.F.,(4,2,4),(0.,1.,2.),.UNSPECIFIED.);
#1914=B_SPLINE_CURVE_WITH_KNOTS('',3,(#8745,#8746,#8747,#8748,#8749,#8750),
 .UNSPECIFIED.,.F.,.F.,(4,2,4),(0.,1.,2.),.UNSPECIFIED.);
#1915=B_SPLINE_CURVE_WITH_KNOTS('',3,(#8752,#8753,#8754,#8755,#8756,#8757),
 .UNSPECIFIED.,.F.,.F.,(4,2,4),(0.,1.,2.),.UNSPECIFIED.);
#1916=B_SPLINE_CURVE_WITH_KNOTS('',3,(#8758,#8759,#8760,#8761,#8762,#8763),
 .UNSPECIFIED.,.F.,.F.,(4,2,4),(0.,1.,2.),.UNSPECIFIED.);
#1917=B_SPLINE_CURVE_WITH_KNOTS('',3,(#8791,#8792,#8793,#8794,#8795,#8796),
 .UNSPECIFIED.,.F.,.F.,(4,2,4),(0.,1.,2.),.UNSPECIFIED.);
#1918=B_SPLINE_CURVE_WITH_KNOTS('',3,(#8823,#8824,#8825,#8826,#8827,#8828),
 .UNSPECIFIED.,.F.,.F.,(4,2,4),(0.,1.,2.),.UNSPECIFIED.);
#1919=B_SPLINE_CURVE_WITH_KNOTS('',3,(#8855,#8856,#8857,#8858,#8859,#8860),
 .UNSPECIFIED.,.F.,.F.,(4,2,4),(0.,1.,2.),.UNSPECIFIED.);
#1920=B_SPLINE_CURVE_WITH_KNOTS('',3,(#8907,#8908,#8909,#8910,#8911,#8912),
 .UNSPECIFIED.,.F.,.F.,(4,2,4),(0.,1.,2.),.UNSPECIFIED.);
#1921=B_SPLINE_CURVE_WITH_KNOTS('',3,(#8939,#8940,#8941,#8942,#8943,#8944),
 .UNSPECIFIED.,.F.,.F.,(4,2,4),(0.,1.,2.),.UNSPECIFIED.);
#1922=B_SPLINE_CURVE_WITH_KNOTS('',3,(#8971,#8972,#8973,#8974,#8975,#8976),
 .UNSPECIFIED.,.F.,.F.,(4,2,4),(0.,1.,2.),.UNSPECIFIED.);
#1923=B_SPLINE_CURVE_WITH_KNOTS('',3,(#9003,#9004,#9005,#9006,#9007,#9008),
 .UNSPECIFIED.,.F.,.F.,(4,2,4),(0.,1.,2.),.UNSPECIFIED.);
#1924=B_SPLINE_CURVE_WITH_KNOTS('',3,(#9035,#9036,#9037,#9038,#9039,#9040),
 .UNSPECIFIED.,.F.,.F.,(4,2,4),(0.,1.,2.),.UNSPECIFIED.);
#1925=B_SPLINE_CURVE_WITH_KNOTS('',3,(#9067,#9068,#9069,#9070,#9071,#9072),
 .UNSPECIFIED.,.F.,.F.,(4,2,4),(0.,1.,2.),.UNSPECIFIED.);
#1926=B_SPLINE_CURVE_WITH_KNOTS('',3,(#9099,#9100,#9101,#9102,#9103,#9104),
 .UNSPECIFIED.,.F.,.F.,(4,2,4),(0.,1.,2.),.UNSPECIFIED.);
#1927=B_SPLINE_CURVE_WITH_KNOTS('',3,(#9139,#9140,#9141,#9142,#9143,#9144),
 .UNSPECIFIED.,.F.,.F.,(4,2,4),(0.,1.,2.),.UNSPECIFIED.);
#1928=B_SPLINE_CURVE_WITH_KNOTS('',3,(#9171,#9172,#9173,#9174,#9175,#9176),
 .UNSPECIFIED.,.F.,.F.,(4,2,4),(0.,1.,2.),.UNSPECIFIED.);
#1929=B_SPLINE_CURVE_WITH_KNOTS('',3,(#9202,#9203,#9204,#9205,#9206,#9207),
 .UNSPECIFIED.,.F.,.F.,(4,2,4),(0.,1.,2.),.UNSPECIFIED.);
#1930=B_SPLINE_CURVE_WITH_KNOTS('',3,(#9228,#9229,#9230,#9231,#9232,#9233,
#9234,#9235,#9236,#9237,#9238,#9239,#9240,#9241,#9242,#9243,#9244,#9245,
#9246,#9247,#9248,#9249,#9250,#9251,#9252,#9253,#9254,#9255),
 .UNSPECIFIED.,.F.,.F.,(4,3,3,3,3,3,3,3,3,4),(0.,0.0683757037537594,0.109159178185323,
0.149464370845236,0.207918701353601,0.252954867551904,0.316355230424071,
0.364809165488967,0.43291341841087,0.452933502377878),.UNSPECIFIED.);
#1931=B_SPLINE_CURVE_WITH_KNOTS('',3,(#9256,#9257,#9258,#9259,#9260,#9261,
#9262,#9263,#9264,#9265,#9266,#9267,#9268,#9269,#9270,#9271,#9272,#9273,
#9274,#9275,#9276,#9277,#9278,#9279,#9280,#9281,#9282,#9283),
 .UNSPECIFIED.,.F.,.F.,(4,3,3,3,3,3,3,3,3,4),(0.452933502377878,0.521309206131453,
0.562092680562871,0.602397873223022,0.660852203731185,0.705888369929683,
0.769288732801791,0.817742667866856,0.885846920789006,0.905867004755755),
 .UNSPECIFIED.);
#1932=VERTEX_POINT('',#6429);
#1933=VERTEX_POINT('',#6503);
#1934=VERTEX_POINT('',#6570);
#1935=VERTEX_POINT('',#6575);
#1936=VERTEX_POINT('',#6577);
#1937=VERTEX_POINT('',#6605);
#1938=VERTEX_POINT('',#6606);
#1939=VERTEX_POINT('',#6613);
#1940=VERTEX_POINT('',#6615);
#1941=VERTEX_POINT('',#6647);
#1942=VERTEX_POINT('',#6654);
#1943=VERTEX_POINT('',#6686);
#1944=VERTEX_POINT('',#6693);
#1945=VERTEX_POINT('',#6725);
#1946=VERTEX_POINT('',#6732);
#1947=VERTEX_POINT('',#6764);
#1948=VERTEX_POINT('',#6771);
#1949=VERTEX_POINT('',#6803);
#1950=VERTEX_POINT('',#6810);
#1951=VERTEX_POINT('',#6842);
#1952=VERTEX_POINT('',#6849);
#1953=VERTEX_POINT('',#6894);
#1954=VERTEX_POINT('',#6895);
#1955=VERTEX_POINT('',#6902);
#1956=VERTEX_POINT('',#6909);
#1957=VERTEX_POINT('',#6946);
#1958=VERTEX_POINT('',#6948);
#1959=VERTEX_POINT('',#6980);
#1960=VERTEX_POINT('',#7012);
#1961=VERTEX_POINT('',#7074);
#1962=VERTEX_POINT('',#7075);
#1963=VERTEX_POINT('',#7082);
#1964=VERTEX_POINT('',#7084);
#1965=VERTEX_POINT('',#7116);
#1966=VERTEX_POINT('',#7123);
#1967=VERTEX_POINT('',#7155);
#1968=VERTEX_POINT('',#7162);
#1969=VERTEX_POINT('',#7194);
#1970=VERTEX_POINT('',#7201);
#1971=VERTEX_POINT('',#7269);
#1972=VERTEX_POINT('',#7270);
#1973=VERTEX_POINT('',#7277);
#1974=VERTEX_POINT('',#7279);
#1975=VERTEX_POINT('',#7311);
#1976=VERTEX_POINT('',#7318);
#1977=VERTEX_POINT('',#7350);
#1978=VERTEX_POINT('',#7357);
#1979=VERTEX_POINT('',#7389);
#1980=VERTEX_POINT('',#7396);
#1981=VERTEX_POINT('',#7441);
#1982=VERTEX_POINT('',#7442);
#1983=VERTEX_POINT('',#7449);
#1984=VERTEX_POINT('',#7456);
#1985=VERTEX_POINT('',#7458);
#1986=VERTEX_POINT('',#7465);
#1987=VERTEX_POINT('',#7472);
#1988=VERTEX_POINT('',#7479);
#1989=VERTEX_POINT('',#7486);
#1990=VERTEX_POINT('',#7488);
#1991=VERTEX_POINT('',#7495);
#1992=VERTEX_POINT('',#7532);
#1993=VERTEX_POINT('',#7534);
#1994=VERTEX_POINT('',#7566);
#1995=VERTEX_POINT('',#7575);
#1996=VERTEX_POINT('',#7602);
#1997=VERTEX_POINT('',#7634);
#1998=VERTEX_POINT('',#7666);
#1999=VERTEX_POINT('',#7698);
#2000=VERTEX_POINT('',#7707);
#2001=VERTEX_POINT('',#7734);
#2002=VERTEX_POINT('',#7766);
#2003=VERTEX_POINT('',#7805);
#2004=VERTEX_POINT('',#7806);
#2005=VERTEX_POINT('',#7808);
#2006=VERTEX_POINT('',#7810);
#2007=VERTEX_POINT('',#7812);
#2008=VERTEX_POINT('',#7814);
#2009=VERTEX_POINT('',#7821);
#2010=VERTEX_POINT('',#7823);
#2011=VERTEX_POINT('',#7825);
#2012=VERTEX_POINT('',#7827);
#2013=VERTEX_POINT('',#7829);
#2014=VERTEX_POINT('',#7833);
#2015=VERTEX_POINT('',#7835);
#2016=VERTEX_POINT('',#7839);
#2017=VERTEX_POINT('',#7843);
#2018=VERTEX_POINT('',#7847);
#2019=VERTEX_POINT('',#7874);
#2020=VERTEX_POINT('',#7883);
#2021=VERTEX_POINT('',#7887);
#2022=VERTEX_POINT('',#7891);
#2023=VERTEX_POINT('',#7895);
#2024=VERTEX_POINT('',#7899);
#2025=VERTEX_POINT('',#7928);
#2026=VERTEX_POINT('',#7929);
#2027=VERTEX_POINT('',#7936);
#2028=VERTEX_POINT('',#7938);
#2029=VERTEX_POINT('',#7970);
#2030=VERTEX_POINT('',#7977);
#2031=VERTEX_POINT('',#8009);
#2032=VERTEX_POINT('',#8016);
#2033=VERTEX_POINT('',#8048);
#2034=VERTEX_POINT('',#8055);
#2035=VERTEX_POINT('',#8087);
#2036=VERTEX_POINT('',#8094);
#2037=VERTEX_POINT('',#8126);
#2038=VERTEX_POINT('',#8133);
#2039=VERTEX_POINT('',#8178);
#2040=VERTEX_POINT('',#8179);
#2041=VERTEX_POINT('',#8186);
#2042=VERTEX_POINT('',#8193);
#2043=VERTEX_POINT('',#8200);
#2044=VERTEX_POINT('',#8207);
#2045=VERTEX_POINT('',#8214);
#2046=VERTEX_POINT('',#8216);
#2047=VERTEX_POINT('',#8218);
#2048=VERTEX_POINT('',#8225);
#2049=VERTEX_POINT('',#8232);
#2050=VERTEX_POINT('',#8239);
#2051=VERTEX_POINT('',#8246);
#2052=VERTEX_POINT('',#8253);
#2053=VERTEX_POINT('',#8290);
#2054=VERTEX_POINT('',#8292);
#2055=VERTEX_POINT('',#8324);
#2056=VERTEX_POINT('',#8356);
#2057=VERTEX_POINT('',#8388);
#2058=VERTEX_POINT('',#8420);
#2059=VERTEX_POINT('',#8429);
#2060=VERTEX_POINT('',#8433);
#2061=VERTEX_POINT('',#8460);
#2062=VERTEX_POINT('',#8492);
#2063=VERTEX_POINT('',#8524);
#2064=VERTEX_POINT('',#8556);
#2065=VERTEX_POINT('',#8588);
#2066=VERTEX_POINT('',#8620);
#2067=VERTEX_POINT('',#8659);
#2068=VERTEX_POINT('',#8660);
#2069=VERTEX_POINT('',#8667);
#2070=VERTEX_POINT('',#8674);
#2071=VERTEX_POINT('',#8681);
#2072=VERTEX_POINT('',#8683);
#2073=VERTEX_POINT('',#8685);
#2074=VERTEX_POINT('',#8687);
#2075=VERTEX_POINT('',#8689);
#2076=VERTEX_POINT('',#8691);
#2077=VERTEX_POINT('',#8698);
#2078=VERTEX_POINT('',#8705);
#2079=VERTEX_POINT('',#8712);
#2080=VERTEX_POINT('',#8719);
#2081=VERTEX_POINT('',#8726);
#2082=VERTEX_POINT('',#8733);
#2083=VERTEX_POINT('',#8740);
#2084=VERTEX_POINT('',#8742);
#2085=VERTEX_POINT('',#8744);
#2086=VERTEX_POINT('',#8751);
#2087=VERTEX_POINT('',#8788);
#2088=VERTEX_POINT('',#8790);
#2089=VERTEX_POINT('',#8822);
#2090=VERTEX_POINT('',#8854);
#2091=VERTEX_POINT('',#8863);
#2092=VERTEX_POINT('',#8867);
#2093=VERTEX_POINT('',#8871);
#2094=VERTEX_POINT('',#8875);
#2095=VERTEX_POINT('',#8879);
#2096=VERTEX_POINT('',#8906);
#2097=VERTEX_POINT('',#8938);
#2098=VERTEX_POINT('',#8970);
#2099=VERTEX_POINT('',#9002);
#2100=VERTEX_POINT('',#9034);
#2101=VERTEX_POINT('',#9066);
#2102=VERTEX_POINT('',#9098);
#2103=VERTEX_POINT('',#9107);
#2104=VERTEX_POINT('',#9111);
#2105=VERTEX_POINT('',#9138);
#2106=VERTEX_POINT('',#9170);
#2107=VERTEX_POINT('',#9209);
#2108=VERTEX_POINT('',#9210);
#2109=VERTEX_POINT('',#9212);
#2110=VERTEX_POINT('',#9214);
#2111=VERTEX_POINT('',#9216);
#2112=VERTEX_POINT('',#9218);
#2113=VERTEX_POINT('',#9226);
#2114=VERTEX_POINT('',#9227);
#2115=VERTEX_POINT('',#9286);
#2116=VERTEX_POINT('',#9291);
#2117=VERTEX_POINT('',#9294);
#2118=VERTEX_POINT('',#9295);
#2119=VERTEX_POINT('',#9297);
#2120=VERTEX_POINT('',#9299);
#2121=VERTEX_POINT('',#9301);
#2122=VERTEX_POINT('',#9303);
#2123=VERTEX_POINT('',#9305);
#2124=VERTEX_POINT('',#9307);
#2125=VERTEX_POINT('',#9309);
#2126=VERTEX_POINT('',#9311);
#2127=VERTEX_POINT('',#9313);
#2128=VERTEX_POINT('',#9315);
#2129=VERTEX_POINT('',#9318);
#2130=VERTEX_POINT('',#9320);
#2131=VERTEX_POINT('',#9322);
#2132=VERTEX_POINT('',#9324);
#2133=VERTEX_POINT('',#9327);
#2134=VERTEX_POINT('',#9328);
#2135=VERTEX_POINT('',#9330);
#2136=VERTEX_POINT('',#9332);
#2137=VERTEX_POINT('',#9336);
#2138=VERTEX_POINT('',#9337);
#2139=VERTEX_POINT('',#9339);
#2140=VERTEX_POINT('',#9344);
#2141=VERTEX_POINT('',#9346);
#2142=VERTEX_POINT('',#9348);
#2143=VERTEX_POINT('',#9350);
#2144=VERTEX_POINT('',#9352);
#2145=VERTEX_POINT('',#9354);
#2146=VERTEX_POINT('',#9356);
#2147=VERTEX_POINT('',#9358);
#2148=VERTEX_POINT('',#9360);
#2149=VERTEX_POINT('',#9362);
#2150=VERTEX_POINT('',#9366);
#2151=VERTEX_POINT('',#9367);
#2152=VERTEX_POINT('',#9372);
#2153=VERTEX_POINT('',#9376);
#2154=VERTEX_POINT('',#9378);
#2155=VERTEX_POINT('',#9382);
#2156=VERTEX_POINT('',#9387);
#2157=VERTEX_POINT('',#9388);
#2158=VERTEX_POINT('',#9390);
#2159=VERTEX_POINT('',#9395);
#2160=VERTEX_POINT('',#9397);
#2161=VERTEX_POINT('',#9399);
#2162=VERTEX_POINT('',#9401);
#2163=VERTEX_POINT('',#9403);
#2164=VERTEX_POINT('',#9405);
#2165=VERTEX_POINT('',#9407);
#2166=VERTEX_POINT('',#9409);
#2167=VERTEX_POINT('',#9411);
#2168=VERTEX_POINT('',#9413);
#2169=VERTEX_POINT('',#9419);
#2170=VERTEX_POINT('',#9421);
#2171=VERTEX_POINT('',#9425);
#2172=VERTEX_POINT('',#9429);
#2173=VERTEX_POINT('',#9435);
#2174=VERTEX_POINT('',#9436);
#2175=VERTEX_POINT('',#9438);
#2176=VERTEX_POINT('',#9440);
#2177=VERTEX_POINT('',#9444);
#2178=VERTEX_POINT('',#9445);
#2179=VERTEX_POINT('',#9447);
#2180=VERTEX_POINT('',#9452);
#2181=VERTEX_POINT('',#9454);
#2182=VERTEX_POINT('',#9462);
#2183=VERTEX_POINT('',#9463);
#2184=VERTEX_POINT('',#9465);
#2185=VERTEX_POINT('',#9467);
#2186=VERTEX_POINT('',#9471);
#2187=VERTEX_POINT('',#9472);
#2188=VERTEX_POINT('',#9474);
#2189=VERTEX_POINT('',#9479);
#2190=VERTEX_POINT('',#9481);
#2191=VERTEX_POINT('',#9489);
#2192=VERTEX_POINT('',#9490);
#2193=VERTEX_POINT('',#9492);
#2194=VERTEX_POINT('',#9494);
#2195=VERTEX_POINT('',#9498);
#2196=VERTEX_POINT('',#9499);
#2197=VERTEX_POINT('',#9501);
#2198=VERTEX_POINT('',#9506);
#2199=VERTEX_POINT('',#9508);
#2200=VERTEX_POINT('',#9516);
#2201=VERTEX_POINT('',#9517);
#2202=VERTEX_POINT('',#9519);
#2203=VERTEX_POINT('',#9521);
#2204=VERTEX_POINT('',#9525);
#2205=VERTEX_POINT('',#9526);
#2206=VERTEX_POINT('',#9528);
#2207=VERTEX_POINT('',#9533);
#2208=VERTEX_POINT('',#9535);
#2209=VERTEX_POINT('',#9543);
#2210=VERTEX_POINT('',#9550);
#2211=VERTEX_POINT('',#9554);
#2212=VERTEX_POINT('',#9556);
#2213=VERTEX_POINT('',#9558);
#2214=VERTEX_POINT('',#9560);
#2215=VERTEX_POINT('',#9562);
#2216=VERTEX_POINT('',#9564);
#2217=VERTEX_POINT('',#9566);
#2218=VERTEX_POINT('',#9568);
#2219=VERTEX_POINT('',#9570);
#2220=VERTEX_POINT('',#9572);
#2221=VERTEX_POINT('',#9574);
#2222=VERTEX_POINT('',#9576);
#2223=VERTEX_POINT('',#9580);
#2224=VERTEX_POINT('',#9581);
#2225=VERTEX_POINT('',#9583);
#2226=VERTEX_POINT('',#9585);
#2227=VERTEX_POINT('',#9589);
#2228=VERTEX_POINT('',#9591);
#2229=VERTEX_POINT('',#9593);
#2230=VERTEX_POINT('',#9597);
#2231=VERTEX_POINT('',#9599);
#2232=VERTEX_POINT('',#9603);
#2233=VERTEX_POINT('',#9607);
#2234=VERTEX_POINT('',#9609);
#2235=VERTEX_POINT('',#9616);
#2236=VERTEX_POINT('',#9621);
#2237=VERTEX_POINT('',#9623);
#2238=VERTEX_POINT('',#9627);
#2239=VERTEX_POINT('',#9629);
#2240=VERTEX_POINT('',#9633);
#2241=VERTEX_POINT('',#9634);
#2242=VERTEX_POINT('',#9639);
#2243=VERTEX_POINT('',#9641);
#2244=VERTEX_POINT('',#9651);
#2245=VERTEX_POINT('',#9652);
#2246=VERTEX_POINT('',#9654);
#2247=VERTEX_POINT('',#9658);
#2248=VERTEX_POINT('',#9659);
#2249=VERTEX_POINT('',#9664);
#2250=VERTEX_POINT('',#9665);
#2251=VERTEX_POINT('',#9670);
#2252=VERTEX_POINT('',#9671);
#2253=VERTEX_POINT('',#9676);
#2254=VERTEX_POINT('',#9677);
#2255=VERTEX_POINT('',#9682);
#2256=VERTEX_POINT('',#9684);
#2257=VERTEX_POINT('',#9696);
#2258=VERTEX_POINT('',#9697);
#2259=VERTEX_POINT('',#9709);
#2260=VERTEX_POINT('',#9711);
#2261=VERTEX_POINT('',#9714);
#2262=VERTEX_POINT('',#9716);
#2263=VERTEX_POINT('',#9718);
#2264=VERTEX_POINT('',#9720);
#2265=VERTEX_POINT('',#9722);
#2266=VERTEX_POINT('',#9724);
#2267=VERTEX_POINT('',#9730);
#2268=VERTEX_POINT('',#9732);
#2269=VERTEX_POINT('',#9736);
#2270=VERTEX_POINT('',#9740);
#2271=VERTEX_POINT('',#9746);
#2272=VERTEX_POINT('',#9747);
#2273=VERTEX_POINT('',#9749);
#2274=VERTEX_POINT('',#9751);
#2275=VERTEX_POINT('',#9755);
#2276=VERTEX_POINT('',#9756);
#2277=VERTEX_POINT('',#9759);
#2278=VERTEX_POINT('',#9763);
#2279=VERTEX_POINT('',#9765);
#2280=VERTEX_POINT('',#9773);
#2281=VERTEX_POINT('',#9774);
#2282=VERTEX_POINT('',#9776);
#2283=VERTEX_POINT('',#9778);
#2284=VERTEX_POINT('',#9782);
#2285=VERTEX_POINT('',#9783);
#2286=VERTEX_POINT('',#9786);
#2287=VERTEX_POINT('',#9790);
#2288=VERTEX_POINT('',#9792);
#2289=VERTEX_POINT('',#9800);
#2290=VERTEX_POINT('',#9801);
#2291=VERTEX_POINT('',#9803);
#2292=VERTEX_POINT('',#9805);
#2293=VERTEX_POINT('',#9809);
#2294=VERTEX_POINT('',#9810);
#2295=VERTEX_POINT('',#9813);
#2296=VERTEX_POINT('',#9817);
#2297=VERTEX_POINT('',#9819);
#2298=VERTEX_POINT('',#9827);
#2299=VERTEX_POINT('',#9828);
#2300=VERTEX_POINT('',#9830);
#2301=VERTEX_POINT('',#9832);
#2302=VERTEX_POINT('',#9836);
#2303=VERTEX_POINT('',#9837);
#2304=VERTEX_POINT('',#9840);
#2305=VERTEX_POINT('',#9844);
#2306=VERTEX_POINT('',#9846);
#2307=VERTEX_POINT('',#9854);
#2308=VERTEX_POINT('',#9861);
#2309=VERTEX_POINT('',#9865);
#2310=VERTEX_POINT('',#9866);
#2311=VERTEX_POINT('',#9873);
#2312=VERTEX_POINT('',#9875);
#2313=VERTEX_POINT('',#9881);
#2314=VERTEX_POINT('',#9886);
#2315=VERTEX_POINT('',#9888);
#2316=VERTEX_POINT('',#9892);
#2317=VERTEX_POINT('',#9894);
#2318=VERTEX_POINT('',#9903);
#2319=VERTEX_POINT('',#9905);
#2320=VERTEX_POINT('',#9909);
#2321=VERTEX_POINT('',#9911);
#2322=VERTEX_POINT('',#9915);
#2323=VERTEX_POINT('',#9916);
#2324=VERTEX_POINT('',#9921);
#2325=VERTEX_POINT('',#9923);
#2326=VERTEX_POINT('',#9935);
#2327=VERTEX_POINT('',#9936);
#2328=VERTEX_POINT('',#9938);
#2329=VERTEX_POINT('',#9942);
#2330=VERTEX_POINT('',#9943);
#2331=VERTEX_POINT('',#9948);
#2332=VERTEX_POINT('',#9949);
#2333=VERTEX_POINT('',#9954);
#2334=VERTEX_POINT('',#9955);
#2335=VERTEX_POINT('',#9960);
#2336=VERTEX_POINT('',#9965);
#2337=VERTEX_POINT('',#9981);
#2338=VERTEX_POINT('',#9982);
#2339=EDGE_CURVE('',#1932,#1932,#1800,.T.);
#2340=EDGE_CURVE('',#1933,#1932,#1801,.T.);
#2341=EDGE_CURVE('',#1934,#1933,#1688,.T.);
#2342=EDGE_CURVE('',#1933,#1934,#1689,.T.);
#2343=EDGE_CURVE('',#1935,#1935,#1690,.T.);
#2344=EDGE_CURVE('',#1935,#1936,#284,.T.);
#2345=EDGE_CURVE('',#1936,#1936,#1691,.T.);
#2346=EDGE_CURVE('',#1937,#1938,#1802,.T.);
#2347=EDGE_CURVE('',#1938,#1939,#285,.T.);
#2348=EDGE_CURVE('',#1940,#1939,#1803,.T.);
#2349=EDGE_CURVE('',#1937,#1940,#286,.T.);
#2350=EDGE_CURVE('',#1938,#1941,#1804,.T.);
#2351=EDGE_CURVE('',#1941,#1942,#287,.T.);
#2352=EDGE_CURVE('',#1939,#1942,#1805,.T.);
#2353=EDGE_CURVE('',#1941,#1943,#1806,.T.);
#2354=EDGE_CURVE('',#1943,#1944,#288,.T.);
#2355=EDGE_CURVE('',#1942,#1944,#1807,.T.);
#2356=EDGE_CURVE('',#1943,#1945,#1808,.T.);
#2357=EDGE_CURVE('',#1945,#1946,#289,.T.);
#2358=EDGE_CURVE('',#1944,#1946,#1809,.T.);
#2359=EDGE_CURVE('',#1945,#1947,#1810,.T.);
#2360=EDGE_CURVE('',#1947,#1948,#290,.T.);
#2361=EDGE_CURVE('',#1946,#1948,#1811,.T.);
#2362=EDGE_CURVE('',#1947,#1949,#1812,.T.);
#2363=EDGE_CURVE('',#1949,#1950,#291,.T.);
#2364=EDGE_CURVE('',#1948,#1950,#1813,.T.);
#2365=EDGE_CURVE('',#1949,#1951,#1814,.T.);
#2366=EDGE_CURVE('',#1951,#1952,#292,.T.);
#2367=EDGE_CURVE('',#1950,#1952,#1815,.T.);
#2368=EDGE_CURVE('',#1951,#1937,#1816,.T.);
#2369=EDGE_CURVE('',#1952,#1940,#1817,.T.);
#2370=EDGE_CURVE('',#1953,#1954,#1818,.T.);
#2371=EDGE_CURVE('',#1955,#1953,#1819,.T.);
#2372=EDGE_CURVE('',#1956,#1955,#1820,.T.);
#2373=EDGE_CURVE('',#1954,#1956,#1821,.T.);
#2374=EDGE_CURVE('',#1954,#1957,#293,.T.);
#2375=EDGE_CURVE('',#1958,#1957,#1822,.T.);
#2376=EDGE_CURVE('',#1953,#1958,#294,.T.);
#2377=EDGE_CURVE('',#1959,#1958,#1823,.T.);
#2378=EDGE_CURVE('',#1955,#1959,#295,.T.);
#2379=EDGE_CURVE('',#1960,#1959,#1824,.T.);
#2380=EDGE_CURVE('',#1956,#1960,#296,.T.);
#2381=EDGE_CURVE('',#1957,#1960,#1825,.T.);
#2382=EDGE_CURVE('',#1961,#1962,#1826,.T.);
#2383=EDGE_CURVE('',#1962,#1963,#297,.T.);
#2384=EDGE_CURVE('',#1964,#1963,#1827,.T.);
#2385=EDGE_CURVE('',#1961,#1964,#298,.T.);
#2386=EDGE_CURVE('',#1962,#1965,#1828,.T.);
#2387=EDGE_CURVE('',#1965,#1966,#299,.T.);
#2388=EDGE_CURVE('',#1963,#1966,#1829,.T.);
#2389=EDGE_CURVE('',#1965,#1967,#1830,.T.);
#2390=EDGE_CURVE('',#1967,#1968,#300,.T.);
#2391=EDGE_CURVE('',#1966,#1968,#1831,.T.);
#2392=EDGE_CURVE('',#1967,#1969,#1832,.T.);
#2393=EDGE_CURVE('',#1969,#1970,#301,.T.);
#2394=EDGE_CURVE('',#1968,#1970,#1833,.T.);
#2395=EDGE_CURVE('',#1969,#1961,#1834,.T.);
#2396=EDGE_CURVE('',#1970,#1964,#1835,.T.);
#2397=EDGE_CURVE('',#1971,#1972,#1836,.T.);
#2398=EDGE_CURVE('',#1972,#1973,#302,.T.);
#2399=EDGE_CURVE('',#1974,#1973,#1837,.T.);
#2400=EDGE_CURVE('',#1971,#1974,#303,.T.);
#2401=EDGE_CURVE('',#1972,#1975,#1838,.T.);
#2402=EDGE_CURVE('',#1975,#1976,#304,.T.);
#2403=EDGE_CURVE('',#1973,#1976,#1839,.T.);
#2404=EDGE_CURVE('',#1975,#1977,#1840,.T.);
#2405=EDGE_CURVE('',#1977,#1978,#305,.T.);
#2406=EDGE_CURVE('',#1976,#1978,#1841,.T.);
#2407=EDGE_CURVE('',#1977,#1979,#1842,.T.);
#2408=EDGE_CURVE('',#1979,#1980,#306,.T.);
#2409=EDGE_CURVE('',#1978,#1980,#1843,.T.);
#2410=EDGE_CURVE('',#1979,#1971,#1844,.T.);
#2411=EDGE_CURVE('',#1980,#1974,#1845,.T.);
#2412=EDGE_CURVE('',#1981,#1982,#1846,.T.);
#2413=EDGE_CURVE('',#1983,#1981,#1847,.T.);
#2414=EDGE_CURVE('',#1984,#1983,#1692,.T.);
#2415=EDGE_CURVE('',#1985,#1984,#1848,.T.);
#2416=EDGE_CURVE('',#1986,#1985,#1849,.T.);
#2417=EDGE_CURVE('',#1987,#1986,#1850,.T.);
#2418=EDGE_CURVE('',#1988,#1987,#1851,.T.);
#2419=EDGE_CURVE('',#1989,#1988,#1693,.T.);
#2420=EDGE_CURVE('',#1990,#1989,#1852,.T.);
#2421=EDGE_CURVE('',#1991,#1990,#1853,.T.);
#2422=EDGE_CURVE('',#1982,#1991,#1854,.T.);
#2423=EDGE_CURVE('',#1982,#1992,#307,.T.);
#2424=EDGE_CURVE('',#1993,#1992,#1855,.T.);
#2425=EDGE_CURVE('',#1981,#1993,#308,.T.);
#2426=EDGE_CURVE('',#1994,#1993,#1856,.T.);
#2427=EDGE_CURVE('',#1983,#1994,#309,.T.);
#2428=EDGE_CURVE('',#1995,#1994,#1694,.T.);
#2429=EDGE_CURVE('',#1984,#1995,#310,.T.);
#2430=EDGE_CURVE('',#1996,#1995,#1857,.T.);
#2431=EDGE_CURVE('',#1985,#1996,#311,.T.);
#2432=EDGE_CURVE('',#1997,#1996,#1858,.T.);
#2433=EDGE_CURVE('',#1986,#1997,#312,.T.);
#2434=EDGE_CURVE('',#1998,#1997,#1859,.T.);
#2435=EDGE_CURVE('',#1987,#1998,#313,.T.);
#2436=EDGE_CURVE('',#1999,#1998,#1860,.T.);
#2437=EDGE_CURVE('',#1988,#1999,#314,.T.);
#2438=EDGE_CURVE('',#2000,#1999,#1695,.T.);
#2439=EDGE_CURVE('',#1989,#2000,#315,.T.);
#2440=EDGE_CURVE('',#2001,#2000,#1861,.T.);
#2441=EDGE_CURVE('',#1990,#2001,#316,.T.);
#2442=EDGE_CURVE('',#2002,#2001,#1862,.T.);
#2443=EDGE_CURVE('',#1991,#2002,#317,.T.);
#2444=EDGE_CURVE('',#1992,#2002,#1863,.T.);
#2445=EDGE_CURVE('',#2003,#2004,#1696,.T.);
#2446=EDGE_CURVE('',#2005,#2003,#318,.T.);
#2447=EDGE_CURVE('',#2006,#2005,#1697,.T.);
#2448=EDGE_CURVE('',#2007,#2006,#319,.T.);
#2449=EDGE_CURVE('',#2008,#2007,#1864,.T.);
#2450=EDGE_CURVE('',#2009,#2008,#1698,.T.);
#2451=EDGE_CURVE('',#2010,#2009,#320,.T.);
#2452=EDGE_CURVE('',#2011,#2010,#1699,.T.);
#2453=EDGE_CURVE('',#2012,#2011,#321,.T.);
#2454=EDGE_CURVE('',#2013,#2012,#1700,.T.);
#2455=EDGE_CURVE('',#2004,#2013,#322,.T.);
#2456=EDGE_CURVE('',#2004,#2014,#323,.T.);
#2457=EDGE_CURVE('',#2015,#2014,#1701,.T.);
#2458=EDGE_CURVE('',#2003,#2015,#324,.T.);
#2459=EDGE_CURVE('',#2016,#2015,#325,.T.);
#2460=EDGE_CURVE('',#2005,#2016,#326,.T.);
#2461=EDGE_CURVE('',#2017,#2016,#1702,.T.);
#2462=EDGE_CURVE('',#2006,#2017,#327,.T.);
#2463=EDGE_CURVE('',#2018,#2017,#328,.T.);
#2464=EDGE_CURVE('',#2007,#2018,#329,.T.);
#2465=EDGE_CURVE('',#2019,#2018,#1865,.T.);
#2466=EDGE_CURVE('',#2008,#2019,#330,.T.);
#2467=EDGE_CURVE('',#2020,#2019,#1703,.T.);
#2468=EDGE_CURVE('',#2009,#2020,#331,.T.);
#2469=EDGE_CURVE('',#2021,#2020,#332,.T.);
#2470=EDGE_CURVE('',#2010,#2021,#333,.T.);
#2471=EDGE_CURVE('',#2022,#2021,#1704,.T.);
#2472=EDGE_CURVE('',#2011,#2022,#334,.T.);
#2473=EDGE_CURVE('',#2023,#2022,#335,.T.);
#2474=EDGE_CURVE('',#2012,#2023,#336,.T.);
#2475=EDGE_CURVE('',#2024,#2023,#1705,.T.);
#2476=EDGE_CURVE('',#2013,#2024,#337,.T.);
#2477=EDGE_CURVE('',#2014,#2024,#338,.T.);
#2478=EDGE_CURVE('',#2025,#2026,#1866,.T.);
#2479=EDGE_CURVE('',#2026,#2027,#339,.T.);
#2480=EDGE_CURVE('',#2028,#2027,#1867,.T.);
#2481=EDGE_CURVE('',#2025,#2028,#340,.T.);
#2482=EDGE_CURVE('',#2026,#2029,#1868,.T.);
#2483=EDGE_CURVE('',#2029,#2030,#341,.T.);
#2484=EDGE_CURVE('',#2027,#2030,#1869,.T.);
#2485=EDGE_CURVE('',#2029,#2031,#1870,.T.);
#2486=EDGE_CURVE('',#2031,#2032,#342,.T.);
#2487=EDGE_CURVE('',#2030,#2032,#1871,.T.);
#2488=EDGE_CURVE('',#2031,#2033,#1872,.T.);
#2489=EDGE_CURVE('',#2033,#2034,#343,.T.);
#2490=EDGE_CURVE('',#2032,#2034,#1873,.T.);
#2491=EDGE_CURVE('',#2033,#2035,#1874,.T.);
#2492=EDGE_CURVE('',#2035,#2036,#344,.T.);
#2493=EDGE_CURVE('',#2034,#2036,#1875,.T.);
#2494=EDGE_CURVE('',#2035,#2037,#1876,.T.);
#2495=EDGE_CURVE('',#2037,#2038,#345,.T.);
#2496=EDGE_CURVE('',#2036,#2038,#1877,.T.);
#2497=EDGE_CURVE('',#2037,#2025,#1878,.T.);
#2498=EDGE_CURVE('',#2038,#2028,#1879,.T.);
#2499=EDGE_CURVE('',#2039,#2040,#1880,.T.);
#2500=EDGE_CURVE('',#2041,#2039,#1881,.T.);
#2501=EDGE_CURVE('',#2042,#2041,#1882,.T.);
#2502=EDGE_CURVE('',#2043,#2042,#1883,.T.);
#2503=EDGE_CURVE('',#2044,#2043,#1884,.T.);
#2504=EDGE_CURVE('',#2045,#2044,#346,.T.);
#2505=EDGE_CURVE('',#2046,#2045,#1706,.T.);
#2506=EDGE_CURVE('',#2047,#2046,#1885,.T.);
#2507=EDGE_CURVE('',#2048,#2047,#1886,.T.);
#2508=EDGE_CURVE('',#2049,#2048,#1887,.T.);
#2509=EDGE_CURVE('',#2050,#2049,#1888,.T.);
#2510=EDGE_CURVE('',#2051,#2050,#1889,.T.);
#2511=EDGE_CURVE('',#2052,#2051,#1890,.T.);
#2512=EDGE_CURVE('',#2040,#2052,#1891,.T.);
#2513=EDGE_CURVE('',#2040,#2053,#347,.T.);
#2514=EDGE_CURVE('',#2054,#2053,#1892,.T.);
#2515=EDGE_CURVE('',#2039,#2054,#348,.T.);
#2516=EDGE_CURVE('',#2055,#2054,#1893,.T.);
#2517=EDGE_CURVE('',#2041,#2055,#349,.T.);
#2518=EDGE_CURVE('',#2056,#2055,#1894,.T.);
#2519=EDGE_CURVE('',#2042,#2056,#350,.T.);
#2520=EDGE_CURVE('',#2057,#2056,#1895,.T.);
#2521=EDGE_CURVE('',#2043,#2057,#351,.T.);
#2522=EDGE_CURVE('',#2058,#2057,#1896,.T.);
#2523=EDGE_CURVE('',#2044,#2058,#352,.T.);
#2524=EDGE_CURVE('',#2059,#2058,#353,.T.);
#2525=EDGE_CURVE('',#2045,#2059,#354,.T.);
#2526=EDGE_CURVE('',#2060,#2059,#1707,.T.);
#2527=EDGE_CURVE('',#2046,#2060,#355,.T.);
#2528=EDGE_CURVE('',#2061,#2060,#1897,.T.);
#2529=EDGE_CURVE('',#2047,#2061,#356,.T.);
#2530=EDGE_CURVE('',#2062,#2061,#1898,.T.);
#2531=EDGE_CURVE('',#2048,#2062,#357,.T.);
#2532=EDGE_CURVE('',#2063,#2062,#1899,.T.);
#2533=EDGE_CURVE('',#2049,#2063,#358,.T.);
#2534=EDGE_CURVE('',#2064,#2063,#1900,.T.);
#2535=EDGE_CURVE('',#2050,#2064,#359,.T.);
#2536=EDGE_CURVE('',#2065,#2064,#1901,.T.);
#2537=EDGE_CURVE('',#2051,#2065,#360,.T.);
#2538=EDGE_CURVE('',#2066,#2065,#1902,.T.);
#2539=EDGE_CURVE('',#2052,#2066,#361,.T.);
#2540=EDGE_CURVE('',#2053,#2066,#1903,.T.);
#2541=EDGE_CURVE('',#2067,#2068,#1904,.T.);
#2542=EDGE_CURVE('',#2069,#2067,#1905,.T.);
#2543=EDGE_CURVE('',#2070,#2069,#1906,.T.);
#2544=EDGE_CURVE('',#2071,#2070,#1708,.T.);
#2545=EDGE_CURVE('',#2072,#2071,#362,.T.);
#2546=EDGE_CURVE('',#2073,#2072,#1709,.T.);
#2547=EDGE_CURVE('',#2074,#2073,#363,.T.);
#2548=EDGE_CURVE('',#2075,#2074,#1710,.T.);
#2549=EDGE_CURVE('',#2076,#2075,#1907,.T.);
#2550=EDGE_CURVE('',#2077,#2076,#1908,.T.);
#2551=EDGE_CURVE('',#2078,#2077,#1909,.T.);
#2552=EDGE_CURVE('',#2079,#2078,#1910,.T.);
#2553=EDGE_CURVE('',#2080,#2079,#1911,.T.);
#2554=EDGE_CURVE('',#2081,#2080,#1912,.T.);
#2555=EDGE_CURVE('',#2082,#2081,#1913,.T.);
#2556=EDGE_CURVE('',#2083,#2082,#364,.T.);
#2557=EDGE_CURVE('',#2084,#2083,#1711,.T.);
#2558=EDGE_CURVE('',#2085,#2084,#1914,.T.);
#2559=EDGE_CURVE('',#2086,#2085,#1915,.T.);
#2560=EDGE_CURVE('',#2068,#2086,#1916,.T.);
#2561=EDGE_CURVE('',#2068,#2087,#365,.T.);
#2562=EDGE_CURVE('',#2088,#2087,#1917,.T.);
#2563=EDGE_CURVE('',#2067,#2088,#366,.T.);
#2564=EDGE_CURVE('',#2089,#2088,#1918,.T.);
#2565=EDGE_CURVE('',#2069,#2089,#367,.T.);
#2566=EDGE_CURVE('',#2090,#2089,#1919,.T.);
#2567=EDGE_CURVE('',#2070,#2090,#368,.T.);
#2568=EDGE_CURVE('',#2091,#2090,#1712,.T.);
#2569=EDGE_CURVE('',#2071,#2091,#369,.T.);
#2570=EDGE_CURVE('',#2092,#2091,#370,.T.);
#2571=EDGE_CURVE('',#2072,#2092,#371,.T.);
#2572=EDGE_CURVE('',#2093,#2092,#1713,.T.);
#2573=EDGE_CURVE('',#2073,#2093,#372,.T.);
#2574=EDGE_CURVE('',#2094,#2093,#373,.T.);
#2575=EDGE_CURVE('',#2074,#2094,#374,.T.);
#2576=EDGE_CURVE('',#2095,#2094,#1714,.T.);
#2577=EDGE_CURVE('',#2075,#2095,#375,.T.);
#2578=EDGE_CURVE('',#2096,#2095,#1920,.T.);
#2579=EDGE_CURVE('',#2076,#2096,#376,.T.);
#2580=EDGE_CURVE('',#2097,#2096,#1921,.T.);
#2581=EDGE_CURVE('',#2077,#2097,#377,.T.);
#2582=EDGE_CURVE('',#2098,#2097,#1922,.T.);
#2583=EDGE_CURVE('',#2078,#2098,#378,.T.);
#2584=EDGE_CURVE('',#2099,#2098,#1923,.T.);
#2585=EDGE_CURVE('',#2079,#2099,#379,.T.);
#2586=EDGE_CURVE('',#2100,#2099,#1924,.T.);
#2587=EDGE_CURVE('',#2080,#2100,#380,.T.);
#2588=EDGE_CURVE('',#2101,#2100,#1925,.T.);
#2589=EDGE_CURVE('',#2081,#2101,#381,.T.);
#2590=EDGE_CURVE('',#2102,#2101,#1926,.T.);
#2591=EDGE_CURVE('',#2082,#2102,#382,.T.);
#2592=EDGE_CURVE('',#2103,#2102,#383,.T.);
#2593=EDGE_CURVE('',#2083,#2103,#384,.T.);
#2594=EDGE_CURVE('',#2104,#2103,#1715,.T.);
#2595=EDGE_CURVE('',#2084,#2104,#385,.T.);
#2596=EDGE_CURVE('',#2105,#2104,#1927,.T.);
#2597=EDGE_CURVE('',#2085,#2105,#386,.T.);
#2598=EDGE_CURVE('',#2106,#2105,#1928,.T.);
#2599=EDGE_CURVE('',#2086,#2106,#387,.T.);
#2600=EDGE_CURVE('',#2087,#2106,#1929,.T.);
#2601=EDGE_CURVE('',#2107,#2108,#388,.T.);
#2602=EDGE_CURVE('',#2109,#2107,#1716,.T.);
#2603=EDGE_CURVE('',#2110,#2109,#389,.T.);
#2604=EDGE_CURVE('',#2111,#2110,#1717,.T.);
#2605=EDGE_CURVE('',#2111,#2112,#390,.T.);
#2606=EDGE_CURVE('',#2112,#2112,#1718,.T.);
#2607=EDGE_CURVE('',#2108,#2111,#1719,.T.);
#2608=EDGE_CURVE('',#2113,#2114,#1930,.T.);
#2609=EDGE_CURVE('',#2114,#2113,#1931,.T.);
#2610=EDGE_CURVE('',#2115,#2115,#1720,.T.);
#2611=EDGE_CURVE('',#2108,#2110,#391,.T.);
#2612=EDGE_CURVE('',#2116,#2116,#1721,.T.);
#2613=EDGE_CURVE('',#2117,#2118,#392,.T.);
#2614=EDGE_CURVE('',#2118,#2119,#393,.T.);
#2615=EDGE_CURVE('',#2119,#2120,#394,.T.);
#2616=EDGE_CURVE('',#2121,#2120,#395,.T.);
#2617=EDGE_CURVE('',#2122,#2121,#396,.T.);
#2618=EDGE_CURVE('',#2123,#2122,#397,.T.);
#2619=EDGE_CURVE('',#2124,#2123,#398,.T.);
#2620=EDGE_CURVE('',#2124,#2125,#399,.T.);
#2621=EDGE_CURVE('',#2126,#2125,#400,.T.);
#2622=EDGE_CURVE('',#2127,#2126,#401,.T.);
#2623=EDGE_CURVE('',#2128,#2127,#402,.T.);
#2624=EDGE_CURVE('',#2117,#2128,#403,.T.);
#2625=EDGE_CURVE('',#2109,#2129,#404,.T.);
#2626=EDGE_CURVE('',#2129,#2130,#405,.T.);
#2627=EDGE_CURVE('',#2130,#2131,#406,.T.);
#2628=EDGE_CURVE('',#2131,#2132,#407,.T.);
#2629=EDGE_CURVE('',#2132,#2107,#408,.T.);
#2630=EDGE_CURVE('',#2133,#2134,#409,.T.);
#2631=EDGE_CURVE('',#2134,#2135,#410,.T.);
#2632=EDGE_CURVE('',#2135,#2136,#411,.T.);
#2633=EDGE_CURVE('',#2136,#2133,#412,.T.);
#2634=EDGE_CURVE('',#2137,#2138,#1722,.T.);
#2635=EDGE_CURVE('',#2137,#2139,#1723,.T.);
#2636=EDGE_CURVE('',#2139,#2139,#1724,.T.);
#2637=EDGE_CURVE('',#2138,#2137,#1725,.T.);
#2638=EDGE_CURVE('',#2140,#2127,#413,.T.);
#2639=EDGE_CURVE('',#2141,#2140,#414,.T.);
#2640=EDGE_CURVE('',#2142,#2141,#415,.T.);
#2641=EDGE_CURVE('',#2143,#2142,#1726,.T.);
#2642=EDGE_CURVE('',#2144,#2143,#416,.T.);
#2643=EDGE_CURVE('',#2145,#2144,#1727,.T.);
#2644=EDGE_CURVE('',#2146,#2145,#417,.T.);
#2645=EDGE_CURVE('',#2146,#2147,#418,.T.);
#2646=EDGE_CURVE('',#2147,#2148,#419,.T.);
#2647=EDGE_CURVE('',#2149,#2148,#420,.T.);
#2648=EDGE_CURVE('',#2128,#2149,#421,.T.);
#2649=EDGE_CURVE('',#2150,#2151,#1728,.T.);
#2650=EDGE_CURVE('',#2151,#2138,#1729,.T.);
#2651=EDGE_CURVE('',#2151,#2150,#1730,.T.);
#2652=EDGE_CURVE('',#2152,#2152,#1731,.T.);
#2653=EDGE_CURVE('',#2152,#2114,#422,.T.);
#2654=EDGE_CURVE('',#2153,#2153,#1732,.T.);
#2655=EDGE_CURVE('',#2153,#2154,#1733,.T.);
#2656=EDGE_CURVE('',#2154,#2154,#1734,.T.);
#2657=EDGE_CURVE('',#2155,#2155,#1735,.T.);
#2658=EDGE_CURVE('',#2116,#2154,#1736,.T.);
#2659=EDGE_CURVE('',#2156,#2157,#1737,.T.);
#2660=EDGE_CURVE('',#2156,#2158,#1738,.T.);
#2661=EDGE_CURVE('',#2158,#2158,#1739,.T.);
#2662=EDGE_CURVE('',#2157,#2156,#1740,.T.);
#2663=EDGE_CURVE('',#2125,#2159,#423,.T.);
#2664=EDGE_CURVE('',#2159,#2160,#424,.T.);
#2665=EDGE_CURVE('',#2160,#2161,#425,.T.);
#2666=EDGE_CURVE('',#2161,#2162,#426,.T.);
#2667=EDGE_CURVE('',#2162,#2163,#427,.T.);
#2668=EDGE_CURVE('',#2163,#2164,#1741,.T.);
#2669=EDGE_CURVE('',#2164,#2165,#428,.T.);
#2670=EDGE_CURVE('',#2165,#2166,#1742,.T.);
#2671=EDGE_CURVE('',#2166,#2167,#429,.T.);
#2672=EDGE_CURVE('',#2167,#2168,#430,.T.);
#2673=EDGE_CURVE('',#2168,#2126,#431,.T.);
#2674=EDGE_CURVE('',#2115,#2157,#1743,.T.);
#2675=EDGE_CURVE('',#2169,#2133,#432,.T.);
#2676=EDGE_CURVE('',#2170,#2169,#433,.T.);
#2677=EDGE_CURVE('',#2170,#2134,#434,.T.);
#2678=EDGE_CURVE('',#2171,#2136,#435,.T.);
#2679=EDGE_CURVE('',#2169,#2171,#436,.T.);
#2680=EDGE_CURVE('',#2172,#2135,#437,.T.);
#2681=EDGE_CURVE('',#2171,#2172,#438,.T.);
#2682=EDGE_CURVE('',#2172,#2170,#439,.T.);
#2683=EDGE_CURVE('',#2173,#2174,#440,.T.);
#2684=EDGE_CURVE('',#2173,#2175,#441,.T.);
#2685=EDGE_CURVE('',#2175,#2176,#442,.T.);
#2686=EDGE_CURVE('',#2174,#2176,#443,.T.);
#2687=EDGE_CURVE('',#2177,#2178,#444,.T.);
#2688=EDGE_CURVE('',#2177,#2179,#445,.T.);
#2689=EDGE_CURVE('',#2179,#2175,#446,.T.);
#2690=EDGE_CURVE('',#2178,#2173,#447,.T.);
#2691=EDGE_CURVE('',#2180,#2177,#448,.T.);
#2692=EDGE_CURVE('',#2180,#2181,#449,.T.);
#2693=EDGE_CURVE('',#2181,#2179,#450,.T.);
#2694=EDGE_CURVE('',#2174,#2180,#451,.T.);
#2695=EDGE_CURVE('',#2176,#2181,#452,.T.);
#2696=EDGE_CURVE('',#2182,#2183,#453,.T.);
#2697=EDGE_CURVE('',#2182,#2184,#454,.T.);
#2698=EDGE_CURVE('',#2184,#2185,#455,.T.);
#2699=EDGE_CURVE('',#2183,#2185,#456,.T.);
#2700=EDGE_CURVE('',#2186,#2187,#457,.T.);
#2701=EDGE_CURVE('',#2186,#2188,#458,.T.);
#2702=EDGE_CURVE('',#2188,#2184,#459,.T.);
#2703=EDGE_CURVE('',#2187,#2182,#460,.T.);
#2704=EDGE_CURVE('',#2189,#2186,#461,.T.);
#2705=EDGE_CURVE('',#2189,#2190,#462,.T.);
#2706=EDGE_CURVE('',#2190,#2188,#463,.T.);
#2707=EDGE_CURVE('',#2183,#2189,#464,.T.);
#2708=EDGE_CURVE('',#2185,#2190,#465,.T.);
#2709=EDGE_CURVE('',#2191,#2192,#466,.T.);
#2710=EDGE_CURVE('',#2191,#2193,#467,.T.);
#2711=EDGE_CURVE('',#2193,#2194,#468,.T.);
#2712=EDGE_CURVE('',#2192,#2194,#469,.T.);
#2713=EDGE_CURVE('',#2195,#2196,#470,.T.);
#2714=EDGE_CURVE('',#2195,#2197,#471,.T.);
#2715=EDGE_CURVE('',#2197,#2193,#472,.T.);
#2716=EDGE_CURVE('',#2196,#2191,#473,.T.);
#2717=EDGE_CURVE('',#2198,#2195,#474,.T.);
#2718=EDGE_CURVE('',#2198,#2199,#475,.T.);
#2719=EDGE_CURVE('',#2199,#2197,#476,.T.);
#2720=EDGE_CURVE('',#2192,#2198,#477,.T.);
#2721=EDGE_CURVE('',#2194,#2199,#478,.T.);
#2722=EDGE_CURVE('',#2200,#2201,#479,.T.);
#2723=EDGE_CURVE('',#2200,#2202,#480,.T.);
#2724=EDGE_CURVE('',#2202,#2203,#481,.T.);
#2725=EDGE_CURVE('',#2201,#2203,#482,.T.);
#2726=EDGE_CURVE('',#2204,#2205,#483,.T.);
#2727=EDGE_CURVE('',#2204,#2206,#484,.T.);
#2728=EDGE_CURVE('',#2206,#2202,#485,.T.);
#2729=EDGE_CURVE('',#2205,#2200,#486,.T.);
#2730=EDGE_CURVE('',#2207,#2204,#487,.T.);
#2731=EDGE_CURVE('',#2207,#2208,#488,.T.);
#2732=EDGE_CURVE('',#2208,#2206,#489,.T.);
#2733=EDGE_CURVE('',#2201,#2207,#490,.T.);
#2734=EDGE_CURVE('',#2203,#2208,#491,.T.);
#2735=EDGE_CURVE('',#2209,#2209,#1744,.T.);
#2736=EDGE_CURVE('',#2196,#2178,#1745,.T.);
#2737=EDGE_CURVE('',#2205,#2196,#1746,.T.);
#2738=EDGE_CURVE('',#2187,#2205,#1747,.T.);
#2739=EDGE_CURVE('',#2178,#2187,#1748,.T.);
#2740=EDGE_CURVE('',#2210,#2210,#1749,.T.);
#2741=EDGE_CURVE('',#2210,#2209,#492,.T.);
#2742=EDGE_CURVE('',#2168,#2211,#493,.T.);
#2743=EDGE_CURVE('',#2212,#2211,#1750,.T.);
#2744=EDGE_CURVE('',#2212,#2213,#494,.T.);
#2745=EDGE_CURVE('',#2213,#2214,#495,.T.);
#2746=EDGE_CURVE('',#2215,#2214,#496,.T.);
#2747=EDGE_CURVE('',#2216,#2215,#1751,.T.);
#2748=EDGE_CURVE('',#2216,#2217,#497,.T.);
#2749=EDGE_CURVE('',#2217,#2218,#1752,.T.);
#2750=EDGE_CURVE('',#2218,#2219,#498,.T.);
#2751=EDGE_CURVE('',#2220,#2219,#499,.T.);
#2752=EDGE_CURVE('',#2221,#2220,#500,.T.);
#2753=EDGE_CURVE('',#2221,#2222,#1753,.T.);
#2754=EDGE_CURVE('',#2140,#2222,#501,.T.);
#2755=EDGE_CURVE('',#2223,#2224,#1754,.T.);
#2756=EDGE_CURVE('',#2224,#2225,#502,.T.);
#2757=EDGE_CURVE('',#2225,#2226,#1755,.T.);
#2758=EDGE_CURVE('',#2226,#2223,#503,.T.);
#2759=EDGE_CURVE('',#2227,#2224,#504,.T.);
#2760=EDGE_CURVE('',#2228,#2227,#1756,.T.);
#2761=EDGE_CURVE('',#2229,#2228,#505,.T.);
#2762=EDGE_CURVE('',#2225,#2229,#506,.T.);
#2763=EDGE_CURVE('',#2227,#2230,#507,.T.);
#2764=EDGE_CURVE('',#2231,#2230,#1757,.T.);
#2765=EDGE_CURVE('',#2228,#2231,#508,.T.);
#2766=EDGE_CURVE('',#2232,#2231,#509,.T.);
#2767=EDGE_CURVE('',#2229,#2232,#510,.T.);
#2768=EDGE_CURVE('',#2233,#2232,#511,.T.);
#2769=EDGE_CURVE('',#2230,#2234,#512,.T.);
#2770=EDGE_CURVE('',#2233,#2234,#513,.T.);
#2771=EDGE_CURVE('',#2147,#2226,#514,.T.);
#2772=EDGE_CURVE('',#2223,#2146,#515,.T.);
#2773=EDGE_CURVE('',#2148,#2235,#516,.T.);
#2774=EDGE_CURVE('',#2120,#2148,#517,.T.);
#2775=EDGE_CURVE('',#2235,#2119,#518,.T.);
#2776=EDGE_CURVE('',#2236,#2217,#519,.T.);
#2777=EDGE_CURVE('',#2237,#2236,#1758,.T.);
#2778=EDGE_CURVE('',#2218,#2237,#520,.T.);
#2779=EDGE_CURVE('',#2238,#2237,#521,.T.);
#2780=EDGE_CURVE('',#2239,#2238,#1759,.T.);
#2781=EDGE_CURVE('',#2219,#2239,#522,.T.);
#2782=EDGE_CURVE('',#2240,#2241,#1760,.T.);
#2783=EDGE_CURVE('',#2222,#2240,#523,.T.);
#2784=EDGE_CURVE('',#2241,#2221,#524,.T.);
#2785=EDGE_CURVE('',#2220,#2242,#525,.T.);
#2786=EDGE_CURVE('',#2242,#2243,#1761,.T.);
#2787=EDGE_CURVE('',#2243,#2241,#526,.T.);
#2788=EDGE_CURVE('',#2242,#2239,#527,.T.);
#2789=EDGE_CURVE('',#2243,#2238,#528,.T.);
#2790=EDGE_CURVE('',#2240,#2141,#529,.T.);
#2791=EDGE_CURVE('',#2244,#2245,#1762,.F.);
#2792=EDGE_CURVE('',#2245,#2246,#1763,.F.);
#2793=EDGE_CURVE('',#2246,#2244,#1764,.F.);
#2794=EDGE_CURVE('',#2247,#2248,#1765,.T.);
#2795=EDGE_CURVE('',#2245,#2247,#530,.T.);
#2796=EDGE_CURVE('',#2248,#2244,#531,.T.);
#2797=EDGE_CURVE('',#2249,#2250,#1766,.T.);
#2798=EDGE_CURVE('',#2247,#2249,#1767,.T.);
#2799=EDGE_CURVE('',#2250,#2248,#1768,.T.);
#2800=EDGE_CURVE('',#2251,#2252,#1769,.T.);
#2801=EDGE_CURVE('',#2249,#2251,#532,.T.);
#2802=EDGE_CURVE('',#2252,#2250,#533,.T.);
#2803=EDGE_CURVE('',#2253,#2254,#1770,.T.);
#2804=EDGE_CURVE('',#2251,#2253,#1771,.T.);
#2805=EDGE_CURVE('',#2254,#2252,#1772,.T.);
#2806=EDGE_CURVE('',#2255,#2254,#534,.T.);
#2807=EDGE_CURVE('',#2256,#2255,#14,.T.);
#2808=EDGE_CURVE('',#2253,#2256,#535,.T.);
#2809=EDGE_CURVE('',#2256,#2246,#536,.T.);
#2810=EDGE_CURVE('',#2244,#2255,#537,.T.);
#2811=EDGE_CURVE('',#2251,#2144,#538,.T.);
#2812=EDGE_CURVE('',#2249,#2143,#539,.T.);
#2813=EDGE_CURVE('',#2247,#2142,#540,.T.);
#2814=EDGE_CURVE('',#2257,#2258,#541,.T.);
#2815=EDGE_CURVE('',#2118,#2257,#542,.T.);
#2816=EDGE_CURVE('',#2258,#2117,#543,.T.);
#2817=EDGE_CURVE('',#2150,#2196,#544,.T.);
#2818=EDGE_CURVE('',#2258,#2149,#545,.T.);
#2819=EDGE_CURVE('',#2257,#2235,#546,.T.);
#2820=EDGE_CURVE('',#2256,#2259,#547,.T.);
#2821=EDGE_CURVE('',#2260,#2259,#548,.T.);
#2822=EDGE_CURVE('',#2260,#2163,#549,.T.);
#2823=EDGE_CURVE('',#2261,#2162,#550,.T.);
#2824=EDGE_CURVE('',#2262,#2261,#1773,.T.);
#2825=EDGE_CURVE('',#2263,#2262,#551,.T.);
#2826=EDGE_CURVE('',#2263,#2264,#552,.T.);
#2827=EDGE_CURVE('',#2264,#2265,#553,.T.);
#2828=EDGE_CURVE('',#2266,#2265,#1774,.T.);
#2829=EDGE_CURVE('',#2234,#2266,#554,.T.);
#2830=EDGE_CURVE('',#2253,#2145,#555,.T.);
#2831=EDGE_CURVE('',#2267,#2130,#556,.T.);
#2832=EDGE_CURVE('',#2268,#2267,#557,.T.);
#2833=EDGE_CURVE('',#2268,#2131,#558,.T.);
#2834=EDGE_CURVE('',#2269,#2268,#559,.T.);
#2835=EDGE_CURVE('',#2269,#2132,#560,.T.);
#2836=EDGE_CURVE('',#2270,#2269,#561,.T.);
#2837=EDGE_CURVE('',#2270,#2129,#562,.T.);
#2838=EDGE_CURVE('',#2267,#2270,#563,.T.);
#2839=EDGE_CURVE('',#2271,#2272,#564,.T.);
#2840=EDGE_CURVE('',#2271,#2273,#565,.T.);
#2841=EDGE_CURVE('',#2274,#2273,#566,.T.);
#2842=EDGE_CURVE('',#2272,#2274,#567,.T.);
#2843=EDGE_CURVE('',#2275,#2276,#568,.T.);
#2844=EDGE_CURVE('',#2272,#2275,#569,.T.);
#2845=EDGE_CURVE('',#2277,#2274,#570,.T.);
#2846=EDGE_CURVE('',#2276,#2277,#571,.T.);
#2847=EDGE_CURVE('',#2276,#2278,#572,.T.);
#2848=EDGE_CURVE('',#2279,#2277,#573,.T.);
#2849=EDGE_CURVE('',#2278,#2279,#574,.T.);
#2850=EDGE_CURVE('',#2278,#2271,#575,.T.);
#2851=EDGE_CURVE('',#2273,#2279,#576,.T.);
#2852=EDGE_CURVE('',#2280,#2281,#577,.T.);
#2853=EDGE_CURVE('',#2280,#2282,#578,.T.);
#2854=EDGE_CURVE('',#2283,#2282,#579,.T.);
#2855=EDGE_CURVE('',#2281,#2283,#580,.T.);
#2856=EDGE_CURVE('',#2284,#2285,#581,.T.);
#2857=EDGE_CURVE('',#2281,#2284,#582,.T.);
#2858=EDGE_CURVE('',#2286,#2283,#583,.T.);
#2859=EDGE_CURVE('',#2285,#2286,#584,.T.);
#2860=EDGE_CURVE('',#2285,#2287,#585,.T.);
#2861=EDGE_CURVE('',#2288,#2286,#586,.T.);
#2862=EDGE_CURVE('',#2287,#2288,#587,.T.);
#2863=EDGE_CURVE('',#2287,#2280,#588,.T.);
#2864=EDGE_CURVE('',#2282,#2288,#589,.T.);
#2865=EDGE_CURVE('',#2289,#2290,#590,.T.);
#2866=EDGE_CURVE('',#2289,#2291,#591,.T.);
#2867=EDGE_CURVE('',#2292,#2291,#592,.T.);
#2868=EDGE_CURVE('',#2290,#2292,#593,.T.);
#2869=EDGE_CURVE('',#2293,#2294,#594,.T.);
#2870=EDGE_CURVE('',#2290,#2293,#595,.T.);
#2871=EDGE_CURVE('',#2295,#2292,#596,.T.);
#2872=EDGE_CURVE('',#2294,#2295,#597,.T.);
#2873=EDGE_CURVE('',#2294,#2296,#598,.T.);
#2874=EDGE_CURVE('',#2297,#2295,#599,.T.);
#2875=EDGE_CURVE('',#2296,#2297,#600,.T.);
#2876=EDGE_CURVE('',#2296,#2289,#601,.T.);
#2877=EDGE_CURVE('',#2291,#2297,#602,.T.);
#2878=EDGE_CURVE('',#2298,#2299,#603,.T.);
#2879=EDGE_CURVE('',#2298,#2300,#604,.T.);
#2880=EDGE_CURVE('',#2301,#2300,#605,.T.);
#2881=EDGE_CURVE('',#2299,#2301,#606,.T.);
#2882=EDGE_CURVE('',#2302,#2303,#607,.T.);
#2883=EDGE_CURVE('',#2299,#2302,#608,.T.);
#2884=EDGE_CURVE('',#2304,#2301,#609,.T.);
#2885=EDGE_CURVE('',#2303,#2304,#610,.T.);
#2886=EDGE_CURVE('',#2303,#2305,#611,.T.);
#2887=EDGE_CURVE('',#2306,#2304,#612,.T.);
#2888=EDGE_CURVE('',#2305,#2306,#613,.T.);
#2889=EDGE_CURVE('',#2305,#2298,#614,.T.);
#2890=EDGE_CURVE('',#2300,#2306,#615,.T.);
#2891=EDGE_CURVE('',#2307,#2307,#1775,.T.);
#2892=EDGE_CURVE('',#2293,#2302,#1776,.T.);
#2893=EDGE_CURVE('',#2275,#2293,#1777,.T.);
#2894=EDGE_CURVE('',#2284,#2275,#1778,.T.);
#2895=EDGE_CURVE('',#2302,#2284,#1779,.T.);
#2896=EDGE_CURVE('',#2308,#2308,#1780,.T.);
#2897=EDGE_CURVE('',#2308,#2307,#616,.T.);
#2898=EDGE_CURVE('',#2309,#2310,#1781,.T.);
#2899=EDGE_CURVE('',#2310,#2266,#617,.T.);
#2900=EDGE_CURVE('',#2265,#2309,#618,.T.);
#2901=EDGE_CURVE('',#2233,#2310,#619,.T.);
#2902=EDGE_CURVE('',#2261,#2311,#620,.T.);
#2903=EDGE_CURVE('',#2311,#2312,#1782,.T.);
#2904=EDGE_CURVE('',#2312,#2262,#621,.T.);
#2905=EDGE_CURVE('',#2161,#2311,#622,.T.);
#2906=EDGE_CURVE('',#2160,#2313,#623,.T.);
#2907=EDGE_CURVE('',#2313,#2122,#624,.T.);
#2908=EDGE_CURVE('',#2121,#2160,#625,.T.);
#2909=EDGE_CURVE('',#2314,#2263,#1783,.T.);
#2910=EDGE_CURVE('',#2314,#2315,#626,.T.);
#2911=EDGE_CURVE('',#2315,#2264,#1784,.T.);
#2912=EDGE_CURVE('',#2316,#2314,#627,.T.);
#2913=EDGE_CURVE('',#2316,#2317,#628,.T.);
#2914=EDGE_CURVE('',#2317,#2315,#629,.T.);
#2915=EDGE_CURVE('',#2309,#2317,#630,.T.);
#2916=EDGE_CURVE('',#2312,#2316,#631,.T.);
#2917=EDGE_CURVE('',#2215,#2318,#632,.T.);
#2918=EDGE_CURVE('',#2318,#2319,#1785,.T.);
#2919=EDGE_CURVE('',#2319,#2216,#633,.T.);
#2920=EDGE_CURVE('',#2214,#2320,#634,.T.);
#2921=EDGE_CURVE('',#2320,#2321,#1786,.T.);
#2922=EDGE_CURVE('',#2321,#2318,#635,.T.);
#2923=EDGE_CURVE('',#2322,#2323,#1787,.T.);
#2924=EDGE_CURVE('',#2323,#2212,#636,.T.);
#2925=EDGE_CURVE('',#2211,#2322,#637,.T.);
#2926=EDGE_CURVE('',#2324,#2323,#638,.T.);
#2927=EDGE_CURVE('',#2325,#2324,#1788,.T.);
#2928=EDGE_CURVE('',#2213,#2325,#639,.T.);
#2929=EDGE_CURVE('',#2324,#2321,#640,.T.);
#2930=EDGE_CURVE('',#2325,#2320,#641,.T.);
#2931=EDGE_CURVE('',#2236,#2319,#642,.T.);
#2932=EDGE_CURVE('',#2322,#2167,#643,.T.);
#2933=EDGE_CURVE('',#2326,#2327,#1789,.F.);
#2934=EDGE_CURVE('',#2328,#2326,#1790,.F.);
#2935=EDGE_CURVE('',#2327,#2328,#1791,.F.);
#2936=EDGE_CURVE('',#2329,#2330,#1792,.T.);
#2937=EDGE_CURVE('',#2330,#2326,#644,.T.);
#2938=EDGE_CURVE('',#2327,#2329,#645,.T.);
#2939=EDGE_CURVE('',#2331,#2332,#1793,.T.);
#2940=EDGE_CURVE('',#2332,#2330,#1794,.T.);
#2941=EDGE_CURVE('',#2329,#2331,#1795,.T.);
#2942=EDGE_CURVE('',#2333,#2334,#1796,.T.);
#2943=EDGE_CURVE('',#2334,#2332,#646,.T.);
#2944=EDGE_CURVE('',#2331,#2333,#647,.T.);
#2945=EDGE_CURVE('',#2260,#2335,#1797,.T.);
#2946=EDGE_CURVE('',#2335,#2334,#1798,.T.);
#2947=EDGE_CURVE('',#2333,#2260,#1799,.T.);
#2948=EDGE_CURVE('',#2336,#2335,#648,.T.);
#2949=EDGE_CURVE('',#2259,#2336,#15,.T.);
#2950=EDGE_CURVE('',#2259,#2328,#649,.T.);
#2951=EDGE_CURVE('',#2326,#2336,#650,.T.);
#2952=EDGE_CURVE('',#2327,#2245,#651,.T.);
#2953=EDGE_CURVE('',#2328,#2246,#652,.T.);
#2954=EDGE_CURVE('',#2331,#2165,#653,.T.);
#2955=EDGE_CURVE('',#2333,#2164,#654,.T.);
#2956=EDGE_CURVE('',#2329,#2166,#655,.T.);
#2957=EDGE_CURVE('',#2337,#2338,#656,.T.);
#2958=EDGE_CURVE('',#2338,#2124,#657,.T.);
#2959=EDGE_CURVE('',#2123,#2337,#658,.T.);
#2960=EDGE_CURVE('',#2155,#2293,#659,.T.);
#2961=EDGE_CURVE('',#2338,#2159,#660,.T.);
#2962=EDGE_CURVE('',#2337,#2313,#661,.T.);
#2963=ORIENTED_EDGE('',*,*,#2339,.F.);
#2964=ORIENTED_EDGE('',*,*,#2340,.F.);
#2965=ORIENTED_EDGE('',*,*,#2341,.F.);
#2966=ORIENTED_EDGE('',*,*,#2342,.F.);
#2967=ORIENTED_EDGE('',*,*,#2340,.T.);
#2968=ORIENTED_EDGE('',*,*,#2342,.T.);
#2969=ORIENTED_EDGE('',*,*,#2341,.T.);
#2970=ORIENTED_EDGE('',*,*,#2343,.F.);
#2971=ORIENTED_EDGE('',*,*,#2344,.T.);
#2972=ORIENTED_EDGE('',*,*,#2345,.F.);
#2973=ORIENTED_EDGE('',*,*,#2344,.F.);
#2974=ORIENTED_EDGE('',*,*,#2343,.T.);
#2975=ORIENTED_EDGE('',*,*,#2339,.T.);
#2976=ORIENTED_EDGE('',*,*,#2346,.T.);
#2977=ORIENTED_EDGE('',*,*,#2347,.T.);
#2978=ORIENTED_EDGE('',*,*,#2348,.F.);
#2979=ORIENTED_EDGE('',*,*,#2349,.F.);
#2980=ORIENTED_EDGE('',*,*,#2350,.T.);
#2981=ORIENTED_EDGE('',*,*,#2351,.T.);
#2982=ORIENTED_EDGE('',*,*,#2352,.F.);
#2983=ORIENTED_EDGE('',*,*,#2347,.F.);
#2984=ORIENTED_EDGE('',*,*,#2353,.T.);
#2985=ORIENTED_EDGE('',*,*,#2354,.T.);
#2986=ORIENTED_EDGE('',*,*,#2355,.F.);
#2987=ORIENTED_EDGE('',*,*,#2351,.F.);
#2988=ORIENTED_EDGE('',*,*,#2356,.T.);
#2989=ORIENTED_EDGE('',*,*,#2357,.T.);
#2990=ORIENTED_EDGE('',*,*,#2358,.F.);
#2991=ORIENTED_EDGE('',*,*,#2354,.F.);
#2992=ORIENTED_EDGE('',*,*,#2359,.T.);
#2993=ORIENTED_EDGE('',*,*,#2360,.T.);
#2994=ORIENTED_EDGE('',*,*,#2361,.F.);
#2995=ORIENTED_EDGE('',*,*,#2357,.F.);
#2996=ORIENTED_EDGE('',*,*,#2362,.T.);
#2997=ORIENTED_EDGE('',*,*,#2363,.T.);
#2998=ORIENTED_EDGE('',*,*,#2364,.F.);
#2999=ORIENTED_EDGE('',*,*,#2360,.F.);
#3000=ORIENTED_EDGE('',*,*,#2365,.T.);
#3001=ORIENTED_EDGE('',*,*,#2366,.T.);
#3002=ORIENTED_EDGE('',*,*,#2367,.F.);
#3003=ORIENTED_EDGE('',*,*,#2363,.F.);
#3004=ORIENTED_EDGE('',*,*,#2368,.T.);
#3005=ORIENTED_EDGE('',*,*,#2349,.T.);
#3006=ORIENTED_EDGE('',*,*,#2369,.F.);
#3007=ORIENTED_EDGE('',*,*,#2366,.F.);
#3008=ORIENTED_EDGE('',*,*,#2370,.F.);
#3009=ORIENTED_EDGE('',*,*,#2371,.F.);
#3010=ORIENTED_EDGE('',*,*,#2372,.F.);
#3011=ORIENTED_EDGE('',*,*,#2373,.F.);
#3012=ORIENTED_EDGE('',*,*,#2346,.F.);
#3013=ORIENTED_EDGE('',*,*,#2368,.F.);
#3014=ORIENTED_EDGE('',*,*,#2365,.F.);
#3015=ORIENTED_EDGE('',*,*,#2362,.F.);
#3016=ORIENTED_EDGE('',*,*,#2359,.F.);
#3017=ORIENTED_EDGE('',*,*,#2356,.F.);
#3018=ORIENTED_EDGE('',*,*,#2353,.F.);
#3019=ORIENTED_EDGE('',*,*,#2350,.F.);
#3020=ORIENTED_EDGE('',*,*,#2370,.T.);
#3021=ORIENTED_EDGE('',*,*,#2374,.T.);
#3022=ORIENTED_EDGE('',*,*,#2375,.F.);
#3023=ORIENTED_EDGE('',*,*,#2376,.F.);
#3024=ORIENTED_EDGE('',*,*,#2371,.T.);
#3025=ORIENTED_EDGE('',*,*,#2376,.T.);
#3026=ORIENTED_EDGE('',*,*,#2377,.F.);
#3027=ORIENTED_EDGE('',*,*,#2378,.F.);
#3028=ORIENTED_EDGE('',*,*,#2372,.T.);
#3029=ORIENTED_EDGE('',*,*,#2378,.T.);
#3030=ORIENTED_EDGE('',*,*,#2379,.F.);
#3031=ORIENTED_EDGE('',*,*,#2380,.F.);
#3032=ORIENTED_EDGE('',*,*,#2373,.T.);
#3033=ORIENTED_EDGE('',*,*,#2380,.T.);
#3034=ORIENTED_EDGE('',*,*,#2381,.F.);
#3035=ORIENTED_EDGE('',*,*,#2374,.F.);
#3036=ORIENTED_EDGE('',*,*,#2382,.T.);
#3037=ORIENTED_EDGE('',*,*,#2383,.T.);
#3038=ORIENTED_EDGE('',*,*,#2384,.F.);
#3039=ORIENTED_EDGE('',*,*,#2385,.F.);
#3040=ORIENTED_EDGE('',*,*,#2386,.T.);
#3041=ORIENTED_EDGE('',*,*,#2387,.T.);
#3042=ORIENTED_EDGE('',*,*,#2388,.F.);
#3043=ORIENTED_EDGE('',*,*,#2383,.F.);
#3044=ORIENTED_EDGE('',*,*,#2389,.T.);
#3045=ORIENTED_EDGE('',*,*,#2390,.T.);
#3046=ORIENTED_EDGE('',*,*,#2391,.F.);
#3047=ORIENTED_EDGE('',*,*,#2387,.F.);
#3048=ORIENTED_EDGE('',*,*,#2392,.T.);
#3049=ORIENTED_EDGE('',*,*,#2393,.T.);
#3050=ORIENTED_EDGE('',*,*,#2394,.F.);
#3051=ORIENTED_EDGE('',*,*,#2390,.F.);
#3052=ORIENTED_EDGE('',*,*,#2395,.T.);
#3053=ORIENTED_EDGE('',*,*,#2385,.T.);
#3054=ORIENTED_EDGE('',*,*,#2396,.F.);
#3055=ORIENTED_EDGE('',*,*,#2393,.F.);
#3056=ORIENTED_EDGE('',*,*,#2397,.T.);
#3057=ORIENTED_EDGE('',*,*,#2398,.T.);
#3058=ORIENTED_EDGE('',*,*,#2399,.F.);
#3059=ORIENTED_EDGE('',*,*,#2400,.F.);
#3060=ORIENTED_EDGE('',*,*,#2401,.T.);
#3061=ORIENTED_EDGE('',*,*,#2402,.T.);
#3062=ORIENTED_EDGE('',*,*,#2403,.F.);
#3063=ORIENTED_EDGE('',*,*,#2398,.F.);
#3064=ORIENTED_EDGE('',*,*,#2404,.T.);
#3065=ORIENTED_EDGE('',*,*,#2405,.T.);
#3066=ORIENTED_EDGE('',*,*,#2406,.F.);
#3067=ORIENTED_EDGE('',*,*,#2402,.F.);
#3068=ORIENTED_EDGE('',*,*,#2407,.T.);
#3069=ORIENTED_EDGE('',*,*,#2408,.T.);
#3070=ORIENTED_EDGE('',*,*,#2409,.F.);
#3071=ORIENTED_EDGE('',*,*,#2405,.F.);
#3072=ORIENTED_EDGE('',*,*,#2410,.T.);
#3073=ORIENTED_EDGE('',*,*,#2400,.T.);
#3074=ORIENTED_EDGE('',*,*,#2411,.F.);
#3075=ORIENTED_EDGE('',*,*,#2408,.F.);
#3076=ORIENTED_EDGE('',*,*,#2412,.F.);
#3077=ORIENTED_EDGE('',*,*,#2413,.F.);
#3078=ORIENTED_EDGE('',*,*,#2414,.F.);
#3079=ORIENTED_EDGE('',*,*,#2415,.F.);
#3080=ORIENTED_EDGE('',*,*,#2416,.F.);
#3081=ORIENTED_EDGE('',*,*,#2417,.F.);
#3082=ORIENTED_EDGE('',*,*,#2418,.F.);
#3083=ORIENTED_EDGE('',*,*,#2419,.F.);
#3084=ORIENTED_EDGE('',*,*,#2420,.F.);
#3085=ORIENTED_EDGE('',*,*,#2421,.F.);
#3086=ORIENTED_EDGE('',*,*,#2422,.F.);
#3087=ORIENTED_EDGE('',*,*,#2382,.F.);
#3088=ORIENTED_EDGE('',*,*,#2395,.F.);
#3089=ORIENTED_EDGE('',*,*,#2392,.F.);
#3090=ORIENTED_EDGE('',*,*,#2389,.F.);
#3091=ORIENTED_EDGE('',*,*,#2386,.F.);
#3092=ORIENTED_EDGE('',*,*,#2397,.F.);
#3093=ORIENTED_EDGE('',*,*,#2410,.F.);
#3094=ORIENTED_EDGE('',*,*,#2407,.F.);
#3095=ORIENTED_EDGE('',*,*,#2404,.F.);
#3096=ORIENTED_EDGE('',*,*,#2401,.F.);
#3097=ORIENTED_EDGE('',*,*,#2412,.T.);
#3098=ORIENTED_EDGE('',*,*,#2423,.T.);
#3099=ORIENTED_EDGE('',*,*,#2424,.F.);
#3100=ORIENTED_EDGE('',*,*,#2425,.F.);
#3101=ORIENTED_EDGE('',*,*,#2413,.T.);
#3102=ORIENTED_EDGE('',*,*,#2425,.T.);
#3103=ORIENTED_EDGE('',*,*,#2426,.F.);
#3104=ORIENTED_EDGE('',*,*,#2427,.F.);
#3105=ORIENTED_EDGE('',*,*,#2414,.T.);
#3106=ORIENTED_EDGE('',*,*,#2427,.T.);
#3107=ORIENTED_EDGE('',*,*,#2428,.F.);
#3108=ORIENTED_EDGE('',*,*,#2429,.F.);
#3109=ORIENTED_EDGE('',*,*,#2415,.T.);
#3110=ORIENTED_EDGE('',*,*,#2429,.T.);
#3111=ORIENTED_EDGE('',*,*,#2430,.F.);
#3112=ORIENTED_EDGE('',*,*,#2431,.F.);
#3113=ORIENTED_EDGE('',*,*,#2416,.T.);
#3114=ORIENTED_EDGE('',*,*,#2431,.T.);
#3115=ORIENTED_EDGE('',*,*,#2432,.F.);
#3116=ORIENTED_EDGE('',*,*,#2433,.F.);
#3117=ORIENTED_EDGE('',*,*,#2417,.T.);
#3118=ORIENTED_EDGE('',*,*,#2433,.T.);
#3119=ORIENTED_EDGE('',*,*,#2434,.F.);
#3120=ORIENTED_EDGE('',*,*,#2435,.F.);
#3121=ORIENTED_EDGE('',*,*,#2418,.T.);
#3122=ORIENTED_EDGE('',*,*,#2435,.T.);
#3123=ORIENTED_EDGE('',*,*,#2436,.F.);
#3124=ORIENTED_EDGE('',*,*,#2437,.F.);
#3125=ORIENTED_EDGE('',*,*,#2419,.T.);
#3126=ORIENTED_EDGE('',*,*,#2437,.T.);
#3127=ORIENTED_EDGE('',*,*,#2438,.F.);
#3128=ORIENTED_EDGE('',*,*,#2439,.F.);
#3129=ORIENTED_EDGE('',*,*,#2420,.T.);
#3130=ORIENTED_EDGE('',*,*,#2439,.T.);
#3131=ORIENTED_EDGE('',*,*,#2440,.F.);
#3132=ORIENTED_EDGE('',*,*,#2441,.F.);
#3133=ORIENTED_EDGE('',*,*,#2421,.T.);
#3134=ORIENTED_EDGE('',*,*,#2441,.T.);
#3135=ORIENTED_EDGE('',*,*,#2442,.F.);
#3136=ORIENTED_EDGE('',*,*,#2443,.F.);
#3137=ORIENTED_EDGE('',*,*,#2422,.T.);
#3138=ORIENTED_EDGE('',*,*,#2443,.T.);
#3139=ORIENTED_EDGE('',*,*,#2444,.F.);
#3140=ORIENTED_EDGE('',*,*,#2423,.F.);
#3141=ORIENTED_EDGE('',*,*,#2445,.F.);
#3142=ORIENTED_EDGE('',*,*,#2446,.F.);
#3143=ORIENTED_EDGE('',*,*,#2447,.F.);
#3144=ORIENTED_EDGE('',*,*,#2448,.F.);
#3145=ORIENTED_EDGE('',*,*,#2449,.F.);
#3146=ORIENTED_EDGE('',*,*,#2450,.F.);
#3147=ORIENTED_EDGE('',*,*,#2451,.F.);
#3148=ORIENTED_EDGE('',*,*,#2452,.F.);
#3149=ORIENTED_EDGE('',*,*,#2453,.F.);
#3150=ORIENTED_EDGE('',*,*,#2454,.F.);
#3151=ORIENTED_EDGE('',*,*,#2455,.F.);
#3152=ORIENTED_EDGE('',*,*,#2445,.T.);
#3153=ORIENTED_EDGE('',*,*,#2456,.T.);
#3154=ORIENTED_EDGE('',*,*,#2457,.F.);
#3155=ORIENTED_EDGE('',*,*,#2458,.F.);
#3156=ORIENTED_EDGE('',*,*,#2446,.T.);
#3157=ORIENTED_EDGE('',*,*,#2458,.T.);
#3158=ORIENTED_EDGE('',*,*,#2459,.F.);
#3159=ORIENTED_EDGE('',*,*,#2460,.F.);
#3160=ORIENTED_EDGE('',*,*,#2447,.T.);
#3161=ORIENTED_EDGE('',*,*,#2460,.T.);
#3162=ORIENTED_EDGE('',*,*,#2461,.F.);
#3163=ORIENTED_EDGE('',*,*,#2462,.F.);
#3164=ORIENTED_EDGE('',*,*,#2448,.T.);
#3165=ORIENTED_EDGE('',*,*,#2462,.T.);
#3166=ORIENTED_EDGE('',*,*,#2463,.F.);
#3167=ORIENTED_EDGE('',*,*,#2464,.F.);
#3168=ORIENTED_EDGE('',*,*,#2449,.T.);
#3169=ORIENTED_EDGE('',*,*,#2464,.T.);
#3170=ORIENTED_EDGE('',*,*,#2465,.F.);
#3171=ORIENTED_EDGE('',*,*,#2466,.F.);
#3172=ORIENTED_EDGE('',*,*,#2450,.T.);
#3173=ORIENTED_EDGE('',*,*,#2466,.T.);
#3174=ORIENTED_EDGE('',*,*,#2467,.F.);
#3175=ORIENTED_EDGE('',*,*,#2468,.F.);
#3176=ORIENTED_EDGE('',*,*,#2451,.T.);
#3177=ORIENTED_EDGE('',*,*,#2468,.T.);
#3178=ORIENTED_EDGE('',*,*,#2469,.F.);
#3179=ORIENTED_EDGE('',*,*,#2470,.F.);
#3180=ORIENTED_EDGE('',*,*,#2452,.T.);
#3181=ORIENTED_EDGE('',*,*,#2470,.T.);
#3182=ORIENTED_EDGE('',*,*,#2471,.F.);
#3183=ORIENTED_EDGE('',*,*,#2472,.F.);
#3184=ORIENTED_EDGE('',*,*,#2453,.T.);
#3185=ORIENTED_EDGE('',*,*,#2472,.T.);
#3186=ORIENTED_EDGE('',*,*,#2473,.F.);
#3187=ORIENTED_EDGE('',*,*,#2474,.F.);
#3188=ORIENTED_EDGE('',*,*,#2454,.T.);
#3189=ORIENTED_EDGE('',*,*,#2474,.T.);
#3190=ORIENTED_EDGE('',*,*,#2475,.F.);
#3191=ORIENTED_EDGE('',*,*,#2476,.F.);
#3192=ORIENTED_EDGE('',*,*,#2455,.T.);
#3193=ORIENTED_EDGE('',*,*,#2476,.T.);
#3194=ORIENTED_EDGE('',*,*,#2477,.F.);
#3195=ORIENTED_EDGE('',*,*,#2456,.F.);
#3196=ORIENTED_EDGE('',*,*,#2478,.T.);
#3197=ORIENTED_EDGE('',*,*,#2479,.T.);
#3198=ORIENTED_EDGE('',*,*,#2480,.F.);
#3199=ORIENTED_EDGE('',*,*,#2481,.F.);
#3200=ORIENTED_EDGE('',*,*,#2482,.T.);
#3201=ORIENTED_EDGE('',*,*,#2483,.T.);
#3202=ORIENTED_EDGE('',*,*,#2484,.F.);
#3203=ORIENTED_EDGE('',*,*,#2479,.F.);
#3204=ORIENTED_EDGE('',*,*,#2485,.T.);
#3205=ORIENTED_EDGE('',*,*,#2486,.T.);
#3206=ORIENTED_EDGE('',*,*,#2487,.F.);
#3207=ORIENTED_EDGE('',*,*,#2483,.F.);
#3208=ORIENTED_EDGE('',*,*,#2488,.T.);
#3209=ORIENTED_EDGE('',*,*,#2489,.T.);
#3210=ORIENTED_EDGE('',*,*,#2490,.F.);
#3211=ORIENTED_EDGE('',*,*,#2486,.F.);
#3212=ORIENTED_EDGE('',*,*,#2491,.T.);
#3213=ORIENTED_EDGE('',*,*,#2492,.T.);
#3214=ORIENTED_EDGE('',*,*,#2493,.F.);
#3215=ORIENTED_EDGE('',*,*,#2489,.F.);
#3216=ORIENTED_EDGE('',*,*,#2494,.T.);
#3217=ORIENTED_EDGE('',*,*,#2495,.T.);
#3218=ORIENTED_EDGE('',*,*,#2496,.F.);
#3219=ORIENTED_EDGE('',*,*,#2492,.F.);
#3220=ORIENTED_EDGE('',*,*,#2497,.T.);
#3221=ORIENTED_EDGE('',*,*,#2481,.T.);
#3222=ORIENTED_EDGE('',*,*,#2498,.F.);
#3223=ORIENTED_EDGE('',*,*,#2495,.F.);
#3224=ORIENTED_EDGE('',*,*,#2499,.F.);
#3225=ORIENTED_EDGE('',*,*,#2500,.F.);
#3226=ORIENTED_EDGE('',*,*,#2501,.F.);
#3227=ORIENTED_EDGE('',*,*,#2502,.F.);
#3228=ORIENTED_EDGE('',*,*,#2503,.F.);
#3229=ORIENTED_EDGE('',*,*,#2504,.F.);
#3230=ORIENTED_EDGE('',*,*,#2505,.F.);
#3231=ORIENTED_EDGE('',*,*,#2506,.F.);
#3232=ORIENTED_EDGE('',*,*,#2507,.F.);
#3233=ORIENTED_EDGE('',*,*,#2508,.F.);
#3234=ORIENTED_EDGE('',*,*,#2509,.F.);
#3235=ORIENTED_EDGE('',*,*,#2510,.F.);
#3236=ORIENTED_EDGE('',*,*,#2511,.F.);
#3237=ORIENTED_EDGE('',*,*,#2512,.F.);
#3238=ORIENTED_EDGE('',*,*,#2478,.F.);
#3239=ORIENTED_EDGE('',*,*,#2497,.F.);
#3240=ORIENTED_EDGE('',*,*,#2494,.F.);
#3241=ORIENTED_EDGE('',*,*,#2491,.F.);
#3242=ORIENTED_EDGE('',*,*,#2488,.F.);
#3243=ORIENTED_EDGE('',*,*,#2485,.F.);
#3244=ORIENTED_EDGE('',*,*,#2482,.F.);
#3245=ORIENTED_EDGE('',*,*,#2499,.T.);
#3246=ORIENTED_EDGE('',*,*,#2513,.T.);
#3247=ORIENTED_EDGE('',*,*,#2514,.F.);
#3248=ORIENTED_EDGE('',*,*,#2515,.F.);
#3249=ORIENTED_EDGE('',*,*,#2500,.T.);
#3250=ORIENTED_EDGE('',*,*,#2515,.T.);
#3251=ORIENTED_EDGE('',*,*,#2516,.F.);
#3252=ORIENTED_EDGE('',*,*,#2517,.F.);
#3253=ORIENTED_EDGE('',*,*,#2501,.T.);
#3254=ORIENTED_EDGE('',*,*,#2517,.T.);
#3255=ORIENTED_EDGE('',*,*,#2518,.F.);
#3256=ORIENTED_EDGE('',*,*,#2519,.F.);
#3257=ORIENTED_EDGE('',*,*,#2502,.T.);
#3258=ORIENTED_EDGE('',*,*,#2519,.T.);
#3259=ORIENTED_EDGE('',*,*,#2520,.F.);
#3260=ORIENTED_EDGE('',*,*,#2521,.F.);
#3261=ORIENTED_EDGE('',*,*,#2503,.T.);
#3262=ORIENTED_EDGE('',*,*,#2521,.T.);
#3263=ORIENTED_EDGE('',*,*,#2522,.F.);
#3264=ORIENTED_EDGE('',*,*,#2523,.F.);
#3265=ORIENTED_EDGE('',*,*,#2504,.T.);
#3266=ORIENTED_EDGE('',*,*,#2523,.T.);
#3267=ORIENTED_EDGE('',*,*,#2524,.F.);
#3268=ORIENTED_EDGE('',*,*,#2525,.F.);
#3269=ORIENTED_EDGE('',*,*,#2505,.T.);
#3270=ORIENTED_EDGE('',*,*,#2525,.T.);
#3271=ORIENTED_EDGE('',*,*,#2526,.F.);
#3272=ORIENTED_EDGE('',*,*,#2527,.F.);
#3273=ORIENTED_EDGE('',*,*,#2506,.T.);
#3274=ORIENTED_EDGE('',*,*,#2527,.T.);
#3275=ORIENTED_EDGE('',*,*,#2528,.F.);
#3276=ORIENTED_EDGE('',*,*,#2529,.F.);
#3277=ORIENTED_EDGE('',*,*,#2507,.T.);
#3278=ORIENTED_EDGE('',*,*,#2529,.T.);
#3279=ORIENTED_EDGE('',*,*,#2530,.F.);
#3280=ORIENTED_EDGE('',*,*,#2531,.F.);
#3281=ORIENTED_EDGE('',*,*,#2508,.T.);
#3282=ORIENTED_EDGE('',*,*,#2531,.T.);
#3283=ORIENTED_EDGE('',*,*,#2532,.F.);
#3284=ORIENTED_EDGE('',*,*,#2533,.F.);
#3285=ORIENTED_EDGE('',*,*,#2509,.T.);
#3286=ORIENTED_EDGE('',*,*,#2533,.T.);
#3287=ORIENTED_EDGE('',*,*,#2534,.F.);
#3288=ORIENTED_EDGE('',*,*,#2535,.F.);
#3289=ORIENTED_EDGE('',*,*,#2510,.T.);
#3290=ORIENTED_EDGE('',*,*,#2535,.T.);
#3291=ORIENTED_EDGE('',*,*,#2536,.F.);
#3292=ORIENTED_EDGE('',*,*,#2537,.F.);
#3293=ORIENTED_EDGE('',*,*,#2511,.T.);
#3294=ORIENTED_EDGE('',*,*,#2537,.T.);
#3295=ORIENTED_EDGE('',*,*,#2538,.F.);
#3296=ORIENTED_EDGE('',*,*,#2539,.F.);
#3297=ORIENTED_EDGE('',*,*,#2512,.T.);
#3298=ORIENTED_EDGE('',*,*,#2539,.T.);
#3299=ORIENTED_EDGE('',*,*,#2540,.F.);
#3300=ORIENTED_EDGE('',*,*,#2513,.F.);
#3301=ORIENTED_EDGE('',*,*,#2541,.F.);
#3302=ORIENTED_EDGE('',*,*,#2542,.F.);
#3303=ORIENTED_EDGE('',*,*,#2543,.F.);
#3304=ORIENTED_EDGE('',*,*,#2544,.F.);
#3305=ORIENTED_EDGE('',*,*,#2545,.F.);
#3306=ORIENTED_EDGE('',*,*,#2546,.F.);
#3307=ORIENTED_EDGE('',*,*,#2547,.F.);
#3308=ORIENTED_EDGE('',*,*,#2548,.F.);
#3309=ORIENTED_EDGE('',*,*,#2549,.F.);
#3310=ORIENTED_EDGE('',*,*,#2550,.F.);
#3311=ORIENTED_EDGE('',*,*,#2551,.F.);
#3312=ORIENTED_EDGE('',*,*,#2552,.F.);
#3313=ORIENTED_EDGE('',*,*,#2553,.F.);
#3314=ORIENTED_EDGE('',*,*,#2554,.F.);
#3315=ORIENTED_EDGE('',*,*,#2555,.F.);
#3316=ORIENTED_EDGE('',*,*,#2556,.F.);
#3317=ORIENTED_EDGE('',*,*,#2557,.F.);
#3318=ORIENTED_EDGE('',*,*,#2558,.F.);
#3319=ORIENTED_EDGE('',*,*,#2559,.F.);
#3320=ORIENTED_EDGE('',*,*,#2560,.F.);
#3321=ORIENTED_EDGE('',*,*,#2541,.T.);
#3322=ORIENTED_EDGE('',*,*,#2561,.T.);
#3323=ORIENTED_EDGE('',*,*,#2562,.F.);
#3324=ORIENTED_EDGE('',*,*,#2563,.F.);
#3325=ORIENTED_EDGE('',*,*,#2542,.T.);
#3326=ORIENTED_EDGE('',*,*,#2563,.T.);
#3327=ORIENTED_EDGE('',*,*,#2564,.F.);
#3328=ORIENTED_EDGE('',*,*,#2565,.F.);
#3329=ORIENTED_EDGE('',*,*,#2543,.T.);
#3330=ORIENTED_EDGE('',*,*,#2565,.T.);
#3331=ORIENTED_EDGE('',*,*,#2566,.F.);
#3332=ORIENTED_EDGE('',*,*,#2567,.F.);
#3333=ORIENTED_EDGE('',*,*,#2544,.T.);
#3334=ORIENTED_EDGE('',*,*,#2567,.T.);
#3335=ORIENTED_EDGE('',*,*,#2568,.F.);
#3336=ORIENTED_EDGE('',*,*,#2569,.F.);
#3337=ORIENTED_EDGE('',*,*,#2545,.T.);
#3338=ORIENTED_EDGE('',*,*,#2569,.T.);
#3339=ORIENTED_EDGE('',*,*,#2570,.F.);
#3340=ORIENTED_EDGE('',*,*,#2571,.F.);
#3341=ORIENTED_EDGE('',*,*,#2546,.T.);
#3342=ORIENTED_EDGE('',*,*,#2571,.T.);
#3343=ORIENTED_EDGE('',*,*,#2572,.F.);
#3344=ORIENTED_EDGE('',*,*,#2573,.F.);
#3345=ORIENTED_EDGE('',*,*,#2547,.T.);
#3346=ORIENTED_EDGE('',*,*,#2573,.T.);
#3347=ORIENTED_EDGE('',*,*,#2574,.F.);
#3348=ORIENTED_EDGE('',*,*,#2575,.F.);
#3349=ORIENTED_EDGE('',*,*,#2548,.T.);
#3350=ORIENTED_EDGE('',*,*,#2575,.T.);
#3351=ORIENTED_EDGE('',*,*,#2576,.F.);
#3352=ORIENTED_EDGE('',*,*,#2577,.F.);
#3353=ORIENTED_EDGE('',*,*,#2549,.T.);
#3354=ORIENTED_EDGE('',*,*,#2577,.T.);
#3355=ORIENTED_EDGE('',*,*,#2578,.F.);
#3356=ORIENTED_EDGE('',*,*,#2579,.F.);
#3357=ORIENTED_EDGE('',*,*,#2550,.T.);
#3358=ORIENTED_EDGE('',*,*,#2579,.T.);
#3359=ORIENTED_EDGE('',*,*,#2580,.F.);
#3360=ORIENTED_EDGE('',*,*,#2581,.F.);
#3361=ORIENTED_EDGE('',*,*,#2551,.T.);
#3362=ORIENTED_EDGE('',*,*,#2581,.T.);
#3363=ORIENTED_EDGE('',*,*,#2582,.F.);
#3364=ORIENTED_EDGE('',*,*,#2583,.F.);
#3365=ORIENTED_EDGE('',*,*,#2552,.T.);
#3366=ORIENTED_EDGE('',*,*,#2583,.T.);
#3367=ORIENTED_EDGE('',*,*,#2584,.F.);
#3368=ORIENTED_EDGE('',*,*,#2585,.F.);
#3369=ORIENTED_EDGE('',*,*,#2553,.T.);
#3370=ORIENTED_EDGE('',*,*,#2585,.T.);
#3371=ORIENTED_EDGE('',*,*,#2586,.F.);
#3372=ORIENTED_EDGE('',*,*,#2587,.F.);
#3373=ORIENTED_EDGE('',*,*,#2554,.T.);
#3374=ORIENTED_EDGE('',*,*,#2587,.T.);
#3375=ORIENTED_EDGE('',*,*,#2588,.F.);
#3376=ORIENTED_EDGE('',*,*,#2589,.F.);
#3377=ORIENTED_EDGE('',*,*,#2555,.T.);
#3378=ORIENTED_EDGE('',*,*,#2589,.T.);
#3379=ORIENTED_EDGE('',*,*,#2590,.F.);
#3380=ORIENTED_EDGE('',*,*,#2591,.F.);
#3381=ORIENTED_EDGE('',*,*,#2556,.T.);
#3382=ORIENTED_EDGE('',*,*,#2591,.T.);
#3383=ORIENTED_EDGE('',*,*,#2592,.F.);
#3384=ORIENTED_EDGE('',*,*,#2593,.F.);
#3385=ORIENTED_EDGE('',*,*,#2557,.T.);
#3386=ORIENTED_EDGE('',*,*,#2593,.T.);
#3387=ORIENTED_EDGE('',*,*,#2594,.F.);
#3388=ORIENTED_EDGE('',*,*,#2595,.F.);
#3389=ORIENTED_EDGE('',*,*,#2558,.T.);
#3390=ORIENTED_EDGE('',*,*,#2595,.T.);
#3391=ORIENTED_EDGE('',*,*,#2596,.F.);
#3392=ORIENTED_EDGE('',*,*,#2597,.F.);
#3393=ORIENTED_EDGE('',*,*,#2559,.T.);
#3394=ORIENTED_EDGE('',*,*,#2597,.T.);
#3395=ORIENTED_EDGE('',*,*,#2598,.F.);
#3396=ORIENTED_EDGE('',*,*,#2599,.F.);
#3397=ORIENTED_EDGE('',*,*,#2560,.T.);
#3398=ORIENTED_EDGE('',*,*,#2599,.T.);
#3399=ORIENTED_EDGE('',*,*,#2600,.F.);
#3400=ORIENTED_EDGE('',*,*,#2561,.F.);
#3401=ORIENTED_EDGE('',*,*,#2601,.F.);
#3402=ORIENTED_EDGE('',*,*,#2602,.F.);
#3403=ORIENTED_EDGE('',*,*,#2603,.F.);
#3404=ORIENTED_EDGE('',*,*,#2604,.F.);
#3405=ORIENTED_EDGE('',*,*,#2605,.T.);
#3406=ORIENTED_EDGE('',*,*,#2606,.T.);
#3407=ORIENTED_EDGE('',*,*,#2605,.F.);
#3408=ORIENTED_EDGE('',*,*,#2607,.F.);
#3409=ORIENTED_EDGE('',*,*,#2375,.T.);
#3410=ORIENTED_EDGE('',*,*,#2381,.T.);
#3411=ORIENTED_EDGE('',*,*,#2379,.T.);
#3412=ORIENTED_EDGE('',*,*,#2377,.T.);
#3413=ORIENTED_EDGE('',*,*,#2424,.T.);
#3414=ORIENTED_EDGE('',*,*,#2444,.T.);
#3415=ORIENTED_EDGE('',*,*,#2442,.T.);
#3416=ORIENTED_EDGE('',*,*,#2440,.T.);
#3417=ORIENTED_EDGE('',*,*,#2438,.T.);
#3418=ORIENTED_EDGE('',*,*,#2436,.T.);
#3419=ORIENTED_EDGE('',*,*,#2434,.T.);
#3420=ORIENTED_EDGE('',*,*,#2432,.T.);
#3421=ORIENTED_EDGE('',*,*,#2430,.T.);
#3422=ORIENTED_EDGE('',*,*,#2428,.T.);
#3423=ORIENTED_EDGE('',*,*,#2426,.T.);
#3424=ORIENTED_EDGE('',*,*,#2457,.T.);
#3425=ORIENTED_EDGE('',*,*,#2477,.T.);
#3426=ORIENTED_EDGE('',*,*,#2475,.T.);
#3427=ORIENTED_EDGE('',*,*,#2473,.T.);
#3428=ORIENTED_EDGE('',*,*,#2471,.T.);
#3429=ORIENTED_EDGE('',*,*,#2469,.T.);
#3430=ORIENTED_EDGE('',*,*,#2467,.T.);
#3431=ORIENTED_EDGE('',*,*,#2465,.T.);
#3432=ORIENTED_EDGE('',*,*,#2463,.T.);
#3433=ORIENTED_EDGE('',*,*,#2461,.T.);
#3434=ORIENTED_EDGE('',*,*,#2459,.T.);
#3435=ORIENTED_EDGE('',*,*,#2514,.T.);
#3436=ORIENTED_EDGE('',*,*,#2540,.T.);
#3437=ORIENTED_EDGE('',*,*,#2538,.T.);
#3438=ORIENTED_EDGE('',*,*,#2536,.T.);
#3439=ORIENTED_EDGE('',*,*,#2534,.T.);
#3440=ORIENTED_EDGE('',*,*,#2532,.T.);
#3441=ORIENTED_EDGE('',*,*,#2530,.T.);
#3442=ORIENTED_EDGE('',*,*,#2528,.T.);
#3443=ORIENTED_EDGE('',*,*,#2526,.T.);
#3444=ORIENTED_EDGE('',*,*,#2524,.T.);
#3445=ORIENTED_EDGE('',*,*,#2522,.T.);
#3446=ORIENTED_EDGE('',*,*,#2520,.T.);
#3447=ORIENTED_EDGE('',*,*,#2518,.T.);
#3448=ORIENTED_EDGE('',*,*,#2516,.T.);
#3449=ORIENTED_EDGE('',*,*,#2562,.T.);
#3450=ORIENTED_EDGE('',*,*,#2600,.T.);
#3451=ORIENTED_EDGE('',*,*,#2598,.T.);
#3452=ORIENTED_EDGE('',*,*,#2596,.T.);
#3453=ORIENTED_EDGE('',*,*,#2594,.T.);
#3454=ORIENTED_EDGE('',*,*,#2592,.T.);
#3455=ORIENTED_EDGE('',*,*,#2590,.T.);
#3456=ORIENTED_EDGE('',*,*,#2588,.T.);
#3457=ORIENTED_EDGE('',*,*,#2586,.T.);
#3458=ORIENTED_EDGE('',*,*,#2584,.T.);
#3459=ORIENTED_EDGE('',*,*,#2582,.T.);
#3460=ORIENTED_EDGE('',*,*,#2580,.T.);
#3461=ORIENTED_EDGE('',*,*,#2578,.T.);
#3462=ORIENTED_EDGE('',*,*,#2576,.T.);
#3463=ORIENTED_EDGE('',*,*,#2574,.T.);
#3464=ORIENTED_EDGE('',*,*,#2572,.T.);
#3465=ORIENTED_EDGE('',*,*,#2570,.T.);
#3466=ORIENTED_EDGE('',*,*,#2568,.T.);
#3467=ORIENTED_EDGE('',*,*,#2566,.T.);
#3468=ORIENTED_EDGE('',*,*,#2564,.T.);
#3469=ORIENTED_EDGE('',*,*,#2480,.T.);
#3470=ORIENTED_EDGE('',*,*,#2484,.T.);
#3471=ORIENTED_EDGE('',*,*,#2487,.T.);
#3472=ORIENTED_EDGE('',*,*,#2490,.T.);
#3473=ORIENTED_EDGE('',*,*,#2493,.T.);
#3474=ORIENTED_EDGE('',*,*,#2496,.T.);
#3475=ORIENTED_EDGE('',*,*,#2498,.T.);
#3476=ORIENTED_EDGE('',*,*,#2399,.T.);
#3477=ORIENTED_EDGE('',*,*,#2403,.T.);
#3478=ORIENTED_EDGE('',*,*,#2406,.T.);
#3479=ORIENTED_EDGE('',*,*,#2409,.T.);
#3480=ORIENTED_EDGE('',*,*,#2411,.T.);
#3481=ORIENTED_EDGE('',*,*,#2384,.T.);
#3482=ORIENTED_EDGE('',*,*,#2388,.T.);
#3483=ORIENTED_EDGE('',*,*,#2391,.T.);
#3484=ORIENTED_EDGE('',*,*,#2394,.T.);
#3485=ORIENTED_EDGE('',*,*,#2396,.T.);
#3486=ORIENTED_EDGE('',*,*,#2608,.F.);
#3487=ORIENTED_EDGE('',*,*,#2609,.F.);
#3488=ORIENTED_EDGE('',*,*,#2348,.T.);
#3489=ORIENTED_EDGE('',*,*,#2352,.T.);
#3490=ORIENTED_EDGE('',*,*,#2355,.T.);
#3491=ORIENTED_EDGE('',*,*,#2358,.T.);
#3492=ORIENTED_EDGE('',*,*,#2361,.T.);
#3493=ORIENTED_EDGE('',*,*,#2364,.T.);
#3494=ORIENTED_EDGE('',*,*,#2367,.T.);
#3495=ORIENTED_EDGE('',*,*,#2369,.T.);
#3496=ORIENTED_EDGE('',*,*,#2606,.F.);
#3497=ORIENTED_EDGE('',*,*,#2610,.F.);
#3498=ORIENTED_EDGE('',*,*,#2611,.F.);
#3499=ORIENTED_EDGE('',*,*,#2607,.T.);
#3500=ORIENTED_EDGE('',*,*,#2604,.T.);
#3501=ORIENTED_EDGE('',*,*,#2345,.T.);
#3502=ORIENTED_EDGE('',*,*,#2612,.F.);
#3503=ORIENTED_EDGE('',*,*,#2613,.T.);
#3504=ORIENTED_EDGE('',*,*,#2614,.T.);
#3505=ORIENTED_EDGE('',*,*,#2615,.T.);
#3506=ORIENTED_EDGE('',*,*,#2616,.F.);
#3507=ORIENTED_EDGE('',*,*,#2617,.F.);
#3508=ORIENTED_EDGE('',*,*,#2618,.F.);
#3509=ORIENTED_EDGE('',*,*,#2619,.F.);
#3510=ORIENTED_EDGE('',*,*,#2620,.T.);
#3511=ORIENTED_EDGE('',*,*,#2621,.F.);
#3512=ORIENTED_EDGE('',*,*,#2622,.F.);
#3513=ORIENTED_EDGE('',*,*,#2623,.F.);
#3514=ORIENTED_EDGE('',*,*,#2624,.F.);
#3515=ORIENTED_EDGE('',*,*,#2601,.T.);
#3516=ORIENTED_EDGE('',*,*,#2611,.T.);
#3517=ORIENTED_EDGE('',*,*,#2603,.T.);
#3518=ORIENTED_EDGE('',*,*,#2625,.T.);
#3519=ORIENTED_EDGE('',*,*,#2626,.T.);
#3520=ORIENTED_EDGE('',*,*,#2627,.T.);
#3521=ORIENTED_EDGE('',*,*,#2628,.T.);
#3522=ORIENTED_EDGE('',*,*,#2629,.T.);
#3523=ORIENTED_EDGE('',*,*,#2630,.T.);
#3524=ORIENTED_EDGE('',*,*,#2631,.T.);
#3525=ORIENTED_EDGE('',*,*,#2632,.T.);
#3526=ORIENTED_EDGE('',*,*,#2633,.T.);
#3527=ORIENTED_EDGE('',*,*,#2634,.F.);
#3528=ORIENTED_EDGE('',*,*,#2635,.T.);
#3529=ORIENTED_EDGE('',*,*,#2636,.T.);
#3530=ORIENTED_EDGE('',*,*,#2635,.F.);
#3531=ORIENTED_EDGE('',*,*,#2637,.F.);
#3532=ORIENTED_EDGE('',*,*,#2623,.T.);
#3533=ORIENTED_EDGE('',*,*,#2638,.F.);
#3534=ORIENTED_EDGE('',*,*,#2639,.F.);
#3535=ORIENTED_EDGE('',*,*,#2640,.F.);
#3536=ORIENTED_EDGE('',*,*,#2641,.F.);
#3537=ORIENTED_EDGE('',*,*,#2642,.F.);
#3538=ORIENTED_EDGE('',*,*,#2643,.F.);
#3539=ORIENTED_EDGE('',*,*,#2644,.F.);
#3540=ORIENTED_EDGE('',*,*,#2645,.T.);
#3541=ORIENTED_EDGE('',*,*,#2646,.T.);
#3542=ORIENTED_EDGE('',*,*,#2647,.F.);
#3543=ORIENTED_EDGE('',*,*,#2648,.F.);
#3544=ORIENTED_EDGE('',*,*,#2636,.F.);
#3545=ORIENTED_EDGE('',*,*,#2649,.T.);
#3546=ORIENTED_EDGE('',*,*,#2650,.T.);
#3547=ORIENTED_EDGE('',*,*,#2637,.T.);
#3548=ORIENTED_EDGE('',*,*,#2634,.T.);
#3549=ORIENTED_EDGE('',*,*,#2650,.F.);
#3550=ORIENTED_EDGE('',*,*,#2651,.T.);
#3551=ORIENTED_EDGE('',*,*,#2652,.F.);
#3552=ORIENTED_EDGE('',*,*,#2653,.T.);
#3553=ORIENTED_EDGE('',*,*,#2609,.T.);
#3554=ORIENTED_EDGE('',*,*,#2608,.T.);
#3555=ORIENTED_EDGE('',*,*,#2653,.F.);
#3556=ORIENTED_EDGE('',*,*,#2654,.T.);
#3557=ORIENTED_EDGE('',*,*,#2655,.T.);
#3558=ORIENTED_EDGE('',*,*,#2656,.F.);
#3559=ORIENTED_EDGE('',*,*,#2655,.F.);
#3560=ORIENTED_EDGE('',*,*,#2654,.F.);
#3561=ORIENTED_EDGE('',*,*,#2657,.F.);
#3562=ORIENTED_EDGE('',*,*,#2612,.T.);
#3563=ORIENTED_EDGE('',*,*,#2658,.T.);
#3564=ORIENTED_EDGE('',*,*,#2656,.T.);
#3565=ORIENTED_EDGE('',*,*,#2658,.F.);
#3566=ORIENTED_EDGE('',*,*,#2659,.F.);
#3567=ORIENTED_EDGE('',*,*,#2660,.T.);
#3568=ORIENTED_EDGE('',*,*,#2661,.T.);
#3569=ORIENTED_EDGE('',*,*,#2660,.F.);
#3570=ORIENTED_EDGE('',*,*,#2662,.F.);
#3571=ORIENTED_EDGE('',*,*,#2621,.T.);
#3572=ORIENTED_EDGE('',*,*,#2663,.T.);
#3573=ORIENTED_EDGE('',*,*,#2664,.T.);
#3574=ORIENTED_EDGE('',*,*,#2665,.T.);
#3575=ORIENTED_EDGE('',*,*,#2666,.T.);
#3576=ORIENTED_EDGE('',*,*,#2667,.T.);
#3577=ORIENTED_EDGE('',*,*,#2668,.T.);
#3578=ORIENTED_EDGE('',*,*,#2669,.T.);
#3579=ORIENTED_EDGE('',*,*,#2670,.T.);
#3580=ORIENTED_EDGE('',*,*,#2671,.T.);
#3581=ORIENTED_EDGE('',*,*,#2672,.T.);
#3582=ORIENTED_EDGE('',*,*,#2673,.T.);
#3583=ORIENTED_EDGE('',*,*,#2661,.F.);
#3584=ORIENTED_EDGE('',*,*,#2610,.T.);
#3585=ORIENTED_EDGE('',*,*,#2674,.T.);
#3586=ORIENTED_EDGE('',*,*,#2662,.T.);
#3587=ORIENTED_EDGE('',*,*,#2659,.T.);
#3588=ORIENTED_EDGE('',*,*,#2674,.F.);
#3589=ORIENTED_EDGE('',*,*,#2630,.F.);
#3590=ORIENTED_EDGE('',*,*,#2675,.F.);
#3591=ORIENTED_EDGE('',*,*,#2676,.F.);
#3592=ORIENTED_EDGE('',*,*,#2677,.T.);
#3593=ORIENTED_EDGE('',*,*,#2633,.F.);
#3594=ORIENTED_EDGE('',*,*,#2678,.F.);
#3595=ORIENTED_EDGE('',*,*,#2679,.F.);
#3596=ORIENTED_EDGE('',*,*,#2675,.T.);
#3597=ORIENTED_EDGE('',*,*,#2632,.F.);
#3598=ORIENTED_EDGE('',*,*,#2680,.F.);
#3599=ORIENTED_EDGE('',*,*,#2681,.F.);
#3600=ORIENTED_EDGE('',*,*,#2678,.T.);
#3601=ORIENTED_EDGE('',*,*,#2631,.F.);
#3602=ORIENTED_EDGE('',*,*,#2677,.F.);
#3603=ORIENTED_EDGE('',*,*,#2682,.F.);
#3604=ORIENTED_EDGE('',*,*,#2680,.T.);
#3605=ORIENTED_EDGE('',*,*,#2683,.F.);
#3606=ORIENTED_EDGE('',*,*,#2684,.T.);
#3607=ORIENTED_EDGE('',*,*,#2685,.T.);
#3608=ORIENTED_EDGE('',*,*,#2686,.F.);
#3609=ORIENTED_EDGE('',*,*,#2687,.F.);
#3610=ORIENTED_EDGE('',*,*,#2688,.T.);
#3611=ORIENTED_EDGE('',*,*,#2689,.T.);
#3612=ORIENTED_EDGE('',*,*,#2684,.F.);
#3613=ORIENTED_EDGE('',*,*,#2690,.F.);
#3614=ORIENTED_EDGE('',*,*,#2691,.F.);
#3615=ORIENTED_EDGE('',*,*,#2692,.T.);
#3616=ORIENTED_EDGE('',*,*,#2693,.T.);
#3617=ORIENTED_EDGE('',*,*,#2688,.F.);
#3618=ORIENTED_EDGE('',*,*,#2694,.F.);
#3619=ORIENTED_EDGE('',*,*,#2686,.T.);
#3620=ORIENTED_EDGE('',*,*,#2695,.T.);
#3621=ORIENTED_EDGE('',*,*,#2692,.F.);
#3622=ORIENTED_EDGE('',*,*,#2695,.F.);
#3623=ORIENTED_EDGE('',*,*,#2685,.F.);
#3624=ORIENTED_EDGE('',*,*,#2689,.F.);
#3625=ORIENTED_EDGE('',*,*,#2693,.F.);
#3626=ORIENTED_EDGE('',*,*,#2696,.F.);
#3627=ORIENTED_EDGE('',*,*,#2697,.T.);
#3628=ORIENTED_EDGE('',*,*,#2698,.T.);
#3629=ORIENTED_EDGE('',*,*,#2699,.F.);
#3630=ORIENTED_EDGE('',*,*,#2700,.F.);
#3631=ORIENTED_EDGE('',*,*,#2701,.T.);
#3632=ORIENTED_EDGE('',*,*,#2702,.T.);
#3633=ORIENTED_EDGE('',*,*,#2697,.F.);
#3634=ORIENTED_EDGE('',*,*,#2703,.F.);
#3635=ORIENTED_EDGE('',*,*,#2704,.F.);
#3636=ORIENTED_EDGE('',*,*,#2705,.T.);
#3637=ORIENTED_EDGE('',*,*,#2706,.T.);
#3638=ORIENTED_EDGE('',*,*,#2701,.F.);
#3639=ORIENTED_EDGE('',*,*,#2707,.F.);
#3640=ORIENTED_EDGE('',*,*,#2699,.T.);
#3641=ORIENTED_EDGE('',*,*,#2708,.T.);
#3642=ORIENTED_EDGE('',*,*,#2705,.F.);
#3643=ORIENTED_EDGE('',*,*,#2708,.F.);
#3644=ORIENTED_EDGE('',*,*,#2698,.F.);
#3645=ORIENTED_EDGE('',*,*,#2702,.F.);
#3646=ORIENTED_EDGE('',*,*,#2706,.F.);
#3647=ORIENTED_EDGE('',*,*,#2709,.F.);
#3648=ORIENTED_EDGE('',*,*,#2710,.T.);
#3649=ORIENTED_EDGE('',*,*,#2711,.T.);
#3650=ORIENTED_EDGE('',*,*,#2712,.F.);
#3651=ORIENTED_EDGE('',*,*,#2713,.F.);
#3652=ORIENTED_EDGE('',*,*,#2714,.T.);
#3653=ORIENTED_EDGE('',*,*,#2715,.T.);
#3654=ORIENTED_EDGE('',*,*,#2710,.F.);
#3655=ORIENTED_EDGE('',*,*,#2716,.F.);
#3656=ORIENTED_EDGE('',*,*,#2717,.F.);
#3657=ORIENTED_EDGE('',*,*,#2718,.T.);
#3658=ORIENTED_EDGE('',*,*,#2719,.T.);
#3659=ORIENTED_EDGE('',*,*,#2714,.F.);
#3660=ORIENTED_EDGE('',*,*,#2720,.F.);
#3661=ORIENTED_EDGE('',*,*,#2712,.T.);
#3662=ORIENTED_EDGE('',*,*,#2721,.T.);
#3663=ORIENTED_EDGE('',*,*,#2718,.F.);
#3664=ORIENTED_EDGE('',*,*,#2721,.F.);
#3665=ORIENTED_EDGE('',*,*,#2711,.F.);
#3666=ORIENTED_EDGE('',*,*,#2715,.F.);
#3667=ORIENTED_EDGE('',*,*,#2719,.F.);
#3668=ORIENTED_EDGE('',*,*,#2722,.F.);
#3669=ORIENTED_EDGE('',*,*,#2723,.T.);
#3670=ORIENTED_EDGE('',*,*,#2724,.T.);
#3671=ORIENTED_EDGE('',*,*,#2725,.F.);
#3672=ORIENTED_EDGE('',*,*,#2726,.F.);
#3673=ORIENTED_EDGE('',*,*,#2727,.T.);
#3674=ORIENTED_EDGE('',*,*,#2728,.T.);
#3675=ORIENTED_EDGE('',*,*,#2723,.F.);
#3676=ORIENTED_EDGE('',*,*,#2729,.F.);
#3677=ORIENTED_EDGE('',*,*,#2730,.F.);
#3678=ORIENTED_EDGE('',*,*,#2731,.T.);
#3679=ORIENTED_EDGE('',*,*,#2732,.T.);
#3680=ORIENTED_EDGE('',*,*,#2727,.F.);
#3681=ORIENTED_EDGE('',*,*,#2733,.F.);
#3682=ORIENTED_EDGE('',*,*,#2725,.T.);
#3683=ORIENTED_EDGE('',*,*,#2734,.T.);
#3684=ORIENTED_EDGE('',*,*,#2731,.F.);
#3685=ORIENTED_EDGE('',*,*,#2734,.F.);
#3686=ORIENTED_EDGE('',*,*,#2724,.F.);
#3687=ORIENTED_EDGE('',*,*,#2728,.F.);
#3688=ORIENTED_EDGE('',*,*,#2732,.F.);
#3689=ORIENTED_EDGE('',*,*,#2735,.T.);
#3690=ORIENTED_EDGE('',*,*,#2736,.F.);
#3691=ORIENTED_EDGE('',*,*,#2716,.T.);
#3692=ORIENTED_EDGE('',*,*,#2709,.T.);
#3693=ORIENTED_EDGE('',*,*,#2720,.T.);
#3694=ORIENTED_EDGE('',*,*,#2717,.T.);
#3695=ORIENTED_EDGE('',*,*,#2713,.T.);
#3696=ORIENTED_EDGE('',*,*,#2737,.F.);
#3697=ORIENTED_EDGE('',*,*,#2729,.T.);
#3698=ORIENTED_EDGE('',*,*,#2722,.T.);
#3699=ORIENTED_EDGE('',*,*,#2733,.T.);
#3700=ORIENTED_EDGE('',*,*,#2730,.T.);
#3701=ORIENTED_EDGE('',*,*,#2726,.T.);
#3702=ORIENTED_EDGE('',*,*,#2738,.F.);
#3703=ORIENTED_EDGE('',*,*,#2703,.T.);
#3704=ORIENTED_EDGE('',*,*,#2696,.T.);
#3705=ORIENTED_EDGE('',*,*,#2707,.T.);
#3706=ORIENTED_EDGE('',*,*,#2704,.T.);
#3707=ORIENTED_EDGE('',*,*,#2700,.T.);
#3708=ORIENTED_EDGE('',*,*,#2739,.F.);
#3709=ORIENTED_EDGE('',*,*,#2690,.T.);
#3710=ORIENTED_EDGE('',*,*,#2683,.T.);
#3711=ORIENTED_EDGE('',*,*,#2694,.T.);
#3712=ORIENTED_EDGE('',*,*,#2691,.T.);
#3713=ORIENTED_EDGE('',*,*,#2687,.T.);
#3714=ORIENTED_EDGE('',*,*,#2740,.F.);
#3715=ORIENTED_EDGE('',*,*,#2741,.T.);
#3716=ORIENTED_EDGE('',*,*,#2735,.F.);
#3717=ORIENTED_EDGE('',*,*,#2741,.F.);
#3718=ORIENTED_EDGE('',*,*,#2622,.T.);
#3719=ORIENTED_EDGE('',*,*,#2673,.F.);
#3720=ORIENTED_EDGE('',*,*,#2742,.T.);
#3721=ORIENTED_EDGE('',*,*,#2743,.F.);
#3722=ORIENTED_EDGE('',*,*,#2744,.T.);
#3723=ORIENTED_EDGE('',*,*,#2745,.T.);
#3724=ORIENTED_EDGE('',*,*,#2746,.F.);
#3725=ORIENTED_EDGE('',*,*,#2747,.F.);
#3726=ORIENTED_EDGE('',*,*,#2748,.T.);
#3727=ORIENTED_EDGE('',*,*,#2749,.T.);
#3728=ORIENTED_EDGE('',*,*,#2750,.T.);
#3729=ORIENTED_EDGE('',*,*,#2751,.F.);
#3730=ORIENTED_EDGE('',*,*,#2752,.F.);
#3731=ORIENTED_EDGE('',*,*,#2753,.T.);
#3732=ORIENTED_EDGE('',*,*,#2754,.F.);
#3733=ORIENTED_EDGE('',*,*,#2638,.T.);
#3734=ORIENTED_EDGE('',*,*,#2755,.T.);
#3735=ORIENTED_EDGE('',*,*,#2756,.T.);
#3736=ORIENTED_EDGE('',*,*,#2757,.T.);
#3737=ORIENTED_EDGE('',*,*,#2758,.T.);
#3738=ORIENTED_EDGE('',*,*,#2756,.F.);
#3739=ORIENTED_EDGE('',*,*,#2759,.F.);
#3740=ORIENTED_EDGE('',*,*,#2760,.F.);
#3741=ORIENTED_EDGE('',*,*,#2761,.F.);
#3742=ORIENTED_EDGE('',*,*,#2762,.F.);
#3743=ORIENTED_EDGE('',*,*,#2760,.T.);
#3744=ORIENTED_EDGE('',*,*,#2763,.T.);
#3745=ORIENTED_EDGE('',*,*,#2764,.F.);
#3746=ORIENTED_EDGE('',*,*,#2765,.F.);
#3747=ORIENTED_EDGE('',*,*,#2761,.T.);
#3748=ORIENTED_EDGE('',*,*,#2765,.T.);
#3749=ORIENTED_EDGE('',*,*,#2766,.F.);
#3750=ORIENTED_EDGE('',*,*,#2767,.F.);
#3751=ORIENTED_EDGE('',*,*,#2768,.T.);
#3752=ORIENTED_EDGE('',*,*,#2766,.T.);
#3753=ORIENTED_EDGE('',*,*,#2764,.T.);
#3754=ORIENTED_EDGE('',*,*,#2769,.T.);
#3755=ORIENTED_EDGE('',*,*,#2770,.F.);
#3756=ORIENTED_EDGE('',*,*,#2758,.F.);
#3757=ORIENTED_EDGE('',*,*,#2771,.F.);
#3758=ORIENTED_EDGE('',*,*,#2645,.F.);
#3759=ORIENTED_EDGE('',*,*,#2772,.F.);
#3760=ORIENTED_EDGE('',*,*,#2773,.F.);
#3761=ORIENTED_EDGE('',*,*,#2774,.F.);
#3762=ORIENTED_EDGE('',*,*,#2615,.F.);
#3763=ORIENTED_EDGE('',*,*,#2775,.F.);
#3764=ORIENTED_EDGE('',*,*,#2749,.F.);
#3765=ORIENTED_EDGE('',*,*,#2776,.F.);
#3766=ORIENTED_EDGE('',*,*,#2777,.F.);
#3767=ORIENTED_EDGE('',*,*,#2778,.F.);
#3768=ORIENTED_EDGE('',*,*,#2778,.T.);
#3769=ORIENTED_EDGE('',*,*,#2779,.F.);
#3770=ORIENTED_EDGE('',*,*,#2780,.F.);
#3771=ORIENTED_EDGE('',*,*,#2781,.F.);
#3772=ORIENTED_EDGE('',*,*,#2750,.F.);
#3773=ORIENTED_EDGE('',*,*,#2782,.F.);
#3774=ORIENTED_EDGE('',*,*,#2783,.F.);
#3775=ORIENTED_EDGE('',*,*,#2753,.F.);
#3776=ORIENTED_EDGE('',*,*,#2784,.F.);
#3777=ORIENTED_EDGE('',*,*,#2784,.T.);
#3778=ORIENTED_EDGE('',*,*,#2752,.T.);
#3779=ORIENTED_EDGE('',*,*,#2785,.T.);
#3780=ORIENTED_EDGE('',*,*,#2786,.T.);
#3781=ORIENTED_EDGE('',*,*,#2787,.T.);
#3782=ORIENTED_EDGE('',*,*,#2786,.F.);
#3783=ORIENTED_EDGE('',*,*,#2788,.T.);
#3784=ORIENTED_EDGE('',*,*,#2780,.T.);
#3785=ORIENTED_EDGE('',*,*,#2789,.F.);
#3786=ORIENTED_EDGE('',*,*,#2785,.F.);
#3787=ORIENTED_EDGE('',*,*,#2751,.T.);
#3788=ORIENTED_EDGE('',*,*,#2781,.T.);
#3789=ORIENTED_EDGE('',*,*,#2788,.F.);
#3790=ORIENTED_EDGE('',*,*,#2783,.T.);
#3791=ORIENTED_EDGE('',*,*,#2790,.T.);
#3792=ORIENTED_EDGE('',*,*,#2639,.T.);
#3793=ORIENTED_EDGE('',*,*,#2754,.T.);
#3794=ORIENTED_EDGE('',*,*,#2791,.T.);
#3795=ORIENTED_EDGE('',*,*,#2792,.T.);
#3796=ORIENTED_EDGE('',*,*,#2793,.T.);
#3797=ORIENTED_EDGE('',*,*,#2794,.F.);
#3798=ORIENTED_EDGE('',*,*,#2795,.F.);
#3799=ORIENTED_EDGE('',*,*,#2791,.F.);
#3800=ORIENTED_EDGE('',*,*,#2796,.F.);
#3801=ORIENTED_EDGE('',*,*,#2797,.F.);
#3802=ORIENTED_EDGE('',*,*,#2798,.F.);
#3803=ORIENTED_EDGE('',*,*,#2794,.T.);
#3804=ORIENTED_EDGE('',*,*,#2799,.F.);
#3805=ORIENTED_EDGE('',*,*,#2800,.F.);
#3806=ORIENTED_EDGE('',*,*,#2801,.F.);
#3807=ORIENTED_EDGE('',*,*,#2797,.T.);
#3808=ORIENTED_EDGE('',*,*,#2802,.F.);
#3809=ORIENTED_EDGE('',*,*,#2803,.F.);
#3810=ORIENTED_EDGE('',*,*,#2804,.F.);
#3811=ORIENTED_EDGE('',*,*,#2800,.T.);
#3812=ORIENTED_EDGE('',*,*,#2805,.F.);
#3813=ORIENTED_EDGE('',*,*,#2806,.F.);
#3814=ORIENTED_EDGE('',*,*,#2807,.F.);
#3815=ORIENTED_EDGE('',*,*,#2808,.F.);
#3816=ORIENTED_EDGE('',*,*,#2803,.T.);
#3817=ORIENTED_EDGE('',*,*,#2809,.F.);
#3818=ORIENTED_EDGE('',*,*,#2807,.T.);
#3819=ORIENTED_EDGE('',*,*,#2810,.F.);
#3820=ORIENTED_EDGE('',*,*,#2793,.F.);
#3821=ORIENTED_EDGE('',*,*,#2801,.T.);
#3822=ORIENTED_EDGE('',*,*,#2811,.T.);
#3823=ORIENTED_EDGE('',*,*,#2642,.T.);
#3824=ORIENTED_EDGE('',*,*,#2812,.F.);
#3825=ORIENTED_EDGE('',*,*,#2798,.T.);
#3826=ORIENTED_EDGE('',*,*,#2812,.T.);
#3827=ORIENTED_EDGE('',*,*,#2641,.T.);
#3828=ORIENTED_EDGE('',*,*,#2813,.F.);
#3829=ORIENTED_EDGE('',*,*,#2796,.T.);
#3830=ORIENTED_EDGE('',*,*,#2810,.T.);
#3831=ORIENTED_EDGE('',*,*,#2806,.T.);
#3832=ORIENTED_EDGE('',*,*,#2805,.T.);
#3833=ORIENTED_EDGE('',*,*,#2802,.T.);
#3834=ORIENTED_EDGE('',*,*,#2799,.T.);
#3835=ORIENTED_EDGE('',*,*,#2740,.T.);
#3836=ORIENTED_EDGE('',*,*,#2814,.F.);
#3837=ORIENTED_EDGE('',*,*,#2815,.F.);
#3838=ORIENTED_EDGE('',*,*,#2613,.F.);
#3839=ORIENTED_EDGE('',*,*,#2816,.F.);
#3840=ORIENTED_EDGE('',*,*,#2649,.F.);
#3841=ORIENTED_EDGE('',*,*,#2817,.T.);
#3842=ORIENTED_EDGE('',*,*,#2736,.T.);
#3843=ORIENTED_EDGE('',*,*,#2739,.T.);
#3844=ORIENTED_EDGE('',*,*,#2738,.T.);
#3845=ORIENTED_EDGE('',*,*,#2737,.T.);
#3846=ORIENTED_EDGE('',*,*,#2817,.F.);
#3847=ORIENTED_EDGE('',*,*,#2651,.F.);
#3848=ORIENTED_EDGE('',*,*,#2816,.T.);
#3849=ORIENTED_EDGE('',*,*,#2624,.T.);
#3850=ORIENTED_EDGE('',*,*,#2648,.T.);
#3851=ORIENTED_EDGE('',*,*,#2818,.F.);
#3852=ORIENTED_EDGE('',*,*,#2815,.T.);
#3853=ORIENTED_EDGE('',*,*,#2819,.T.);
#3854=ORIENTED_EDGE('',*,*,#2775,.T.);
#3855=ORIENTED_EDGE('',*,*,#2614,.F.);
#3856=ORIENTED_EDGE('',*,*,#2814,.T.);
#3857=ORIENTED_EDGE('',*,*,#2818,.T.);
#3858=ORIENTED_EDGE('',*,*,#2647,.T.);
#3859=ORIENTED_EDGE('',*,*,#2773,.T.);
#3860=ORIENTED_EDGE('',*,*,#2819,.F.);
#3861=ORIENTED_EDGE('',*,*,#2808,.T.);
#3862=ORIENTED_EDGE('',*,*,#2820,.T.);
#3863=ORIENTED_EDGE('',*,*,#2821,.F.);
#3864=ORIENTED_EDGE('',*,*,#2822,.T.);
#3865=ORIENTED_EDGE('',*,*,#2667,.F.);
#3866=ORIENTED_EDGE('',*,*,#2823,.F.);
#3867=ORIENTED_EDGE('',*,*,#2824,.F.);
#3868=ORIENTED_EDGE('',*,*,#2825,.F.);
#3869=ORIENTED_EDGE('',*,*,#2826,.T.);
#3870=ORIENTED_EDGE('',*,*,#2827,.T.);
#3871=ORIENTED_EDGE('',*,*,#2828,.F.);
#3872=ORIENTED_EDGE('',*,*,#2829,.F.);
#3873=ORIENTED_EDGE('',*,*,#2769,.F.);
#3874=ORIENTED_EDGE('',*,*,#2763,.F.);
#3875=ORIENTED_EDGE('',*,*,#2759,.T.);
#3876=ORIENTED_EDGE('',*,*,#2755,.F.);
#3877=ORIENTED_EDGE('',*,*,#2772,.T.);
#3878=ORIENTED_EDGE('',*,*,#2644,.T.);
#3879=ORIENTED_EDGE('',*,*,#2830,.F.);
#3880=ORIENTED_EDGE('',*,*,#2804,.T.);
#3881=ORIENTED_EDGE('',*,*,#2830,.T.);
#3882=ORIENTED_EDGE('',*,*,#2643,.T.);
#3883=ORIENTED_EDGE('',*,*,#2811,.F.);
#3884=ORIENTED_EDGE('',*,*,#2627,.F.);
#3885=ORIENTED_EDGE('',*,*,#2831,.F.);
#3886=ORIENTED_EDGE('',*,*,#2832,.F.);
#3887=ORIENTED_EDGE('',*,*,#2833,.T.);
#3888=ORIENTED_EDGE('',*,*,#2628,.F.);
#3889=ORIENTED_EDGE('',*,*,#2833,.F.);
#3890=ORIENTED_EDGE('',*,*,#2834,.F.);
#3891=ORIENTED_EDGE('',*,*,#2835,.T.);
#3892=ORIENTED_EDGE('',*,*,#2602,.T.);
#3893=ORIENTED_EDGE('',*,*,#2629,.F.);
#3894=ORIENTED_EDGE('',*,*,#2835,.F.);
#3895=ORIENTED_EDGE('',*,*,#2836,.F.);
#3896=ORIENTED_EDGE('',*,*,#2837,.T.);
#3897=ORIENTED_EDGE('',*,*,#2625,.F.);
#3898=ORIENTED_EDGE('',*,*,#2626,.F.);
#3899=ORIENTED_EDGE('',*,*,#2837,.F.);
#3900=ORIENTED_EDGE('',*,*,#2838,.F.);
#3901=ORIENTED_EDGE('',*,*,#2831,.T.);
#3902=ORIENTED_EDGE('',*,*,#2839,.F.);
#3903=ORIENTED_EDGE('',*,*,#2840,.T.);
#3904=ORIENTED_EDGE('',*,*,#2841,.F.);
#3905=ORIENTED_EDGE('',*,*,#2842,.F.);
#3906=ORIENTED_EDGE('',*,*,#2843,.F.);
#3907=ORIENTED_EDGE('',*,*,#2844,.F.);
#3908=ORIENTED_EDGE('',*,*,#2842,.T.);
#3909=ORIENTED_EDGE('',*,*,#2845,.F.);
#3910=ORIENTED_EDGE('',*,*,#2846,.F.);
#3911=ORIENTED_EDGE('',*,*,#2847,.F.);
#3912=ORIENTED_EDGE('',*,*,#2846,.T.);
#3913=ORIENTED_EDGE('',*,*,#2848,.F.);
#3914=ORIENTED_EDGE('',*,*,#2849,.F.);
#3915=ORIENTED_EDGE('',*,*,#2850,.F.);
#3916=ORIENTED_EDGE('',*,*,#2849,.T.);
#3917=ORIENTED_EDGE('',*,*,#2851,.F.);
#3918=ORIENTED_EDGE('',*,*,#2840,.F.);
#3919=ORIENTED_EDGE('',*,*,#2851,.T.);
#3920=ORIENTED_EDGE('',*,*,#2848,.T.);
#3921=ORIENTED_EDGE('',*,*,#2845,.T.);
#3922=ORIENTED_EDGE('',*,*,#2841,.T.);
#3923=ORIENTED_EDGE('',*,*,#2852,.F.);
#3924=ORIENTED_EDGE('',*,*,#2853,.T.);
#3925=ORIENTED_EDGE('',*,*,#2854,.F.);
#3926=ORIENTED_EDGE('',*,*,#2855,.F.);
#3927=ORIENTED_EDGE('',*,*,#2856,.F.);
#3928=ORIENTED_EDGE('',*,*,#2857,.F.);
#3929=ORIENTED_EDGE('',*,*,#2855,.T.);
#3930=ORIENTED_EDGE('',*,*,#2858,.F.);
#3931=ORIENTED_EDGE('',*,*,#2859,.F.);
#3932=ORIENTED_EDGE('',*,*,#2860,.F.);
#3933=ORIENTED_EDGE('',*,*,#2859,.T.);
#3934=ORIENTED_EDGE('',*,*,#2861,.F.);
#3935=ORIENTED_EDGE('',*,*,#2862,.F.);
#3936=ORIENTED_EDGE('',*,*,#2863,.F.);
#3937=ORIENTED_EDGE('',*,*,#2862,.T.);
#3938=ORIENTED_EDGE('',*,*,#2864,.F.);
#3939=ORIENTED_EDGE('',*,*,#2853,.F.);
#3940=ORIENTED_EDGE('',*,*,#2864,.T.);
#3941=ORIENTED_EDGE('',*,*,#2861,.T.);
#3942=ORIENTED_EDGE('',*,*,#2858,.T.);
#3943=ORIENTED_EDGE('',*,*,#2854,.T.);
#3944=ORIENTED_EDGE('',*,*,#2865,.F.);
#3945=ORIENTED_EDGE('',*,*,#2866,.T.);
#3946=ORIENTED_EDGE('',*,*,#2867,.F.);
#3947=ORIENTED_EDGE('',*,*,#2868,.F.);
#3948=ORIENTED_EDGE('',*,*,#2869,.F.);
#3949=ORIENTED_EDGE('',*,*,#2870,.F.);
#3950=ORIENTED_EDGE('',*,*,#2868,.T.);
#3951=ORIENTED_EDGE('',*,*,#2871,.F.);
#3952=ORIENTED_EDGE('',*,*,#2872,.F.);
#3953=ORIENTED_EDGE('',*,*,#2873,.F.);
#3954=ORIENTED_EDGE('',*,*,#2872,.T.);
#3955=ORIENTED_EDGE('',*,*,#2874,.F.);
#3956=ORIENTED_EDGE('',*,*,#2875,.F.);
#3957=ORIENTED_EDGE('',*,*,#2876,.F.);
#3958=ORIENTED_EDGE('',*,*,#2875,.T.);
#3959=ORIENTED_EDGE('',*,*,#2877,.F.);
#3960=ORIENTED_EDGE('',*,*,#2866,.F.);
#3961=ORIENTED_EDGE('',*,*,#2877,.T.);
#3962=ORIENTED_EDGE('',*,*,#2874,.T.);
#3963=ORIENTED_EDGE('',*,*,#2871,.T.);
#3964=ORIENTED_EDGE('',*,*,#2867,.T.);
#3965=ORIENTED_EDGE('',*,*,#2878,.F.);
#3966=ORIENTED_EDGE('',*,*,#2879,.T.);
#3967=ORIENTED_EDGE('',*,*,#2880,.F.);
#3968=ORIENTED_EDGE('',*,*,#2881,.F.);
#3969=ORIENTED_EDGE('',*,*,#2882,.F.);
#3970=ORIENTED_EDGE('',*,*,#2883,.F.);
#3971=ORIENTED_EDGE('',*,*,#2881,.T.);
#3972=ORIENTED_EDGE('',*,*,#2884,.F.);
#3973=ORIENTED_EDGE('',*,*,#2885,.F.);
#3974=ORIENTED_EDGE('',*,*,#2886,.F.);
#3975=ORIENTED_EDGE('',*,*,#2885,.T.);
#3976=ORIENTED_EDGE('',*,*,#2887,.F.);
#3977=ORIENTED_EDGE('',*,*,#2888,.F.);
#3978=ORIENTED_EDGE('',*,*,#2889,.F.);
#3979=ORIENTED_EDGE('',*,*,#2888,.T.);
#3980=ORIENTED_EDGE('',*,*,#2890,.F.);
#3981=ORIENTED_EDGE('',*,*,#2879,.F.);
#3982=ORIENTED_EDGE('',*,*,#2890,.T.);
#3983=ORIENTED_EDGE('',*,*,#2887,.T.);
#3984=ORIENTED_EDGE('',*,*,#2884,.T.);
#3985=ORIENTED_EDGE('',*,*,#2880,.T.);
#3986=ORIENTED_EDGE('',*,*,#2891,.F.);
#3987=ORIENTED_EDGE('',*,*,#2892,.F.);
#3988=ORIENTED_EDGE('',*,*,#2869,.T.);
#3989=ORIENTED_EDGE('',*,*,#2873,.T.);
#3990=ORIENTED_EDGE('',*,*,#2876,.T.);
#3991=ORIENTED_EDGE('',*,*,#2865,.T.);
#3992=ORIENTED_EDGE('',*,*,#2870,.T.);
#3993=ORIENTED_EDGE('',*,*,#2893,.F.);
#3994=ORIENTED_EDGE('',*,*,#2843,.T.);
#3995=ORIENTED_EDGE('',*,*,#2847,.T.);
#3996=ORIENTED_EDGE('',*,*,#2850,.T.);
#3997=ORIENTED_EDGE('',*,*,#2839,.T.);
#3998=ORIENTED_EDGE('',*,*,#2844,.T.);
#3999=ORIENTED_EDGE('',*,*,#2894,.F.);
#4000=ORIENTED_EDGE('',*,*,#2856,.T.);
#4001=ORIENTED_EDGE('',*,*,#2860,.T.);
#4002=ORIENTED_EDGE('',*,*,#2863,.T.);
#4003=ORIENTED_EDGE('',*,*,#2852,.T.);
#4004=ORIENTED_EDGE('',*,*,#2857,.T.);
#4005=ORIENTED_EDGE('',*,*,#2895,.F.);
#4006=ORIENTED_EDGE('',*,*,#2882,.T.);
#4007=ORIENTED_EDGE('',*,*,#2886,.T.);
#4008=ORIENTED_EDGE('',*,*,#2889,.T.);
#4009=ORIENTED_EDGE('',*,*,#2878,.T.);
#4010=ORIENTED_EDGE('',*,*,#2883,.T.);
#4011=ORIENTED_EDGE('',*,*,#2896,.F.);
#4012=ORIENTED_EDGE('',*,*,#2897,.T.);
#4013=ORIENTED_EDGE('',*,*,#2891,.T.);
#4014=ORIENTED_EDGE('',*,*,#2897,.F.);
#4015=ORIENTED_EDGE('',*,*,#2898,.T.);
#4016=ORIENTED_EDGE('',*,*,#2899,.T.);
#4017=ORIENTED_EDGE('',*,*,#2828,.T.);
#4018=ORIENTED_EDGE('',*,*,#2900,.T.);
#4019=ORIENTED_EDGE('',*,*,#2899,.F.);
#4020=ORIENTED_EDGE('',*,*,#2901,.F.);
#4021=ORIENTED_EDGE('',*,*,#2770,.T.);
#4022=ORIENTED_EDGE('',*,*,#2829,.T.);
#4023=ORIENTED_EDGE('',*,*,#2824,.T.);
#4024=ORIENTED_EDGE('',*,*,#2902,.T.);
#4025=ORIENTED_EDGE('',*,*,#2903,.T.);
#4026=ORIENTED_EDGE('',*,*,#2904,.T.);
#4027=ORIENTED_EDGE('',*,*,#2902,.F.);
#4028=ORIENTED_EDGE('',*,*,#2823,.T.);
#4029=ORIENTED_EDGE('',*,*,#2666,.F.);
#4030=ORIENTED_EDGE('',*,*,#2905,.T.);
#4031=ORIENTED_EDGE('',*,*,#2906,.T.);
#4032=ORIENTED_EDGE('',*,*,#2907,.T.);
#4033=ORIENTED_EDGE('',*,*,#2617,.T.);
#4034=ORIENTED_EDGE('',*,*,#2908,.T.);
#4035=ORIENTED_EDGE('',*,*,#2909,.F.);
#4036=ORIENTED_EDGE('',*,*,#2910,.T.);
#4037=ORIENTED_EDGE('',*,*,#2911,.T.);
#4038=ORIENTED_EDGE('',*,*,#2826,.F.);
#4039=ORIENTED_EDGE('',*,*,#2912,.F.);
#4040=ORIENTED_EDGE('',*,*,#2913,.T.);
#4041=ORIENTED_EDGE('',*,*,#2914,.T.);
#4042=ORIENTED_EDGE('',*,*,#2910,.F.);
#4043=ORIENTED_EDGE('',*,*,#2900,.F.);
#4044=ORIENTED_EDGE('',*,*,#2827,.F.);
#4045=ORIENTED_EDGE('',*,*,#2911,.F.);
#4046=ORIENTED_EDGE('',*,*,#2914,.F.);
#4047=ORIENTED_EDGE('',*,*,#2915,.F.);
#4048=ORIENTED_EDGE('',*,*,#2904,.F.);
#4049=ORIENTED_EDGE('',*,*,#2916,.T.);
#4050=ORIENTED_EDGE('',*,*,#2912,.T.);
#4051=ORIENTED_EDGE('',*,*,#2909,.T.);
#4052=ORIENTED_EDGE('',*,*,#2825,.T.);
#4053=ORIENTED_EDGE('',*,*,#2616,.T.);
#4054=ORIENTED_EDGE('',*,*,#2774,.T.);
#4055=ORIENTED_EDGE('',*,*,#2646,.F.);
#4056=ORIENTED_EDGE('',*,*,#2771,.T.);
#4057=ORIENTED_EDGE('',*,*,#2757,.F.);
#4058=ORIENTED_EDGE('',*,*,#2762,.T.);
#4059=ORIENTED_EDGE('',*,*,#2767,.T.);
#4060=ORIENTED_EDGE('',*,*,#2768,.F.);
#4061=ORIENTED_EDGE('',*,*,#2901,.T.);
#4062=ORIENTED_EDGE('',*,*,#2898,.F.);
#4063=ORIENTED_EDGE('',*,*,#2915,.T.);
#4064=ORIENTED_EDGE('',*,*,#2913,.F.);
#4065=ORIENTED_EDGE('',*,*,#2916,.F.);
#4066=ORIENTED_EDGE('',*,*,#2903,.F.);
#4067=ORIENTED_EDGE('',*,*,#2905,.F.);
#4068=ORIENTED_EDGE('',*,*,#2665,.F.);
#4069=ORIENTED_EDGE('',*,*,#2908,.F.);
#4070=ORIENTED_EDGE('',*,*,#2747,.T.);
#4071=ORIENTED_EDGE('',*,*,#2917,.T.);
#4072=ORIENTED_EDGE('',*,*,#2918,.T.);
#4073=ORIENTED_EDGE('',*,*,#2919,.T.);
#4074=ORIENTED_EDGE('',*,*,#2917,.F.);
#4075=ORIENTED_EDGE('',*,*,#2746,.T.);
#4076=ORIENTED_EDGE('',*,*,#2920,.T.);
#4077=ORIENTED_EDGE('',*,*,#2921,.T.);
#4078=ORIENTED_EDGE('',*,*,#2922,.T.);
#4079=ORIENTED_EDGE('',*,*,#2923,.T.);
#4080=ORIENTED_EDGE('',*,*,#2924,.T.);
#4081=ORIENTED_EDGE('',*,*,#2743,.T.);
#4082=ORIENTED_EDGE('',*,*,#2925,.T.);
#4083=ORIENTED_EDGE('',*,*,#2924,.F.);
#4084=ORIENTED_EDGE('',*,*,#2926,.F.);
#4085=ORIENTED_EDGE('',*,*,#2927,.F.);
#4086=ORIENTED_EDGE('',*,*,#2928,.F.);
#4087=ORIENTED_EDGE('',*,*,#2744,.F.);
#4088=ORIENTED_EDGE('',*,*,#2927,.T.);
#4089=ORIENTED_EDGE('',*,*,#2929,.T.);
#4090=ORIENTED_EDGE('',*,*,#2921,.F.);
#4091=ORIENTED_EDGE('',*,*,#2930,.F.);
#4092=ORIENTED_EDGE('',*,*,#2928,.T.);
#4093=ORIENTED_EDGE('',*,*,#2930,.T.);
#4094=ORIENTED_EDGE('',*,*,#2920,.F.);
#4095=ORIENTED_EDGE('',*,*,#2745,.F.);
#4096=ORIENTED_EDGE('',*,*,#2919,.F.);
#4097=ORIENTED_EDGE('',*,*,#2931,.F.);
#4098=ORIENTED_EDGE('',*,*,#2776,.T.);
#4099=ORIENTED_EDGE('',*,*,#2748,.F.);
#4100=ORIENTED_EDGE('',*,*,#2925,.F.);
#4101=ORIENTED_EDGE('',*,*,#2742,.F.);
#4102=ORIENTED_EDGE('',*,*,#2672,.F.);
#4103=ORIENTED_EDGE('',*,*,#2932,.F.);
#4104=ORIENTED_EDGE('',*,*,#2933,.F.);
#4105=ORIENTED_EDGE('',*,*,#2934,.F.);
#4106=ORIENTED_EDGE('',*,*,#2935,.F.);
#4107=ORIENTED_EDGE('',*,*,#2936,.T.);
#4108=ORIENTED_EDGE('',*,*,#2937,.T.);
#4109=ORIENTED_EDGE('',*,*,#2933,.T.);
#4110=ORIENTED_EDGE('',*,*,#2938,.T.);
#4111=ORIENTED_EDGE('',*,*,#2939,.T.);
#4112=ORIENTED_EDGE('',*,*,#2940,.T.);
#4113=ORIENTED_EDGE('',*,*,#2936,.F.);
#4114=ORIENTED_EDGE('',*,*,#2941,.T.);
#4115=ORIENTED_EDGE('',*,*,#2942,.T.);
#4116=ORIENTED_EDGE('',*,*,#2943,.T.);
#4117=ORIENTED_EDGE('',*,*,#2939,.F.);
#4118=ORIENTED_EDGE('',*,*,#2944,.T.);
#4119=ORIENTED_EDGE('',*,*,#2945,.T.);
#4120=ORIENTED_EDGE('',*,*,#2946,.T.);
#4121=ORIENTED_EDGE('',*,*,#2942,.F.);
#4122=ORIENTED_EDGE('',*,*,#2947,.T.);
#4123=ORIENTED_EDGE('',*,*,#2948,.T.);
#4124=ORIENTED_EDGE('',*,*,#2945,.F.);
#4125=ORIENTED_EDGE('',*,*,#2821,.T.);
#4126=ORIENTED_EDGE('',*,*,#2949,.T.);
#4127=ORIENTED_EDGE('',*,*,#2950,.T.);
#4128=ORIENTED_EDGE('',*,*,#2934,.T.);
#4129=ORIENTED_EDGE('',*,*,#2951,.T.);
#4130=ORIENTED_EDGE('',*,*,#2949,.F.);
#4131=ORIENTED_EDGE('',*,*,#2952,.F.);
#4132=ORIENTED_EDGE('',*,*,#2935,.T.);
#4133=ORIENTED_EDGE('',*,*,#2953,.T.);
#4134=ORIENTED_EDGE('',*,*,#2792,.F.);
#4135=ORIENTED_EDGE('',*,*,#2944,.F.);
#4136=ORIENTED_EDGE('',*,*,#2954,.T.);
#4137=ORIENTED_EDGE('',*,*,#2669,.F.);
#4138=ORIENTED_EDGE('',*,*,#2955,.F.);
#4139=ORIENTED_EDGE('',*,*,#2941,.F.);
#4140=ORIENTED_EDGE('',*,*,#2956,.T.);
#4141=ORIENTED_EDGE('',*,*,#2670,.F.);
#4142=ORIENTED_EDGE('',*,*,#2954,.F.);
#4143=ORIENTED_EDGE('',*,*,#2938,.F.);
#4144=ORIENTED_EDGE('',*,*,#2952,.T.);
#4145=ORIENTED_EDGE('',*,*,#2795,.T.);
#4146=ORIENTED_EDGE('',*,*,#2813,.T.);
#4147=ORIENTED_EDGE('',*,*,#2640,.T.);
#4148=ORIENTED_EDGE('',*,*,#2790,.F.);
#4149=ORIENTED_EDGE('',*,*,#2782,.T.);
#4150=ORIENTED_EDGE('',*,*,#2787,.F.);
#4151=ORIENTED_EDGE('',*,*,#2789,.T.);
#4152=ORIENTED_EDGE('',*,*,#2779,.T.);
#4153=ORIENTED_EDGE('',*,*,#2777,.T.);
#4154=ORIENTED_EDGE('',*,*,#2931,.T.);
#4155=ORIENTED_EDGE('',*,*,#2918,.F.);
#4156=ORIENTED_EDGE('',*,*,#2922,.F.);
#4157=ORIENTED_EDGE('',*,*,#2929,.F.);
#4158=ORIENTED_EDGE('',*,*,#2926,.T.);
#4159=ORIENTED_EDGE('',*,*,#2923,.F.);
#4160=ORIENTED_EDGE('',*,*,#2932,.T.);
#4161=ORIENTED_EDGE('',*,*,#2671,.F.);
#4162=ORIENTED_EDGE('',*,*,#2956,.F.);
#4163=ORIENTED_EDGE('',*,*,#2937,.F.);
#4164=ORIENTED_EDGE('',*,*,#2940,.F.);
#4165=ORIENTED_EDGE('',*,*,#2943,.F.);
#4166=ORIENTED_EDGE('',*,*,#2946,.F.);
#4167=ORIENTED_EDGE('',*,*,#2948,.F.);
#4168=ORIENTED_EDGE('',*,*,#2951,.F.);
#4169=ORIENTED_EDGE('',*,*,#2896,.T.);
#4170=ORIENTED_EDGE('',*,*,#2957,.T.);
#4171=ORIENTED_EDGE('',*,*,#2958,.T.);
#4172=ORIENTED_EDGE('',*,*,#2619,.T.);
#4173=ORIENTED_EDGE('',*,*,#2959,.T.);
#4174=ORIENTED_EDGE('',*,*,#2657,.T.);
#4175=ORIENTED_EDGE('',*,*,#2960,.T.);
#4176=ORIENTED_EDGE('',*,*,#2892,.T.);
#4177=ORIENTED_EDGE('',*,*,#2895,.T.);
#4178=ORIENTED_EDGE('',*,*,#2894,.T.);
#4179=ORIENTED_EDGE('',*,*,#2893,.T.);
#4180=ORIENTED_EDGE('',*,*,#2960,.F.);
#4181=ORIENTED_EDGE('',*,*,#2958,.F.);
#4182=ORIENTED_EDGE('',*,*,#2961,.T.);
#4183=ORIENTED_EDGE('',*,*,#2663,.F.);
#4184=ORIENTED_EDGE('',*,*,#2620,.F.);
#4185=ORIENTED_EDGE('',*,*,#2959,.F.);
#4186=ORIENTED_EDGE('',*,*,#2618,.T.);
#4187=ORIENTED_EDGE('',*,*,#2907,.F.);
#4188=ORIENTED_EDGE('',*,*,#2962,.F.);
#4189=ORIENTED_EDGE('',*,*,#2957,.F.);
#4190=ORIENTED_EDGE('',*,*,#2962,.T.);
#4191=ORIENTED_EDGE('',*,*,#2906,.F.);
#4192=ORIENTED_EDGE('',*,*,#2664,.F.);
#4193=ORIENTED_EDGE('',*,*,#2961,.F.);
#4194=ORIENTED_EDGE('',*,*,#2820,.F.);
#4195=ORIENTED_EDGE('',*,*,#2809,.T.);
#4196=ORIENTED_EDGE('',*,*,#2953,.F.);
#4197=ORIENTED_EDGE('',*,*,#2950,.F.);
#4198=ORIENTED_EDGE('',*,*,#2652,.T.);
#4199=ORIENTED_EDGE('',*,*,#2676,.T.);
#4200=ORIENTED_EDGE('',*,*,#2679,.T.);
#4201=ORIENTED_EDGE('',*,*,#2681,.T.);
#4202=ORIENTED_EDGE('',*,*,#2682,.T.);
#4203=ORIENTED_EDGE('',*,*,#2832,.T.);
#4204=ORIENTED_EDGE('',*,*,#2838,.T.);
#4205=ORIENTED_EDGE('',*,*,#2836,.T.);
#4206=ORIENTED_EDGE('',*,*,#2834,.T.);
#4207=ORIENTED_EDGE('',*,*,#2947,.F.);
#4208=ORIENTED_EDGE('',*,*,#2955,.T.);
#4209=ORIENTED_EDGE('',*,*,#2668,.F.);
#4210=ORIENTED_EDGE('',*,*,#2822,.F.);
#4211=B_SPLINE_SURFACE_WITH_KNOTS('',3,3,((#5759,#5760,#5761,#5762,#5763,
#5764,#5765,#5766,#5767,#5768,#5769,#5770,#5771,#5772,#5773,#5774,#5775,
#5776,#5777,#5778,#5779,#5780,#5781,#5782,#5783,#5784,#5785,#5786,#5787,
#5788,#5789,#5790,#5791,#5792,#5793,#5794,#5795,#5796,#5797,#5798,#5799,
#5800,#5801,#5802,#5803,#5804,#5805,#5806,#5807,#5808,#5809,#5810,#5811,
#5812,#5813,#5814,#5815,#5816,#5817,#5818,#5819,#5820,#5821,#5822,#5823,
#5824,#5825),(#5826,#5827,#5828,#5829,#5830,#5831,#5832,#5833,#5834,#5835,
#5836,#5837,#5838,#5839,#5840,#5841,#5842,#5843,#5844,#5845,#5846,#5847,
#5848,#5849,#5850,#5851,#5852,#5853,#5854,#5855,#5856,#5857,#5858,#5859,
#5860,#5861,#5862,#5863,#5864,#5865,#5866,#5867,#5868,#5869,#5870,#5871,
#5872,#5873,#5874,#5875,#5876,#5877,#5878,#5879,#5880,#5881,#5882,#5883,
#5884,#5885,#5886,#5887,#5888,#5889,#5890,#5891,#5892),(#5893,#5894,#5895,
#5896,#5897,#5898,#5899,#5900,#5901,#5902,#5903,#5904,#5905,#5906,#5907,
#5908,#5909,#5910,#5911,#5912,#5913,#5914,#5915,#5916,#5917,#5918,#5919,
#5920,#5921,#5922,#5923,#5924,#5925,#5926,#5927,#5928,#5929,#5930,#5931,
#5932,#5933,#5934,#5935,#5936,#5937,#5938,#5939,#5940,#5941,#5942,#5943,
#5944,#5945,#5946,#5947,#5948,#5949,#5950,#5951,#5952,#5953,#5954,#5955,
#5956,#5957,#5958,#5959),(#5960,#5961,#5962,#5963,#5964,#5965,#5966,#5967,
#5968,#5969,#5970,#5971,#5972,#5973,#5974,#5975,#5976,#5977,#5978,#5979,
#5980,#5981,#5982,#5983,#5984,#5985,#5986,#5987,#5988,#5989,#5990,#5991,
#5992,#5993,#5994,#5995,#5996,#5997,#5998,#5999,#6000,#6001,#6002,#6003,
#6004,#6005,#6006,#6007,#6008,#6009,#6010,#6011,#6012,#6013,#6014,#6015,
#6016,#6017,#6018,#6019,#6020,#6021,#6022,#6023,#6024,#6025,#6026),(#6027,
#6028,#6029,#6030,#6031,#6032,#6033,#6034,#6035,#6036,#6037,#6038,#6039,
#6040,#6041,#6042,#6043,#6044,#6045,#6046,#6047,#6048,#6049,#6050,#6051,
#6052,#6053,#6054,#6055,#6056,#6057,#6058,#6059,#6060,#6061,#6062,#6063,
#6064,#6065,#6066,#6067,#6068,#6069,#6070,#6071,#6072,#6073,#6074,#6075,
#6076,#6077,#6078,#6079,#6080,#6081,#6082,#6083,#6084,#6085,#6086,#6087,
#6088,#6089,#6090,#6091,#6092,#6093),(#6094,#6095,#6096,#6097,#6098,#6099,
#6100,#6101,#6102,#6103,#6104,#6105,#6106,#6107,#6108,#6109,#6110,#6111,
#6112,#6113,#6114,#6115,#6116,#6117,#6118,#6119,#6120,#6121,#6122,#6123,
#6124,#6125,#6126,#6127,#6128,#6129,#6130,#6131,#6132,#6133,#6134,#6135,
#6136,#6137,#6138,#6139,#6140,#6141,#6142,#6143,#6144,#6145,#6146,#6147,
#6148,#6149,#6150,#6151,#6152,#6153,#6154,#6155,#6156,#6157,#6158,#6159,
#6160),(#6161,#6162,#6163,#6164,#6165,#6166,#6167,#6168,#6169,#6170,#6171,
#6172,#6173,#6174,#6175,#6176,#6177,#6178,#6179,#6180,#6181,#6182,#6183,
#6184,#6185,#6186,#6187,#6188,#6189,#6190,#6191,#6192,#6193,#6194,#6195,
#6196,#6197,#6198,#6199,#6200,#6201,#6202,#6203,#6204,#6205,#6206,#6207,
#6208,#6209,#6210,#6211,#6212,#6213,#6214,#6215,#6216,#6217,#6218,#6219,
#6220,#6221,#6222,#6223,#6224,#6225,#6226,#6227),(#6228,#6229,#6230,#6231,
#6232,#6233,#6234,#6235,#6236,#6237,#6238,#6239,#6240,#6241,#6242,#6243,
#6244,#6245,#6246,#6247,#6248,#6249,#6250,#6251,#6252,#6253,#6254,#6255,
#6256,#6257,#6258,#6259,#6260,#6261,#6262,#6263,#6264,#6265,#6266,#6267,
#6268,#6269,#6270,#6271,#6272,#6273,#6274,#6275,#6276,#6277,#6278,#6279,
#6280,#6281,#6282,#6283,#6284,#6285,#6286,#6287,#6288,#6289,#6290,#6291,
#6292,#6293,#6294),(#6295,#6296,#6297,#6298,#6299,#6300,#6301,#6302,#6303,
#6304,#6305,#6306,#6307,#6308,#6309,#6310,#6311,#6312,#6313,#6314,#6315,
#6316,#6317,#6318,#6319,#6320,#6321,#6322,#6323,#6324,#6325,#6326,#6327,
#6328,#6329,#6330,#6331,#6332,#6333,#6334,#6335,#6336,#6337,#6338,#6339,
#6340,#6341,#6342,#6343,#6344,#6345,#6346,#6347,#6348,#6349,#6350,#6351,
#6352,#6353,#6354,#6355,#6356,#6357,#6358,#6359,#6360,#6361),(#6362,#6363,
#6364,#6365,#6366,#6367,#6368,#6369,#6370,#6371,#6372,#6373,#6374,#6375,
#6376,#6377,#6378,#6379,#6380,#6381,#6382,#6383,#6384,#6385,#6386,#6387,
#6388,#6389,#6390,#6391,#6392,#6393,#6394,#6395,#6396,#6397,#6398,#6399,
#6400,#6401,#6402,#6403,#6404,#6405,#6406,#6407,#6408,#6409,#6410,#6411,
#6412,#6413,#6414,#6415,#6416,#6417,#6418,#6419,#6420,#6421,#6422,#6423,
#6424,#6425,#6426,#6427,#6428)),.UNSPECIFIED.,.T.,.F.,.F.,(4,1,1,1,1,1,
1,4),(4,1,1,1,1,1,1,1,1,1,1,1,1,1,1,1,1,1,1,1,1,1,1,1,1,1,1,1,1,1,1,1,1,
1,1,1,1,1,1,1,1,1,1,1,1,1,1,1,1,1,1,1,1,1,1,1,1,1,1,1,1,1,1,1,4),(-3.14159265358979,
-2.24399475256414,-1.34639685153848,-0.448798950512828,0.448798950512828,
1.34639685153848,2.24399475256414,3.14159265358979),(0.,0.490873852123405,
0.98174770424681,1.47262155637022,1.96349540849362,2.45436926061703,2.94524311274043,
3.43611696486384,3.92699081698724,4.41786466911065,4.90873852123405,5.39961237335746,
5.89048622548086,6.38136007760427,6.87223392972767,7.36310778185108,7.85398163397448,
8.34485548609789,8.83572933822129,9.3266031903447,9.8174770424681,10.3083508945915,
10.7992247467149,11.2900985988383,11.7809724509617,12.2718463030851,12.7627201552085,
13.2535940073319,13.7444678594553,14.2353417115787,14.7262155637022,15.2170894158256,
15.707963267949,16.1988371200724,16.6897109721958,17.1805848243192,17.6714586764426,
18.162332528566,18.6532063806894,19.1440802328128,19.6349540849362,20.1258279370596,
20.616701789183,21.1075756413064,21.5984494934298,22.0893233455532,22.5801971976766,
23.0710710498,23.5619449019234,24.0528187540469,24.5436926061703,25.0345664582937,
25.5254403104171,26.0163141625405,26.5071880146639,26.9980618667873,27.4889357189107,
27.9798095710341,28.4706834231575,28.9615572752809,29.4524311274043,29.9433049795277,
30.4341788316511,30.9250526837745,31.4159265358979),.UNSPECIFIED.);
#4212=B_SPLINE_SURFACE_WITH_KNOTS('',3,3,((#6581,#6582,#6583,#6584),(#6585,
#6586,#6587,#6588),(#6589,#6590,#6591,#6592),(#6593,#6594,#6595,#6596),
(#6597,#6598,#6599,#6600),(#6601,#6602,#6603,#6604)),.UNSPECIFIED.,.F.,
 .F.,.F.,(4,2,4),(4,4),(0.,1.,2.),(-0.0001,0.),.UNSPECIFIED.);
#4213=B_SPLINE_SURFACE_WITH_KNOTS('',3,3,((#6623,#6624,#6625,#6626),(#6627,
#6628,#6629,#6630),(#6631,#6632,#6633,#6634),(#6635,#6636,#6637,#6638),
(#6639,#6640,#6641,#6642),(#6643,#6644,#6645,#6646)),.UNSPECIFIED.,.F.,
 .F.,.F.,(4,2,4),(4,4),(0.,1.,2.),(-0.0001,0.),.UNSPECIFIED.);
#4214=B_SPLINE_SURFACE_WITH_KNOTS('',3,3,((#6662,#6663,#6664,#6665),(#6666,
#6667,#6668,#6669),(#6670,#6671,#6672,#6673),(#6674,#6675,#6676,#6677),
(#6678,#6679,#6680,#6681),(#6682,#6683,#6684,#6685)),.UNSPECIFIED.,.F.,
 .F.,.F.,(4,2,4),(4,4),(0.,1.,2.),(-0.0001,0.),.UNSPECIFIED.);
#4215=B_SPLINE_SURFACE_WITH_KNOTS('',3,3,((#6701,#6702,#6703,#6704),(#6705,
#6706,#6707,#6708),(#6709,#6710,#6711,#6712),(#6713,#6714,#6715,#6716),
(#6717,#6718,#6719,#6720),(#6721,#6722,#6723,#6724)),.UNSPECIFIED.,.F.,
 .F.,.F.,(4,2,4),(4,4),(0.,1.,2.),(-0.0001,0.),.UNSPECIFIED.);
#4216=B_SPLINE_SURFACE_WITH_KNOTS('',3,3,((#6740,#6741,#6742,#6743),(#6744,
#6745,#6746,#6747),(#6748,#6749,#6750,#6751),(#6752,#6753,#6754,#6755),
(#6756,#6757,#6758,#6759),(#6760,#6761,#6762,#6763)),.UNSPECIFIED.,.F.,
 .F.,.F.,(4,2,4),(4,4),(0.,1.,2.),(-0.0001,0.),.UNSPECIFIED.);
#4217=B_SPLINE_SURFACE_WITH_KNOTS('',3,3,((#6779,#6780,#6781,#6782),(#6783,
#6784,#6785,#6786),(#6787,#6788,#6789,#6790),(#6791,#6792,#6793,#6794),
(#6795,#6796,#6797,#6798),(#6799,#6800,#6801,#6802)),.UNSPECIFIED.,.F.,
 .F.,.F.,(4,2,4),(4,4),(0.,1.,2.),(-0.0001,0.),.UNSPECIFIED.);
#4218=B_SPLINE_SURFACE_WITH_KNOTS('',3,3,((#6818,#6819,#6820,#6821),(#6822,
#6823,#6824,#6825),(#6826,#6827,#6828,#6829),(#6830,#6831,#6832,#6833),
(#6834,#6835,#6836,#6837),(#6838,#6839,#6840,#6841)),.UNSPECIFIED.,.F.,
 .F.,.F.,(4,2,4),(4,4),(0.,1.,2.),(-0.0001,0.),.UNSPECIFIED.);
#4219=B_SPLINE_SURFACE_WITH_KNOTS('',3,3,((#6857,#6858,#6859,#6860),(#6861,
#6862,#6863,#6864),(#6865,#6866,#6867,#6868),(#6869,#6870,#6871,#6872),
(#6873,#6874,#6875,#6876),(#6877,#6878,#6879,#6880)),.UNSPECIFIED.,.F.,
 .F.,.F.,(4,2,4),(4,4),(0.,1.,2.),(-0.0001,0.),.UNSPECIFIED.);
#4220=B_SPLINE_SURFACE_WITH_KNOTS('',3,3,((#6922,#6923,#6924,#6925),(#6926,
#6927,#6928,#6929),(#6930,#6931,#6932,#6933),(#6934,#6935,#6936,#6937),
(#6938,#6939,#6940,#6941),(#6942,#6943,#6944,#6945)),.UNSPECIFIED.,.F.,
 .F.,.F.,(4,2,4),(4,4),(0.,1.,2.),(-0.0001,0.),.UNSPECIFIED.);
#4221=B_SPLINE_SURFACE_WITH_KNOTS('',3,3,((#6956,#6957,#6958,#6959),(#6960,
#6961,#6962,#6963),(#6964,#6965,#6966,#6967),(#6968,#6969,#6970,#6971),
(#6972,#6973,#6974,#6975),(#6976,#6977,#6978,#6979)),.UNSPECIFIED.,.F.,
 .F.,.F.,(4,2,4),(4,4),(0.,1.,2.),(-0.0001,0.),.UNSPECIFIED.);
#4222=B_SPLINE_SURFACE_WITH_KNOTS('',3,3,((#6988,#6989,#6990,#6991),(#6992,
#6993,#6994,#6995),(#6996,#6997,#6998,#6999),(#7000,#7001,#7002,#7003),
(#7004,#7005,#7006,#7007),(#7008,#7009,#7010,#7011)),.UNSPECIFIED.,.F.,
 .F.,.F.,(4,2,4),(4,4),(0.,1.,2.),(-0.0001,0.),.UNSPECIFIED.);
#4223=B_SPLINE_SURFACE_WITH_KNOTS('',3,3,((#7020,#7021,#7022,#7023),(#7024,
#7025,#7026,#7027),(#7028,#7029,#7030,#7031),(#7032,#7033,#7034,#7035),
(#7036,#7037,#7038,#7039),(#7040,#7041,#7042,#7043)),.UNSPECIFIED.,.F.,
 .F.,.F.,(4,2,4),(4,4),(0.,1.,2.),(-0.0001,0.),.UNSPECIFIED.);
#4224=B_SPLINE_SURFACE_WITH_KNOTS('',3,3,((#7050,#7051,#7052,#7053),(#7054,
#7055,#7056,#7057),(#7058,#7059,#7060,#7061),(#7062,#7063,#7064,#7065),
(#7066,#7067,#7068,#7069),(#7070,#7071,#7072,#7073)),.UNSPECIFIED.,.F.,
 .F.,.F.,(4,2,4),(4,4),(0.,1.,2.),(-0.0001,0.),.UNSPECIFIED.);
#4225=B_SPLINE_SURFACE_WITH_KNOTS('',3,3,((#7092,#7093,#7094,#7095),(#7096,
#7097,#7098,#7099),(#7100,#7101,#7102,#7103),(#7104,#7105,#7106,#7107),
(#7108,#7109,#7110,#7111),(#7112,#7113,#7114,#7115)),.UNSPECIFIED.,.F.,
 .F.,.F.,(4,2,4),(4,4),(0.,1.,2.),(-0.0001,0.),.UNSPECIFIED.);
#4226=B_SPLINE_SURFACE_WITH_KNOTS('',3,3,((#7131,#7132,#7133,#7134),(#7135,
#7136,#7137,#7138),(#7139,#7140,#7141,#7142),(#7143,#7144,#7145,#7146),
(#7147,#7148,#7149,#7150),(#7151,#7152,#7153,#7154)),.UNSPECIFIED.,.F.,
 .F.,.F.,(4,2,4),(4,4),(0.,1.,2.),(-0.0001,0.),.UNSPECIFIED.);
#4227=B_SPLINE_SURFACE_WITH_KNOTS('',3,3,((#7170,#7171,#7172,#7173),(#7174,
#7175,#7176,#7177),(#7178,#7179,#7180,#7181),(#7182,#7183,#7184,#7185),
(#7186,#7187,#7188,#7189),(#7190,#7191,#7192,#7193)),.UNSPECIFIED.,.F.,
 .F.,.F.,(4,2,4),(4,4),(0.,1.,2.),(-0.0001,0.),.UNSPECIFIED.);
#4228=B_SPLINE_SURFACE_WITH_KNOTS('',3,3,((#7209,#7210,#7211,#7212),(#7213,
#7214,#7215,#7216),(#7217,#7218,#7219,#7220),(#7221,#7222,#7223,#7224),
(#7225,#7226,#7227,#7228),(#7229,#7230,#7231,#7232)),.UNSPECIFIED.,.F.,
 .F.,.F.,(4,2,4),(4,4),(0.,1.,2.),(-0.0001,0.),.UNSPECIFIED.);
#4229=B_SPLINE_SURFACE_WITH_KNOTS('',3,3,((#7245,#7246,#7247,#7248),(#7249,
#7250,#7251,#7252),(#7253,#7254,#7255,#7256),(#7257,#7258,#7259,#7260),
(#7261,#7262,#7263,#7264),(#7265,#7266,#7267,#7268)),.UNSPECIFIED.,.F.,
 .F.,.F.,(4,2,4),(4,4),(0.,1.,2.),(-0.0001,0.),.UNSPECIFIED.);
#4230=B_SPLINE_SURFACE_WITH_KNOTS('',3,3,((#7287,#7288,#7289,#7290),(#7291,
#7292,#7293,#7294),(#7295,#7296,#7297,#7298),(#7299,#7300,#7301,#7302),
(#7303,#7304,#7305,#7306),(#7307,#7308,#7309,#7310)),.UNSPECIFIED.,.F.,
 .F.,.F.,(4,2,4),(4,4),(0.,1.,2.),(-0.0001,0.),.UNSPECIFIED.);
#4231=B_SPLINE_SURFACE_WITH_KNOTS('',3,3,((#7326,#7327,#7328,#7329),(#7330,
#7331,#7332,#7333),(#7334,#7335,#7336,#7337),(#7338,#7339,#7340,#7341),
(#7342,#7343,#7344,#7345),(#7346,#7347,#7348,#7349)),.UNSPECIFIED.,.F.,
 .F.,.F.,(4,2,4),(4,4),(0.,1.,2.),(-0.0001,0.),.UNSPECIFIED.);
#4232=B_SPLINE_SURFACE_WITH_KNOTS('',3,3,((#7365,#7366,#7367,#7368),(#7369,
#7370,#7371,#7372),(#7373,#7374,#7375,#7376),(#7377,#7378,#7379,#7380),
(#7381,#7382,#7383,#7384),(#7385,#7386,#7387,#7388)),.UNSPECIFIED.,.F.,
 .F.,.F.,(4,2,4),(4,4),(0.,1.,2.),(-0.0001,0.),.UNSPECIFIED.);
#4233=B_SPLINE_SURFACE_WITH_KNOTS('',3,3,((#7404,#7405,#7406,#7407),(#7408,
#7409,#7410,#7411),(#7412,#7413,#7414,#7415),(#7416,#7417,#7418,#7419),
(#7420,#7421,#7422,#7423),(#7424,#7425,#7426,#7427)),.UNSPECIFIED.,.F.,
 .F.,.F.,(4,2,4),(4,4),(0.,1.,2.),(-0.0001,0.),.UNSPECIFIED.);
#4234=B_SPLINE_SURFACE_WITH_KNOTS('',3,3,((#7508,#7509,#7510,#7511),(#7512,
#7513,#7514,#7515),(#7516,#7517,#7518,#7519),(#7520,#7521,#7522,#7523),
(#7524,#7525,#7526,#7527),(#7528,#7529,#7530,#7531)),.UNSPECIFIED.,.F.,
 .F.,.F.,(4,2,4),(4,4),(0.,1.,2.),(-0.0001,0.),.UNSPECIFIED.);
#4235=B_SPLINE_SURFACE_WITH_KNOTS('',3,3,((#7542,#7543,#7544,#7545),(#7546,
#7547,#7548,#7549),(#7550,#7551,#7552,#7553),(#7554,#7555,#7556,#7557),
(#7558,#7559,#7560,#7561),(#7562,#7563,#7564,#7565)),.UNSPECIFIED.,.F.,
 .F.,.F.,(4,2,4),(4,4),(0.,1.,2.),(-0.0001,0.),.UNSPECIFIED.);
#4236=B_SPLINE_SURFACE_WITH_KNOTS('',3,3,((#7578,#7579,#7580,#7581),(#7582,
#7583,#7584,#7585),(#7586,#7587,#7588,#7589),(#7590,#7591,#7592,#7593),
(#7594,#7595,#7596,#7597),(#7598,#7599,#7600,#7601)),.UNSPECIFIED.,.F.,
 .F.,.F.,(4,2,4),(4,4),(0.,1.,2.),(-0.0001,0.),.UNSPECIFIED.);
#4237=B_SPLINE_SURFACE_WITH_KNOTS('',3,3,((#7610,#7611,#7612,#7613),(#7614,
#7615,#7616,#7617),(#7618,#7619,#7620,#7621),(#7622,#7623,#7624,#7625),
(#7626,#7627,#7628,#7629),(#7630,#7631,#7632,#7633)),.UNSPECIFIED.,.F.,
 .F.,.F.,(4,2,4),(4,4),(0.,1.,2.),(-0.0001,0.),.UNSPECIFIED.);
#4238=B_SPLINE_SURFACE_WITH_KNOTS('',3,3,((#7642,#7643,#7644,#7645),(#7646,
#7647,#7648,#7649),(#7650,#7651,#7652,#7653),(#7654,#7655,#7656,#7657),
(#7658,#7659,#7660,#7661),(#7662,#7663,#7664,#7665)),.UNSPECIFIED.,.F.,
 .F.,.F.,(4,2,4),(4,4),(0.,1.,2.),(-0.0001,0.),.UNSPECIFIED.);
#4239=B_SPLINE_SURFACE_WITH_KNOTS('',3,3,((#7674,#7675,#7676,#7677),(#7678,
#7679,#7680,#7681),(#7682,#7683,#7684,#7685),(#7686,#7687,#7688,#7689),
(#7690,#7691,#7692,#7693),(#7694,#7695,#7696,#7697)),.UNSPECIFIED.,.F.,
 .F.,.F.,(4,2,4),(4,4),(0.,1.,2.),(-0.0001,0.),.UNSPECIFIED.);
#4240=B_SPLINE_SURFACE_WITH_KNOTS('',3,3,((#7710,#7711,#7712,#7713),(#7714,
#7715,#7716,#7717),(#7718,#7719,#7720,#7721),(#7722,#7723,#7724,#7725),
(#7726,#7727,#7728,#7729),(#7730,#7731,#7732,#7733)),.UNSPECIFIED.,.F.,
 .F.,.F.,(4,2,4),(4,4),(0.,1.,2.),(-0.0001,0.),.UNSPECIFIED.);
#4241=B_SPLINE_SURFACE_WITH_KNOTS('',3,3,((#7742,#7743,#7744,#7745),(#7746,
#7747,#7748,#7749),(#7750,#7751,#7752,#7753),(#7754,#7755,#7756,#7757),
(#7758,#7759,#7760,#7761),(#7762,#7763,#7764,#7765)),.UNSPECIFIED.,.F.,
 .F.,.F.,(4,2,4),(4,4),(0.,1.,2.),(-0.0001,0.),.UNSPECIFIED.);
#4242=B_SPLINE_SURFACE_WITH_KNOTS('',3,3,((#7774,#7775,#7776,#7777),(#7778,
#7779,#7780,#7781),(#7782,#7783,#7784,#7785),(#7786,#7787,#7788,#7789),
(#7790,#7791,#7792,#7793),(#7794,#7795,#7796,#7797)),.UNSPECIFIED.,.F.,
 .F.,.F.,(4,2,4),(4,4),(0.,1.,2.),(-0.0001,0.),.UNSPECIFIED.);
#4243=B_SPLINE_SURFACE_WITH_KNOTS('',3,3,((#7850,#7851,#7852,#7853),(#7854,
#7855,#7856,#7857),(#7858,#7859,#7860,#7861),(#7862,#7863,#7864,#7865),
(#7866,#7867,#7868,#7869),(#7870,#7871,#7872,#7873)),.UNSPECIFIED.,.F.,
 .F.,.F.,(4,2,4),(4,4),(0.,1.,2.),(-0.0001,0.),.UNSPECIFIED.);
#4244=B_SPLINE_SURFACE_WITH_KNOTS('',3,3,((#7904,#7905,#7906,#7907),(#7908,
#7909,#7910,#7911),(#7912,#7913,#7914,#7915),(#7916,#7917,#7918,#7919),
(#7920,#7921,#7922,#7923),(#7924,#7925,#7926,#7927)),.UNSPECIFIED.,.F.,
 .F.,.F.,(4,2,4),(4,4),(0.,1.,2.),(-0.0001,0.),.UNSPECIFIED.);
#4245=B_SPLINE_SURFACE_WITH_KNOTS('',3,3,((#7946,#7947,#7948,#7949),(#7950,
#7951,#7952,#7953),(#7954,#7955,#7956,#7957),(#7958,#7959,#7960,#7961),
(#7962,#7963,#7964,#7965),(#7966,#7967,#7968,#7969)),.UNSPECIFIED.,.F.,
 .F.,.F.,(4,2,4),(4,4),(0.,1.,2.),(-0.0001,0.),.UNSPECIFIED.);
#4246=B_SPLINE_SURFACE_WITH_KNOTS('',3,3,((#7985,#7986,#7987,#7988),(#7989,
#7990,#7991,#7992),(#7993,#7994,#7995,#7996),(#7997,#7998,#7999,#8000),
(#8001,#8002,#8003,#8004),(#8005,#8006,#8007,#8008)),.UNSPECIFIED.,.F.,
 .F.,.F.,(4,2,4),(4,4),(0.,1.,2.),(-0.0001,0.),.UNSPECIFIED.);
#4247=B_SPLINE_SURFACE_WITH_KNOTS('',3,3,((#8024,#8025,#8026,#8027),(#8028,
#8029,#8030,#8031),(#8032,#8033,#8034,#8035),(#8036,#8037,#8038,#8039),
(#8040,#8041,#8042,#8043),(#8044,#8045,#8046,#8047)),.UNSPECIFIED.,.F.,
 .F.,.F.,(4,2,4),(4,4),(0.,1.,2.),(-0.0001,0.),.UNSPECIFIED.);
#4248=B_SPLINE_SURFACE_WITH_KNOTS('',3,3,((#8063,#8064,#8065,#8066),(#8067,
#8068,#8069,#8070),(#8071,#8072,#8073,#8074),(#8075,#8076,#8077,#8078),
(#8079,#8080,#8081,#8082),(#8083,#8084,#8085,#8086)),.UNSPECIFIED.,.F.,
 .F.,.F.,(4,2,4),(4,4),(0.,1.,2.),(-0.0001,0.),.UNSPECIFIED.);
#4249=B_SPLINE_SURFACE_WITH_KNOTS('',3,3,((#8102,#8103,#8104,#8105),(#8106,
#8107,#8108,#8109),(#8110,#8111,#8112,#8113),(#8114,#8115,#8116,#8117),
(#8118,#8119,#8120,#8121),(#8122,#8123,#8124,#8125)),.UNSPECIFIED.,.F.,
 .F.,.F.,(4,2,4),(4,4),(0.,1.,2.),(-0.0001,0.),.UNSPECIFIED.);
#4250=B_SPLINE_SURFACE_WITH_KNOTS('',3,3,((#8141,#8142,#8143,#8144),(#8145,
#8146,#8147,#8148),(#8149,#8150,#8151,#8152),(#8153,#8154,#8155,#8156),
(#8157,#8158,#8159,#8160),(#8161,#8162,#8163,#8164)),.UNSPECIFIED.,.F.,
 .F.,.F.,(4,2,4),(4,4),(0.,1.,2.),(-0.0001,0.),.UNSPECIFIED.);
#4251=B_SPLINE_SURFACE_WITH_KNOTS('',3,3,((#8266,#8267,#8268,#8269),(#8270,
#8271,#8272,#8273),(#8274,#8275,#8276,#8277),(#8278,#8279,#8280,#8281),
(#8282,#8283,#8284,#8285),(#8286,#8287,#8288,#8289)),.UNSPECIFIED.,.F.,
 .F.,.F.,(4,2,4),(4,4),(0.,1.,2.),(-0.0001,0.),.UNSPECIFIED.);
#4252=B_SPLINE_SURFACE_WITH_KNOTS('',3,3,((#8300,#8301,#8302,#8303),(#8304,
#8305,#8306,#8307),(#8308,#8309,#8310,#8311),(#8312,#8313,#8314,#8315),
(#8316,#8317,#8318,#8319),(#8320,#8321,#8322,#8323)),.UNSPECIFIED.,.F.,
 .F.,.F.,(4,2,4),(4,4),(0.,1.,2.),(-0.0001,0.),.UNSPECIFIED.);
#4253=B_SPLINE_SURFACE_WITH_KNOTS('',3,3,((#8332,#8333,#8334,#8335),(#8336,
#8337,#8338,#8339),(#8340,#8341,#8342,#8343),(#8344,#8345,#8346,#8347),
(#8348,#8349,#8350,#8351),(#8352,#8353,#8354,#8355)),.UNSPECIFIED.,.F.,
 .F.,.F.,(4,2,4),(4,4),(0.,1.,2.),(-0.0001,0.),.UNSPECIFIED.);
#4254=B_SPLINE_SURFACE_WITH_KNOTS('',3,3,((#8364,#8365,#8366,#8367),(#8368,
#8369,#8370,#8371),(#8372,#8373,#8374,#8375),(#8376,#8377,#8378,#8379),
(#8380,#8381,#8382,#8383),(#8384,#8385,#8386,#8387)),.UNSPECIFIED.,.F.,
 .F.,.F.,(4,2,4),(4,4),(0.,1.,2.),(-0.0001,0.),.UNSPECIFIED.);
#4255=B_SPLINE_SURFACE_WITH_KNOTS('',3,3,((#8396,#8397,#8398,#8399),(#8400,
#8401,#8402,#8403),(#8404,#8405,#8406,#8407),(#8408,#8409,#8410,#8411),
(#8412,#8413,#8414,#8415),(#8416,#8417,#8418,#8419)),.UNSPECIFIED.,.F.,
 .F.,.F.,(4,2,4),(4,4),(0.,1.,2.),(-0.0001,0.),.UNSPECIFIED.);
#4256=B_SPLINE_SURFACE_WITH_KNOTS('',3,3,((#8436,#8437,#8438,#8439),(#8440,
#8441,#8442,#8443),(#8444,#8445,#8446,#8447),(#8448,#8449,#8450,#8451),
(#8452,#8453,#8454,#8455),(#8456,#8457,#8458,#8459)),.UNSPECIFIED.,.F.,
 .F.,.F.,(4,2,4),(4,4),(0.,1.,2.),(-0.0001,0.),.UNSPECIFIED.);
#4257=B_SPLINE_SURFACE_WITH_KNOTS('',3,3,((#8468,#8469,#8470,#8471),(#8472,
#8473,#8474,#8475),(#8476,#8477,#8478,#8479),(#8480,#8481,#8482,#8483),
(#8484,#8485,#8486,#8487),(#8488,#8489,#8490,#8491)),.UNSPECIFIED.,.F.,
 .F.,.F.,(4,2,4),(4,4),(0.,1.,2.),(-0.0001,0.),.UNSPECIFIED.);
#4258=B_SPLINE_SURFACE_WITH_KNOTS('',3,3,((#8500,#8501,#8502,#8503),(#8504,
#8505,#8506,#8507),(#8508,#8509,#8510,#8511),(#8512,#8513,#8514,#8515),
(#8516,#8517,#8518,#8519),(#8520,#8521,#8522,#8523)),.UNSPECIFIED.,.F.,
 .F.,.F.,(4,2,4),(4,4),(0.,1.,2.),(-0.0001,0.),.UNSPECIFIED.);
#4259=B_SPLINE_SURFACE_WITH_KNOTS('',3,3,((#8532,#8533,#8534,#8535),(#8536,
#8537,#8538,#8539),(#8540,#8541,#8542,#8543),(#8544,#8545,#8546,#8547),
(#8548,#8549,#8550,#8551),(#8552,#8553,#8554,#8555)),.UNSPECIFIED.,.F.,
 .F.,.F.,(4,2,4),(4,4),(0.,1.,2.),(-0.0001,0.),.UNSPECIFIED.);
#4260=B_SPLINE_SURFACE_WITH_KNOTS('',3,3,((#8564,#8565,#8566,#8567),(#8568,
#8569,#8570,#8571),(#8572,#8573,#8574,#8575),(#8576,#8577,#8578,#8579),
(#8580,#8581,#8582,#8583),(#8584,#8585,#8586,#8587)),.UNSPECIFIED.,.F.,
 .F.,.F.,(4,2,4),(4,4),(0.,1.,2.),(-0.0001,0.),.UNSPECIFIED.);
#4261=B_SPLINE_SURFACE_WITH_KNOTS('',3,3,((#8596,#8597,#8598,#8599),(#8600,
#8601,#8602,#8603),(#8604,#8605,#8606,#8607),(#8608,#8609,#8610,#8611),
(#8612,#8613,#8614,#8615),(#8616,#8617,#8618,#8619)),.UNSPECIFIED.,.F.,
 .F.,.F.,(4,2,4),(4,4),(0.,1.,2.),(-0.0001,0.),.UNSPECIFIED.);
#4262=B_SPLINE_SURFACE_WITH_KNOTS('',3,3,((#8628,#8629,#8630,#8631),(#8632,
#8633,#8634,#8635),(#8636,#8637,#8638,#8639),(#8640,#8641,#8642,#8643),
(#8644,#8645,#8646,#8647),(#8648,#8649,#8650,#8651)),.UNSPECIFIED.,.F.,
 .F.,.F.,(4,2,4),(4,4),(0.,1.,2.),(-0.0001,0.),.UNSPECIFIED.);
#4263=B_SPLINE_SURFACE_WITH_KNOTS('',3,3,((#8764,#8765,#8766,#8767),(#8768,
#8769,#8770,#8771),(#8772,#8773,#8774,#8775),(#8776,#8777,#8778,#8779),
(#8780,#8781,#8782,#8783),(#8784,#8785,#8786,#8787)),.UNSPECIFIED.,.F.,
 .F.,.F.,(4,2,4),(4,4),(0.,1.,2.),(-0.0001,0.),.UNSPECIFIED.);
#4264=B_SPLINE_SURFACE_WITH_KNOTS('',3,3,((#8798,#8799,#8800,#8801),(#8802,
#8803,#8804,#8805),(#8806,#8807,#8808,#8809),(#8810,#8811,#8812,#8813),
(#8814,#8815,#8816,#8817),(#8818,#8819,#8820,#8821)),.UNSPECIFIED.,.F.,
 .F.,.F.,(4,2,4),(4,4),(0.,1.,2.),(-0.0001,0.),.UNSPECIFIED.);
#4265=B_SPLINE_SURFACE_WITH_KNOTS('',3,3,((#8830,#8831,#8832,#8833),(#8834,
#8835,#8836,#8837),(#8838,#8839,#8840,#8841),(#8842,#8843,#8844,#8845),
(#8846,#8847,#8848,#8849),(#8850,#8851,#8852,#8853)),.UNSPECIFIED.,.F.,
 .F.,.F.,(4,2,4),(4,4),(0.,1.,2.),(-0.0001,0.),.UNSPECIFIED.);
#4266=B_SPLINE_SURFACE_WITH_KNOTS('',3,3,((#8882,#8883,#8884,#8885),(#8886,
#8887,#8888,#8889),(#8890,#8891,#8892,#8893),(#8894,#8895,#8896,#8897),
(#8898,#8899,#8900,#8901),(#8902,#8903,#8904,#8905)),.UNSPECIFIED.,.F.,
 .F.,.F.,(4,2,4),(4,4),(0.,1.,2.),(-0.0001,0.),.UNSPECIFIED.);
#4267=B_SPLINE_SURFACE_WITH_KNOTS('',3,3,((#8914,#8915,#8916,#8917),(#8918,
#8919,#8920,#8921),(#8922,#8923,#8924,#8925),(#8926,#8927,#8928,#8929),
(#8930,#8931,#8932,#8933),(#8934,#8935,#8936,#8937)),.UNSPECIFIED.,.F.,
 .F.,.F.,(4,2,4),(4,4),(0.,1.,2.),(-0.0001,0.),.UNSPECIFIED.);
#4268=B_SPLINE_SURFACE_WITH_KNOTS('',3,3,((#8946,#8947,#8948,#8949),(#8950,
#8951,#8952,#8953),(#8954,#8955,#8956,#8957),(#8958,#8959,#8960,#8961),
(#8962,#8963,#8964,#8965),(#8966,#8967,#8968,#8969)),.UNSPECIFIED.,.F.,
 .F.,.F.,(4,2,4),(4,4),(0.,1.,2.),(-0.0001,0.),.UNSPECIFIED.);
#4269=B_SPLINE_SURFACE_WITH_KNOTS('',3,3,((#8978,#8979,#8980,#8981),(#8982,
#8983,#8984,#8985),(#8986,#8987,#8988,#8989),(#8990,#8991,#8992,#8993),
(#8994,#8995,#8996,#8997),(#8998,#8999,#9000,#9001)),.UNSPECIFIED.,.F.,
 .F.,.F.,(4,2,4),(4,4),(0.,1.,2.),(-0.0001,0.),.UNSPECIFIED.);
#4270=B_SPLINE_SURFACE_WITH_KNOTS('',3,3,((#9010,#9011,#9012,#9013),(#9014,
#9015,#9016,#9017),(#9018,#9019,#9020,#9021),(#9022,#9023,#9024,#9025),
(#9026,#9027,#9028,#9029),(#9030,#9031,#9032,#9033)),.UNSPECIFIED.,.F.,
 .F.,.F.,(4,2,4),(4,4),(0.,1.,2.),(-0.0001,0.),.UNSPECIFIED.);
#4271=B_SPLINE_SURFACE_WITH_KNOTS('',3,3,((#9042,#9043,#9044,#9045),(#9046,
#9047,#9048,#9049),(#9050,#9051,#9052,#9053),(#9054,#9055,#9056,#9057),
(#9058,#9059,#9060,#9061),(#9062,#9063,#9064,#9065)),.UNSPECIFIED.,.F.,
 .F.,.F.,(4,2,4),(4,4),(0.,1.,2.),(-0.0001,0.),.UNSPECIFIED.);
#4272=B_SPLINE_SURFACE_WITH_KNOTS('',3,3,((#9074,#9075,#9076,#9077),(#9078,
#9079,#9080,#9081),(#9082,#9083,#9084,#9085),(#9086,#9087,#9088,#9089),
(#9090,#9091,#9092,#9093),(#9094,#9095,#9096,#9097)),.UNSPECIFIED.,.F.,
 .F.,.F.,(4,2,4),(4,4),(0.,1.,2.),(-0.0001,0.),.UNSPECIFIED.);
#4273=B_SPLINE_SURFACE_WITH_KNOTS('',3,3,((#9114,#9115,#9116,#9117),(#9118,
#9119,#9120,#9121),(#9122,#9123,#9124,#9125),(#9126,#9127,#9128,#9129),
(#9130,#9131,#9132,#9133),(#9134,#9135,#9136,#9137)),.UNSPECIFIED.,.F.,
 .F.,.F.,(4,2,4),(4,4),(0.,1.,2.),(-0.0001,0.),.UNSPECIFIED.);
#4274=B_SPLINE_SURFACE_WITH_KNOTS('',3,3,((#9146,#9147,#9148,#9149),(#9150,
#9151,#9152,#9153),(#9154,#9155,#9156,#9157),(#9158,#9159,#9160,#9161),
(#9162,#9163,#9164,#9165),(#9166,#9167,#9168,#9169)),.UNSPECIFIED.,.F.,
 .F.,.F.,(4,2,4),(4,4),(0.,1.,2.),(-0.0001,0.),.UNSPECIFIED.);
#4275=B_SPLINE_SURFACE_WITH_KNOTS('',3,3,((#9178,#9179,#9180,#9181),(#9182,
#9183,#9184,#9185),(#9186,#9187,#9188,#9189),(#9190,#9191,#9192,#9193),
(#9194,#9195,#9196,#9197),(#9198,#9199,#9200,#9201)),.UNSPECIFIED.,.F.,
 .F.,.F.,(4,2,4),(4,4),(0.,1.,2.),(-0.0001,0.),.UNSPECIFIED.);
#4276=ADVANCED_FACE('',(#1196),#4211,.T.);
#4277=ADVANCED_FACE('',(#1197),#1081,.F.);
#4278=ADVANCED_FACE('',(#1198),#1040,.T.);
#4279=ADVANCED_FACE('',(#1199,#258),#1082,.T.);
#4280=ADVANCED_FACE('',(#1200),#4212,.T.);
#4281=ADVANCED_FACE('',(#1201),#4213,.T.);
#4282=ADVANCED_FACE('',(#1202),#4214,.T.);
#4283=ADVANCED_FACE('',(#1203),#4215,.T.);
#4284=ADVANCED_FACE('',(#1204),#4216,.T.);
#4285=ADVANCED_FACE('',(#1205),#4217,.T.);
#4286=ADVANCED_FACE('',(#1206),#4218,.T.);
#4287=ADVANCED_FACE('',(#1207),#4219,.T.);
#4288=ADVANCED_FACE('',(#1208,#259),#1041,.T.);
#4289=ADVANCED_FACE('',(#1209),#4220,.T.);
#4290=ADVANCED_FACE('',(#1210),#4221,.T.);
#4291=ADVANCED_FACE('',(#1211),#4222,.T.);
#4292=ADVANCED_FACE('',(#1212),#4223,.T.);
#4293=ADVANCED_FACE('',(#1213),#4224,.T.);
#4294=ADVANCED_FACE('',(#1214),#4225,.T.);
#4295=ADVANCED_FACE('',(#1215),#4226,.T.);
#4296=ADVANCED_FACE('',(#1216),#4227,.T.);
#4297=ADVANCED_FACE('',(#1217),#4228,.T.);
#4298=ADVANCED_FACE('',(#1218),#4229,.T.);
#4299=ADVANCED_FACE('',(#1219),#4230,.T.);
#4300=ADVANCED_FACE('',(#1220),#4231,.T.);
#4301=ADVANCED_FACE('',(#1221),#4232,.T.);
#4302=ADVANCED_FACE('',(#1222),#4233,.T.);
#4303=ADVANCED_FACE('',(#1223,#260,#261),#1042,.T.);
#4304=ADVANCED_FACE('',(#1224),#4234,.T.);
#4305=ADVANCED_FACE('',(#1225),#4235,.T.);
#4306=ADVANCED_FACE('',(#1226),#1083,.T.);
#4307=ADVANCED_FACE('',(#1227),#4236,.T.);
#4308=ADVANCED_FACE('',(#1228),#4237,.T.);
#4309=ADVANCED_FACE('',(#1229),#4238,.T.);
#4310=ADVANCED_FACE('',(#1230),#4239,.T.);
#4311=ADVANCED_FACE('',(#1231),#1084,.T.);
#4312=ADVANCED_FACE('',(#1232),#4240,.T.);
#4313=ADVANCED_FACE('',(#1233),#4241,.T.);
#4314=ADVANCED_FACE('',(#1234),#4242,.T.);
#4315=ADVANCED_FACE('',(#1235),#1043,.T.);
#4316=ADVANCED_FACE('',(#1236),#1085,.T.);
#4317=ADVANCED_FACE('',(#1237),#1086,.T.);
#4318=ADVANCED_FACE('',(#1238),#1087,.T.);
#4319=ADVANCED_FACE('',(#1239),#1088,.T.);
#4320=ADVANCED_FACE('',(#1240),#4243,.T.);
#4321=ADVANCED_FACE('',(#1241),#1089,.T.);
#4322=ADVANCED_FACE('',(#1242),#1090,.T.);
#4323=ADVANCED_FACE('',(#1243),#1091,.T.);
#4324=ADVANCED_FACE('',(#1244),#1092,.T.);
#4325=ADVANCED_FACE('',(#1245),#1093,.T.);
#4326=ADVANCED_FACE('',(#1246),#1094,.T.);
#4327=ADVANCED_FACE('',(#1247),#4244,.T.);
#4328=ADVANCED_FACE('',(#1248),#4245,.T.);
#4329=ADVANCED_FACE('',(#1249),#4246,.T.);
#4330=ADVANCED_FACE('',(#1250),#4247,.T.);
#4331=ADVANCED_FACE('',(#1251),#4248,.T.);
#4332=ADVANCED_FACE('',(#1252),#4249,.T.);
#4333=ADVANCED_FACE('',(#1253),#4250,.T.);
#4334=ADVANCED_FACE('',(#1254,#262),#1044,.T.);
#4335=ADVANCED_FACE('',(#1255),#4251,.T.);
#4336=ADVANCED_FACE('',(#1256),#4252,.T.);
#4337=ADVANCED_FACE('',(#1257),#4253,.T.);
#4338=ADVANCED_FACE('',(#1258),#4254,.T.);
#4339=ADVANCED_FACE('',(#1259),#4255,.T.);
#4340=ADVANCED_FACE('',(#1260),#1095,.T.);
#4341=ADVANCED_FACE('',(#1261),#1096,.T.);
#4342=ADVANCED_FACE('',(#1262),#4256,.T.);
#4343=ADVANCED_FACE('',(#1263),#4257,.T.);
#4344=ADVANCED_FACE('',(#1264),#4258,.T.);
#4345=ADVANCED_FACE('',(#1265),#4259,.T.);
#4346=ADVANCED_FACE('',(#1266),#4260,.T.);
#4347=ADVANCED_FACE('',(#1267),#4261,.T.);
#4348=ADVANCED_FACE('',(#1268),#4262,.T.);
#4349=ADVANCED_FACE('',(#1269),#1045,.T.);
#4350=ADVANCED_FACE('',(#1270),#4263,.T.);
#4351=ADVANCED_FACE('',(#1271),#4264,.T.);
#4352=ADVANCED_FACE('',(#1272),#4265,.T.);
#4353=ADVANCED_FACE('',(#1273),#1097,.T.);
#4354=ADVANCED_FACE('',(#1274),#1098,.T.);
#4355=ADVANCED_FACE('',(#1275),#1099,.T.);
#4356=ADVANCED_FACE('',(#1276),#1100,.T.);
#4357=ADVANCED_FACE('',(#1277),#1101,.T.);
#4358=ADVANCED_FACE('',(#1278),#4266,.T.);
#4359=ADVANCED_FACE('',(#1279),#4267,.T.);
#4360=ADVANCED_FACE('',(#1280),#4268,.T.);
#4361=ADVANCED_FACE('',(#1281),#4269,.T.);
#4362=ADVANCED_FACE('',(#1282),#4270,.T.);
#4363=ADVANCED_FACE('',(#1283),#4271,.T.);
#4364=ADVANCED_FACE('',(#1284),#4272,.T.);
#4365=ADVANCED_FACE('',(#1285),#1102,.T.);
#4366=ADVANCED_FACE('',(#1286),#1103,.T.);
#4367=ADVANCED_FACE('',(#1287),#4273,.T.);
#4368=ADVANCED_FACE('',(#1288),#4274,.T.);
#4369=ADVANCED_FACE('',(#1289),#4275,.T.);
#4370=ADVANCED_FACE('',(#1290,#263,#264,#265,#266,#267),#1046,.T.);
#4371=ADVANCED_FACE('',(#1291),#1047,.T.);
#4372=ADVANCED_FACE('',(#1292),#1048,.T.);
#4373=ADVANCED_FACE('',(#1293),#1049,.T.);
#4374=ADVANCED_FACE('',(#1294),#1050,.T.);
#4375=ADVANCED_FACE('',(#1295),#1051,.T.);
#4376=ADVANCED_FACE('',(#1296,#268),#1104,.F.);
#4377=ADVANCED_FACE('',(#1297,#269),#1105,.T.);
#4378=ADVANCED_FACE('',(#1298),#1106,.F.);
#4379=ADVANCED_FACE('',(#1299,#270,#271),#1107,.F.);
#4380=ADVANCED_FACE('',(#1300),#18,.F.);
#4381=ADVANCED_FACE('',(#1301,#272),#1108,.T.);
#4382=ADVANCED_FACE('',(#1302),#19,.T.);
#4383=ADVANCED_FACE('',(#1303),#1052,.F.);
#4384=ADVANCED_FACE('',(#1304),#20,.F.);
#4385=ADVANCED_FACE('',(#1305,#273),#1109,.T.);
#4386=ADVANCED_FACE('',(#1306),#21,.T.);
#4387=ADVANCED_FACE('',(#1307),#22,.F.);
#4388=ADVANCED_FACE('',(#1308,#274),#1110,.F.);
#4389=ADVANCED_FACE('',(#1309),#23,.T.);
#4390=ADVANCED_FACE('',(#1310),#1111,.T.);
#4391=ADVANCED_FACE('',(#1311),#1112,.T.);
#4392=ADVANCED_FACE('',(#1312),#1113,.T.);
#4393=ADVANCED_FACE('',(#1313),#1114,.T.);
#4394=ADVANCED_FACE('',(#1314),#1115,.F.);
#4395=ADVANCED_FACE('',(#1315),#1116,.F.);
#4396=ADVANCED_FACE('',(#1316),#1117,.F.);
#4397=ADVANCED_FACE('',(#1317),#1118,.F.);
#4398=ADVANCED_FACE('',(#1318),#1119,.F.);
#4399=ADVANCED_FACE('',(#1319),#1120,.F.);
#4400=ADVANCED_FACE('',(#1320),#1121,.F.);
#4401=ADVANCED_FACE('',(#1321),#1122,.F.);
#4402=ADVANCED_FACE('',(#1322),#1123,.F.);
#4403=ADVANCED_FACE('',(#1323),#1124,.F.);
#4404=ADVANCED_FACE('',(#1324),#1125,.F.);
#4405=ADVANCED_FACE('',(#1325),#1126,.F.);
#4406=ADVANCED_FACE('',(#1326),#1127,.F.);
#4407=ADVANCED_FACE('',(#1327),#1128,.F.);
#4408=ADVANCED_FACE('',(#1328),#1129,.F.);
#4409=ADVANCED_FACE('',(#1329),#1130,.F.);
#4410=ADVANCED_FACE('',(#1330),#1131,.F.);
#4411=ADVANCED_FACE('',(#1331),#1132,.F.);
#4412=ADVANCED_FACE('',(#1332),#1133,.F.);
#4413=ADVANCED_FACE('',(#1333),#1134,.F.);
#4414=ADVANCED_FACE('',(#1334,#275),#1135,.F.);
#4415=ADVANCED_FACE('',(#1335),#1053,.F.);
#4416=ADVANCED_FACE('',(#1336),#1136,.T.);
#4417=ADVANCED_FACE('',(#1337),#1054,.F.);
#4418=ADVANCED_FACE('',(#1338),#1137,.F.);
#4419=ADVANCED_FACE('',(#1339),#1055,.T.);
#4420=ADVANCED_FACE('',(#1340),#1138,.T.);
#4421=ADVANCED_FACE('',(#1341),#1139,.T.);
#4422=ADVANCED_FACE('',(#1342),#1140,.T.);
#4423=ADVANCED_FACE('',(#1343),#1141,.T.);
#4424=ADVANCED_FACE('',(#1344),#1056,.F.);
#4425=ADVANCED_FACE('',(#1345),#1142,.F.);
#4426=ADVANCED_FACE('',(#1346),#1057,.F.);
#4427=ADVANCED_FACE('',(#1347),#1143,.T.);
#4428=ADVANCED_FACE('',(#1348),#1058,.T.);
#4429=ADVANCED_FACE('',(#1349),#1144,.F.);
#4430=ADVANCED_FACE('',(#1350),#1145,.F.);
#4431=ADVANCED_FACE('',(#1351),#16,.T.);
#4432=ADVANCED_FACE('',(#1352),#1059,.T.);
#4433=ADVANCED_FACE('',(#1353),#24,.T.);
#4434=ADVANCED_FACE('',(#1354),#1060,.T.);
#4435=ADVANCED_FACE('',(#1355),#25,.T.);
#4436=ADVANCED_FACE('',(#1356),#1061,.T.);
#4437=ADVANCED_FACE('',(#1357),#1062,.T.);
#4438=ADVANCED_FACE('',(#1358),#1146,.F.);
#4439=ADVANCED_FACE('',(#1359),#1063,.T.);
#4440=ADVANCED_FACE('',(#1360,#276,#277),#1147,.F.);
#4441=ADVANCED_FACE('',(#1361),#1064,.F.);
#4442=ADVANCED_FACE('',(#1362),#1148,.F.);
#4443=ADVANCED_FACE('',(#1363),#1149,.F.);
#4444=ADVANCED_FACE('',(#1364),#1150,.F.);
#4445=ADVANCED_FACE('',(#1365),#1151,.F.);
#4446=ADVANCED_FACE('',(#1366),#1065,.T.);
#4447=ADVANCED_FACE('',(#1367),#1152,.F.);
#4448=ADVANCED_FACE('',(#1368),#1153,.F.);
#4449=ADVANCED_FACE('',(#1369),#1154,.F.);
#4450=ADVANCED_FACE('',(#1370),#1155,.F.);
#4451=ADVANCED_FACE('',(#1371),#1156,.T.);
#4452=ADVANCED_FACE('',(#1372),#1157,.T.);
#4453=ADVANCED_FACE('',(#1373),#1158,.T.);
#4454=ADVANCED_FACE('',(#1374),#1159,.T.);
#4455=ADVANCED_FACE('',(#1375),#1160,.T.);
#4456=ADVANCED_FACE('',(#1376),#1161,.T.);
#4457=ADVANCED_FACE('',(#1377),#1162,.T.);
#4458=ADVANCED_FACE('',(#1378),#1163,.T.);
#4459=ADVANCED_FACE('',(#1379),#1164,.T.);
#4460=ADVANCED_FACE('',(#1380),#1165,.T.);
#4461=ADVANCED_FACE('',(#1381),#1166,.T.);
#4462=ADVANCED_FACE('',(#1382),#1167,.T.);
#4463=ADVANCED_FACE('',(#1383),#1168,.T.);
#4464=ADVANCED_FACE('',(#1384),#1169,.T.);
#4465=ADVANCED_FACE('',(#1385),#1170,.T.);
#4466=ADVANCED_FACE('',(#1386),#1171,.T.);
#4467=ADVANCED_FACE('',(#1387),#1172,.T.);
#4468=ADVANCED_FACE('',(#1388),#1173,.T.);
#4469=ADVANCED_FACE('',(#1389),#1174,.T.);
#4470=ADVANCED_FACE('',(#1390),#1175,.T.);
#4471=ADVANCED_FACE('',(#1391,#278),#1176,.T.);
#4472=ADVANCED_FACE('',(#1392),#1066,.F.);
#4473=ADVANCED_FACE('',(#1393),#1067,.F.);
#4474=ADVANCED_FACE('',(#1394),#1177,.F.);
#4475=ADVANCED_FACE('',(#1395),#1068,.F.);
#4476=ADVANCED_FACE('',(#1396),#1178,.F.);
#4477=ADVANCED_FACE('',(#1397),#1179,.F.);
#4478=ADVANCED_FACE('',(#1398),#1069,.T.);
#4479=ADVANCED_FACE('',(#1399),#1180,.F.);
#4480=ADVANCED_FACE('',(#1400),#1181,.F.);
#4481=ADVANCED_FACE('',(#1401),#1182,.T.);
#4482=ADVANCED_FACE('',(#1402),#1183,.F.);
#4483=ADVANCED_FACE('',(#1403),#1070,.F.);
#4484=ADVANCED_FACE('',(#1404),#1184,.T.);
#4485=ADVANCED_FACE('',(#1405),#1071,.F.);
#4486=ADVANCED_FACE('',(#1406),#1185,.F.);
#4487=ADVANCED_FACE('',(#1407),#1072,.T.);
#4488=ADVANCED_FACE('',(#1408),#1186,.T.);
#4489=ADVANCED_FACE('',(#1409),#1187,.T.);
#4490=ADVANCED_FACE('',(#1410),#1188,.T.);
#4491=ADVANCED_FACE('',(#1411),#17,.T.);
#4492=ADVANCED_FACE('',(#1412),#1073,.T.);
#4493=ADVANCED_FACE('',(#1413),#26,.T.);
#4494=ADVANCED_FACE('',(#1414),#1074,.T.);
#4495=ADVANCED_FACE('',(#1415),#27,.T.);
#4496=ADVANCED_FACE('',(#1416),#1075,.T.);
#4497=ADVANCED_FACE('',(#1417),#1076,.T.);
#4498=ADVANCED_FACE('',(#1418),#1077,.T.);
#4499=ADVANCED_FACE('',(#1419),#1189,.T.);
#4500=ADVANCED_FACE('',(#1420),#1078,.T.);
#4501=ADVANCED_FACE('',(#1421),#1190,.T.);
#4502=ADVANCED_FACE('',(#1422,#279,#280),#1191,.T.);
#4503=ADVANCED_FACE('',(#1423),#1079,.F.);
#4504=ADVANCED_FACE('',(#1424),#1192,.T.);
#4505=ADVANCED_FACE('',(#1425),#1193,.T.);
#4506=ADVANCED_FACE('',(#1426),#1194,.T.);
#4507=ADVANCED_FACE('',(#1427,#281,#282,#283),#1195,.T.);
#4508=ADVANCED_FACE('',(#1428),#1080,.T.);
#4509=CLOSED_SHELL('',(#4276,#4277,#4278,#4279,#4280,#4281,#4282,#4283,
#4284,#4285,#4286,#4287,#4288,#4289,#4290,#4291,#4292,#4293,#4294,#4295,
#4296,#4297,#4298,#4299,#4300,#4301,#4302,#4303,#4304,#4305,#4306,#4307,
#4308,#4309,#4310,#4311,#4312,#4313,#4314,#4315,#4316,#4317,#4318,#4319,
#4320,#4321,#4322,#4323,#4324,#4325,#4326,#4327,#4328,#4329,#4330,#4331,
#4332,#4333,#4334,#4335,#4336,#4337,#4338,#4339,#4340,#4341,#4342,#4343,
#4344,#4345,#4346,#4347,#4348,#4349,#4350,#4351,#4352,#4353,#4354,#4355,
#4356,#4357,#4358,#4359,#4360,#4361,#4362,#4363,#4364,#4365,#4366,#4367,
#4368,#4369,#4370,#4371,#4372,#4373,#4374,#4375,#4376,#4377,#4378,#4379,
#4380,#4381,#4382,#4383,#4384,#4385,#4386,#4387,#4388,#4389,#4390,#4391,
#4392,#4393,#4394,#4395,#4396,#4397,#4398,#4399,#4400,#4401,#4402,#4403,
#4404,#4405,#4406,#4407,#4408,#4409,#4410,#4411,#4412,#4413,#4414,#4415,
#4416,#4417,#4418,#4419,#4420,#4421,#4422,#4423,#4424,#4425,#4426,#4427,
#4428,#4429,#4430,#4431,#4432,#4433,#4434,#4435,#4436,#4437,#4438,#4439,
#4440,#4441,#4442,#4443,#4444,#4445,#4446,#4447,#4448,#4449,#4450,#4451,
#4452,#4453,#4454,#4455,#4456,#4457,#4458,#4459,#4460,#4461,#4462,#4463,
#4464,#4465,#4466,#4467,#4468,#4469,#4470,#4471,#4472,#4473,#4474,#4475,
#4476,#4477,#4478,#4479,#4480,#4481,#4482,#4483,#4484,#4485,#4486,#4487,
#4488,#4489,#4490,#4491,#4492,#4493,#4494,#4495,#4496,#4497,#4498,#4499,
#4500,#4501,#4502,#4503,#4504,#4505,#4506,#4507,#4508));
#4510=DERIVED_UNIT_ELEMENT(#4513,1.);
#4511=DERIVED_UNIT_ELEMENT(#10000,-3.);
#4512=DIMENSIONAL_EXPONENTS(0.,1.,0.,0.,0.,0.,0.);
#4513=(
CONVERSION_BASED_UNIT('gram',#4515)
MASS_UNIT()
NAMED_UNIT(#4512)
);
#4514=(
MASS_UNIT()
NAMED_UNIT(*)
SI_UNIT(.KILO.,.GRAM.)
);
#4515=MASS_MEASURE_WITH_UNIT(MASS_MEASURE(0.001),#4514);
#4516=DERIVED_UNIT((#4510,#4511));
#4517=MEASURE_REPRESENTATION_ITEM('density measure',
POSITIVE_RATIO_MEASURE(1.),#4516);
#4518=PROPERTY_DEFINITION_REPRESENTATION(#4523,#4520);
#4519=PROPERTY_DEFINITION_REPRESENTATION(#4524,#4521);
#4520=REPRESENTATION('material name',(#4522),#9997);
#4521=REPRESENTATION('density',(#4517),#9997);
#4522=DESCRIPTIVE_REPRESENTATION_ITEM('Generic','Generic');
#4523=PROPERTY_DEFINITION('material property','material name',#10007);
#4524=PROPERTY_DEFINITION('material property','density of part',#10007);
#4525=DATE_TIME_ROLE('creation_date');
#4526=APPLIED_DATE_AND_TIME_ASSIGNMENT(#4527,#4525,(#10007));
#4527=DATE_AND_TIME(#4528,#4529);
#4528=CALENDAR_DATE(2025,25,10);
#4529=LOCAL_TIME(0,0,0.,#4530);
#4530=COORDINATED_UNIVERSAL_TIME_OFFSET(0,0,.BEHIND.);
#4531=AXIS2_PLACEMENT_3D('',#5758,#4814,#4815);
#4532=AXIS2_PLACEMENT_3D('',#6571,#4816,#4817);
#4533=AXIS2_PLACEMENT_3D('',#6572,#4818,#4819);
#4534=AXIS2_PLACEMENT_3D('',#6573,#4820,#4821);
#4535=AXIS2_PLACEMENT_3D('',#6574,#4822,#4823);
#4536=AXIS2_PLACEMENT_3D('',#6576,#4824,#4825);
#4537=AXIS2_PLACEMENT_3D('',#6579,#4827,#4828);
#4538=AXIS2_PLACEMENT_3D('',#6580,#4829,#4830);
#4539=AXIS2_PLACEMENT_3D('',#6893,#4839,#4840);
#4540=AXIS2_PLACEMENT_3D('',#7440,#4855,#4856);
#4541=AXIS2_PLACEMENT_3D('',#7457,#4857,#4858);
#4542=AXIS2_PLACEMENT_3D('',#7487,#4859,#4860);
#4543=AXIS2_PLACEMENT_3D('',#7574,#4864,#4865);
#4544=AXIS2_PLACEMENT_3D('',#7576,#4866,#4867);
#4545=AXIS2_PLACEMENT_3D('',#7706,#4873,#4874);
#4546=AXIS2_PLACEMENT_3D('',#7708,#4875,#4876);
#4547=AXIS2_PLACEMENT_3D('',#7804,#4880,#4881);
#4548=AXIS2_PLACEMENT_3D('',#7807,#4882,#4883);
#4549=AXIS2_PLACEMENT_3D('',#7811,#4885,#4886);
#4550=AXIS2_PLACEMENT_3D('',#7822,#4888,#4889);
#4551=AXIS2_PLACEMENT_3D('',#7826,#4891,#4892);
#4552=AXIS2_PLACEMENT_3D('',#7830,#4894,#4895);
#4553=AXIS2_PLACEMENT_3D('',#7832,#4897,#4898);
#4554=AXIS2_PLACEMENT_3D('',#7836,#4900,#4901);
#4555=AXIS2_PLACEMENT_3D('',#7838,#4903,#4904);
#4556=AXIS2_PLACEMENT_3D('',#7842,#4907,#4908);
#4557=AXIS2_PLACEMENT_3D('',#7844,#4909,#4910);
#4558=AXIS2_PLACEMENT_3D('',#7846,#4912,#4913);
#4559=AXIS2_PLACEMENT_3D('',#7882,#4917,#4918);
#4560=AXIS2_PLACEMENT_3D('',#7884,#4919,#4920);
#4561=AXIS2_PLACEMENT_3D('',#7886,#4922,#4923);
#4562=AXIS2_PLACEMENT_3D('',#7890,#4926,#4927);
#4563=AXIS2_PLACEMENT_3D('',#7892,#4928,#4929);
#4564=AXIS2_PLACEMENT_3D('',#7894,#4931,#4932);
#4565=AXIS2_PLACEMENT_3D('',#7898,#4935,#4936);
#4566=AXIS2_PLACEMENT_3D('',#7900,#4937,#4938);
#4567=AXIS2_PLACEMENT_3D('',#7902,#4940,#4941);
#4568=AXIS2_PLACEMENT_3D('',#8177,#4950,#4951);
#4569=AXIS2_PLACEMENT_3D('',#8217,#4953,#4954);
#4570=AXIS2_PLACEMENT_3D('',#8428,#4961,#4962);
#4571=AXIS2_PLACEMENT_3D('',#8432,#4965,#4966);
#4572=AXIS2_PLACEMENT_3D('',#8434,#4967,#4968);
#4573=AXIS2_PLACEMENT_3D('',#8658,#4976,#4977);
#4574=AXIS2_PLACEMENT_3D('',#8682,#4978,#4979);
#4575=AXIS2_PLACEMENT_3D('',#8686,#4981,#4982);
#4576=AXIS2_PLACEMENT_3D('',#8690,#4984,#4985);
#4577=AXIS2_PLACEMENT_3D('',#8743,#4987,#4988);
#4578=AXIS2_PLACEMENT_3D('',#8862,#4993,#4994);
#4579=AXIS2_PLACEMENT_3D('',#8864,#4995,#4996);
#4580=AXIS2_PLACEMENT_3D('',#8866,#4998,#4999);
#4581=AXIS2_PLACEMENT_3D('',#8870,#5002,#5003);
#4582=AXIS2_PLACEMENT_3D('',#8872,#5004,#5005);
#4583=AXIS2_PLACEMENT_3D('',#8874,#5007,#5008);
#4584=AXIS2_PLACEMENT_3D('',#8878,#5011,#5012);
#4585=AXIS2_PLACEMENT_3D('',#8880,#5013,#5014);
#4586=AXIS2_PLACEMENT_3D('',#9106,#5023,#5024);
#4587=AXIS2_PLACEMENT_3D('',#9110,#5027,#5028);
#4588=AXIS2_PLACEMENT_3D('',#9112,#5029,#5030);
#4589=AXIS2_PLACEMENT_3D('',#9208,#5034,#5035);
#4590=AXIS2_PLACEMENT_3D('',#9213,#5037,#5038);
#4591=AXIS2_PLACEMENT_3D('',#9217,#5040,#5041);
#4592=AXIS2_PLACEMENT_3D('',#9220,#5043,#5044);
#4593=AXIS2_PLACEMENT_3D('',#9221,#5045,#5046);
#4594=AXIS2_PLACEMENT_3D('',#9222,#5047,#5048);
#4595=AXIS2_PLACEMENT_3D('',#9223,#5049,#5050);
#4596=AXIS2_PLACEMENT_3D('',#9224,#5051,#5052);
#4597=AXIS2_PLACEMENT_3D('',#9225,#5053,#5054);
#4598=AXIS2_PLACEMENT_3D('',#9284,#5055,#5056);
#4599=AXIS2_PLACEMENT_3D('',#9285,#5057,#5058);
#4600=AXIS2_PLACEMENT_3D('',#9287,#5059,#5060);
#4601=AXIS2_PLACEMENT_3D('',#9288,#5061,#5062);
#4602=AXIS2_PLACEMENT_3D('',#9290,#5064,#5065);
#4603=AXIS2_PLACEMENT_3D('',#9292,#5066,#5067);
#4604=AXIS2_PLACEMENT_3D('',#9293,#5068,#5069);
#4605=AXIS2_PLACEMENT_3D('',#9335,#5091,#5092);
#4606=AXIS2_PLACEMENT_3D('',#9338,#5093,#5094);
#4607=AXIS2_PLACEMENT_3D('',#9340,#5095,#5096);
#4608=AXIS2_PLACEMENT_3D('',#9341,#5097,#5098);
#4609=AXIS2_PLACEMENT_3D('',#9342,#5099,#5100);
#4610=AXIS2_PLACEMENT_3D('',#9343,#5101,#5102);
#4611=AXIS2_PLACEMENT_3D('',#9351,#5106,#5107);
#4612=AXIS2_PLACEMENT_3D('',#9355,#5109,#5110);
#4613=AXIS2_PLACEMENT_3D('',#9365,#5116,#5117);
#4614=AXIS2_PLACEMENT_3D('',#9368,#5118,#5119);
#4615=AXIS2_PLACEMENT_3D('',#9369,#5120,#5121);
#4616=AXIS2_PLACEMENT_3D('',#9370,#5122,#5123);
#4617=AXIS2_PLACEMENT_3D('',#9371,#5124,#5125);
#4618=AXIS2_PLACEMENT_3D('',#9373,#5126,#5127);
#4619=AXIS2_PLACEMENT_3D('',#9375,#5129,#5130);
#4620=AXIS2_PLACEMENT_3D('',#9377,#5131,#5132);
#4621=AXIS2_PLACEMENT_3D('',#9379,#5133,#5134);
#4622=AXIS2_PLACEMENT_3D('',#9380,#5135,#5136);
#4623=AXIS2_PLACEMENT_3D('',#9381,#5137,#5138);
#4624=AXIS2_PLACEMENT_3D('',#9383,#5139,#5140);
#4625=AXIS2_PLACEMENT_3D('',#9384,#5141,#5142);
#4626=AXIS2_PLACEMENT_3D('',#9385,#5143,#5144);
#4627=AXIS2_PLACEMENT_3D('',#9386,#5145,#5146);
#4628=AXIS2_PLACEMENT_3D('',#9389,#5147,#5148);
#4629=AXIS2_PLACEMENT_3D('',#9391,#5149,#5150);
#4630=AXIS2_PLACEMENT_3D('',#9392,#5151,#5152);
#4631=AXIS2_PLACEMENT_3D('',#9393,#5153,#5154);
#4632=AXIS2_PLACEMENT_3D('',#9394,#5155,#5156);
#4633=AXIS2_PLACEMENT_3D('',#9406,#5162,#5163);
#4634=AXIS2_PLACEMENT_3D('',#9410,#5165,#5166);
#4635=AXIS2_PLACEMENT_3D('',#9416,#5170,#5171);
#4636=AXIS2_PLACEMENT_3D('',#9417,#5172,#5173);
#4637=AXIS2_PLACEMENT_3D('',#9418,#5174,#5175);
#4638=AXIS2_PLACEMENT_3D('',#9424,#5179,#5180);
#4639=AXIS2_PLACEMENT_3D('',#9428,#5183,#5184);
#4640=AXIS2_PLACEMENT_3D('',#9432,#5187,#5188);
#4641=AXIS2_PLACEMENT_3D('',#9434,#5190,#5191);
#4642=AXIS2_PLACEMENT_3D('',#9443,#5196,#5197);
#4643=AXIS2_PLACEMENT_3D('',#9451,#5202,#5203);
#4644=AXIS2_PLACEMENT_3D('',#9457,#5207,#5208);
#4645=AXIS2_PLACEMENT_3D('',#9460,#5211,#5212);
#4646=AXIS2_PLACEMENT_3D('',#9461,#5213,#5214);
#4647=AXIS2_PLACEMENT_3D('',#9470,#5219,#5220);
#4648=AXIS2_PLACEMENT_3D('',#9478,#5225,#5226);
#4649=AXIS2_PLACEMENT_3D('',#9484,#5230,#5231);
#4650=AXIS2_PLACEMENT_3D('',#9487,#5234,#5235);
#4651=AXIS2_PLACEMENT_3D('',#9488,#5236,#5237);
#4652=AXIS2_PLACEMENT_3D('',#9497,#5242,#5243);
#4653=AXIS2_PLACEMENT_3D('',#9505,#5248,#5249);
#4654=AXIS2_PLACEMENT_3D('',#9511,#5253,#5254);
#4655=AXIS2_PLACEMENT_3D('',#9514,#5257,#5258);
#4656=AXIS2_PLACEMENT_3D('',#9515,#5259,#5260);
#4657=AXIS2_PLACEMENT_3D('',#9524,#5265,#5266);
#4658=AXIS2_PLACEMENT_3D('',#9532,#5271,#5272);
#4659=AXIS2_PLACEMENT_3D('',#9538,#5276,#5277);
#4660=AXIS2_PLACEMENT_3D('',#9541,#5280,#5281);
#4661=AXIS2_PLACEMENT_3D('',#9542,#5282,#5283);
#4662=AXIS2_PLACEMENT_3D('',#9544,#5284,#5285);
#4663=AXIS2_PLACEMENT_3D('',#9545,#5286,#5287);
#4664=AXIS2_PLACEMENT_3D('',#9546,#5288,#5289);
#4665=AXIS2_PLACEMENT_3D('',#9547,#5290,#5291);
#4666=AXIS2_PLACEMENT_3D('',#9548,#5292,#5293);
#4667=AXIS2_PLACEMENT_3D('',#9549,#5294,#5295);
#4668=AXIS2_PLACEMENT_3D('',#9551,#5296,#5297);
#4669=AXIS2_PLACEMENT_3D('',#9553,#5299,#5300);
#4670=AXIS2_PLACEMENT_3D('',#9557,#5302,#5303);
#4671=AXIS2_PLACEMENT_3D('',#9565,#5307,#5308);
#4672=AXIS2_PLACEMENT_3D('',#9569,#5310,#5311);
#4673=AXIS2_PLACEMENT_3D('',#9577,#5315,#5316);
#4674=AXIS2_PLACEMENT_3D('',#9579,#5318,#5319);
#4675=AXIS2_PLACEMENT_3D('',#9582,#5320,#5321);
#4676=AXIS2_PLACEMENT_3D('',#9586,#5323,#5324);
#4677=AXIS2_PLACEMENT_3D('',#9588,#5326,#5327);
#4678=AXIS2_PLACEMENT_3D('',#9592,#5329,#5330);
#4679=AXIS2_PLACEMENT_3D('',#9596,#5333,#5334);
#4680=AXIS2_PLACEMENT_3D('',#9600,#5336,#5337);
#4681=AXIS2_PLACEMENT_3D('',#9602,#5339,#5340);
#4682=AXIS2_PLACEMENT_3D('',#9606,#5343,#5344);
#4683=AXIS2_PLACEMENT_3D('',#9612,#5348,#5349);
#4684=AXIS2_PLACEMENT_3D('',#9615,#5352,#5353);
#4685=AXIS2_PLACEMENT_3D('',#9620,#5357,#5358);
#4686=AXIS2_PLACEMENT_3D('',#9624,#5360,#5361);
#4687=AXIS2_PLACEMENT_3D('',#9626,#5363,#5364);
#4688=AXIS2_PLACEMENT_3D('',#9630,#5366,#5367);
#4689=AXIS2_PLACEMENT_3D('',#9632,#5369,#5370);
#4690=AXIS2_PLACEMENT_3D('',#9635,#5371,#5372);
#4691=AXIS2_PLACEMENT_3D('',#9638,#5375,#5376);
#4692=AXIS2_PLACEMENT_3D('',#9642,#5378,#5379);
#4693=AXIS2_PLACEMENT_3D('',#9644,#5381,#5382);
#4694=AXIS2_PLACEMENT_3D('',#9647,#5385,#5386);
#4695=AXIS2_PLACEMENT_3D('',#9648,#5387,#5388);
#4696=AXIS2_PLACEMENT_3D('',#9650,#5390,#5391);
#4697=AXIS2_PLACEMENT_3D('',#9653,#5392,#5393);
#4698=AXIS2_PLACEMENT_3D('',#9655,#5394,#5395);
#4699=AXIS2_PLACEMENT_3D('',#9656,#5396,#5397);
#4700=AXIS2_PLACEMENT_3D('',#9657,#5398,#5399);
#4701=AXIS2_PLACEMENT_3D('',#9660,#5400,#5401);
#4702=AXIS2_PLACEMENT_3D('',#9663,#5404,#5405);
#4703=AXIS2_PLACEMENT_3D('',#9666,#5406,#5407);
#4704=AXIS2_PLACEMENT_3D('',#9667,#5408,#5409);
#4705=AXIS2_PLACEMENT_3D('',#9668,#5410,#5411);
#4706=AXIS2_PLACEMENT_3D('',#9669,#5412,#5413);
#4707=AXIS2_PLACEMENT_3D('',#9672,#5414,#5415);
#4708=AXIS2_PLACEMENT_3D('',#9675,#5418,#5419);
#4709=AXIS2_PLACEMENT_3D('',#9678,#5420,#5421);
#4710=AXIS2_PLACEMENT_3D('',#9679,#5422,#5423);
#4711=AXIS2_PLACEMENT_3D('',#9680,#5424,#5425);
#4712=AXIS2_PLACEMENT_3D('',#9681,#5426,#5427);
#4713=AXIS2_PLACEMENT_3D('',#9685,#5429,#5430);
#4714=AXIS2_PLACEMENT_3D('',#9687,#5432,#5433);
#4715=AXIS2_PLACEMENT_3D('',#9690,#5436,#5437);
#4716=AXIS2_PLACEMENT_3D('',#9693,#5440,#5441);
#4717=AXIS2_PLACEMENT_3D('',#9695,#5443,#5444);
#4718=AXIS2_PLACEMENT_3D('',#9701,#5448,#5449);
#4719=AXIS2_PLACEMENT_3D('',#9703,#5451,#5452);
#4720=AXIS2_PLACEMENT_3D('',#9705,#5454,#5455);
#4721=AXIS2_PLACEMENT_3D('',#9707,#5457,#5458);
#4722=AXIS2_PLACEMENT_3D('',#9708,#5459,#5460);
#4723=AXIS2_PLACEMENT_3D('',#9717,#5465,#5466);
#4724=AXIS2_PLACEMENT_3D('',#9725,#5470,#5471);
#4725=AXIS2_PLACEMENT_3D('',#9728,#5474,#5475);
#4726=AXIS2_PLACEMENT_3D('',#9729,#5476,#5477);
#4727=AXIS2_PLACEMENT_3D('',#9735,#5481,#5482);
#4728=AXIS2_PLACEMENT_3D('',#9739,#5485,#5486);
#4729=AXIS2_PLACEMENT_3D('',#9743,#5489,#5490);
#4730=AXIS2_PLACEMENT_3D('',#9745,#5492,#5493);
#4731=AXIS2_PLACEMENT_3D('',#9754,#5498,#5499);
#4732=AXIS2_PLACEMENT_3D('',#9762,#5504,#5505);
#4733=AXIS2_PLACEMENT_3D('',#9768,#5509,#5510);
#4734=AXIS2_PLACEMENT_3D('',#9771,#5513,#5514);
#4735=AXIS2_PLACEMENT_3D('',#9772,#5515,#5516);
#4736=AXIS2_PLACEMENT_3D('',#9781,#5521,#5522);
#4737=AXIS2_PLACEMENT_3D('',#9789,#5527,#5528);
#4738=AXIS2_PLACEMENT_3D('',#9795,#5532,#5533);
#4739=AXIS2_PLACEMENT_3D('',#9798,#5536,#5537);
#4740=AXIS2_PLACEMENT_3D('',#9799,#5538,#5539);
#4741=AXIS2_PLACEMENT_3D('',#9808,#5544,#5545);
#4742=AXIS2_PLACEMENT_3D('',#9816,#5550,#5551);
#4743=AXIS2_PLACEMENT_3D('',#9822,#5555,#5556);
#4744=AXIS2_PLACEMENT_3D('',#9825,#5559,#5560);
#4745=AXIS2_PLACEMENT_3D('',#9826,#5561,#5562);
#4746=AXIS2_PLACEMENT_3D('',#9835,#5567,#5568);
#4747=AXIS2_PLACEMENT_3D('',#9843,#5573,#5574);
#4748=AXIS2_PLACEMENT_3D('',#9849,#5578,#5579);
#4749=AXIS2_PLACEMENT_3D('',#9852,#5582,#5583);
#4750=AXIS2_PLACEMENT_3D('',#9853,#5584,#5585);
#4751=AXIS2_PLACEMENT_3D('',#9855,#5586,#5587);
#4752=AXIS2_PLACEMENT_3D('',#9856,#5588,#5589);
#4753=AXIS2_PLACEMENT_3D('',#9857,#5590,#5591);
#4754=AXIS2_PLACEMENT_3D('',#9858,#5592,#5593);
#4755=AXIS2_PLACEMENT_3D('',#9859,#5594,#5595);
#4756=AXIS2_PLACEMENT_3D('',#9860,#5596,#5597);
#4757=AXIS2_PLACEMENT_3D('',#9862,#5598,#5599);
#4758=AXIS2_PLACEMENT_3D('',#9864,#5601,#5602);
#4759=AXIS2_PLACEMENT_3D('',#9867,#5603,#5604);
#4760=AXIS2_PLACEMENT_3D('',#9870,#5607,#5608);
#4761=AXIS2_PLACEMENT_3D('',#9872,#5610,#5611);
#4762=AXIS2_PLACEMENT_3D('',#9876,#5613,#5614);
#4763=AXIS2_PLACEMENT_3D('',#9878,#5616,#5617);
#4764=AXIS2_PLACEMENT_3D('',#9880,#5619,#5620);
#4765=AXIS2_PLACEMENT_3D('',#9885,#5624,#5625);
#4766=AXIS2_PLACEMENT_3D('',#9887,#5626,#5627);
#4767=AXIS2_PLACEMENT_3D('',#9890,#5629,#5630);
#4768=AXIS2_PLACEMENT_3D('',#9891,#5631,#5632);
#4769=AXIS2_PLACEMENT_3D('',#9897,#5636,#5637);
#4770=AXIS2_PLACEMENT_3D('',#9899,#5639,#5640);
#4771=AXIS2_PLACEMENT_3D('',#9901,#5642,#5643);
#4772=AXIS2_PLACEMENT_3D('',#9902,#5644,#5645);
#4773=AXIS2_PLACEMENT_3D('',#9906,#5647,#5648);
#4774=AXIS2_PLACEMENT_3D('',#9908,#5650,#5651);
#4775=AXIS2_PLACEMENT_3D('',#9912,#5653,#5654);
#4776=AXIS2_PLACEMENT_3D('',#9914,#5656,#5657);
#4777=AXIS2_PLACEMENT_3D('',#9917,#5658,#5659);
#4778=AXIS2_PLACEMENT_3D('',#9920,#5662,#5663);
#4779=AXIS2_PLACEMENT_3D('',#9924,#5665,#5666);
#4780=AXIS2_PLACEMENT_3D('',#9926,#5668,#5669);
#4781=AXIS2_PLACEMENT_3D('',#9929,#5672,#5673);
#4782=AXIS2_PLACEMENT_3D('',#9930,#5674,#5675);
#4783=AXIS2_PLACEMENT_3D('',#9932,#5677,#5678);
#4784=AXIS2_PLACEMENT_3D('',#9934,#5680,#5681);
#4785=AXIS2_PLACEMENT_3D('',#9937,#5682,#5683);
#4786=AXIS2_PLACEMENT_3D('',#9939,#5684,#5685);
#4787=AXIS2_PLACEMENT_3D('',#9940,#5686,#5687);
#4788=AXIS2_PLACEMENT_3D('',#9941,#5688,#5689);
#4789=AXIS2_PLACEMENT_3D('',#9944,#5690,#5691);
#4790=AXIS2_PLACEMENT_3D('',#9947,#5694,#5695);
#4791=AXIS2_PLACEMENT_3D('',#9950,#5696,#5697);
#4792=AXIS2_PLACEMENT_3D('',#9951,#5698,#5699);
#4793=AXIS2_PLACEMENT_3D('',#9952,#5700,#5701);
#4794=AXIS2_PLACEMENT_3D('',#9953,#5702,#5703);
#4795=AXIS2_PLACEMENT_3D('',#9956,#5704,#5705);
#4796=AXIS2_PLACEMENT_3D('',#9959,#5708,#5709);
#4797=AXIS2_PLACEMENT_3D('',#9961,#5710,#5711);
#4798=AXIS2_PLACEMENT_3D('',#9962,#5712,#5713);
#4799=AXIS2_PLACEMENT_3D('',#9963,#5714,#5715);
#4800=AXIS2_PLACEMENT_3D('',#9964,#5716,#5717);
#4801=AXIS2_PLACEMENT_3D('',#9967,#5719,#5720);
#4802=AXIS2_PLACEMENT_3D('',#9968,#5721,#5722);
#4803=AXIS2_PLACEMENT_3D('',#9971,#5725,#5726);
#4804=AXIS2_PLACEMENT_3D('',#9974,#5729,#5730);
#4805=AXIS2_PLACEMENT_3D('',#9977,#5733,#5734);
#4806=AXIS2_PLACEMENT_3D('',#9979,#5736,#5737);
#4807=AXIS2_PLACEMENT_3D('',#9980,#5738,#5739);
#4808=AXIS2_PLACEMENT_3D('',#9986,#5743,#5744);
#4809=AXIS2_PLACEMENT_3D('',#9988,#5746,#5747);
#4810=AXIS2_PLACEMENT_3D('',#9990,#5749,#5750);
#4811=AXIS2_PLACEMENT_3D('',#9992,#5752,#5753);
#4812=AXIS2_PLACEMENT_3D('',#9993,#5754,#5755);
#4813=AXIS2_PLACEMENT_3D('',#9994,#5756,#5757);
#4814=DIRECTION('axis',(0.,0.,1.));
#4815=DIRECTION('refdir',(1.,0.,0.));
#4816=DIRECTION('center_axis',(0.,-1.,0.));
#4817=DIRECTION('ref_axis',(1.,0.,0.));
#4818=DIRECTION('center_axis',(0.,-1.,0.));
#4819=DIRECTION('ref_axis',(1.,0.,0.));
#4820=DIRECTION('center_axis',(0.,1.,0.));
#4821=DIRECTION('ref_axis',(0.,0.,1.));
#4822=DIRECTION('center_axis',(0.,0.,-1.));
#4823=DIRECTION('ref_axis',(-1.,0.,0.));
#4824=DIRECTION('center_axis',(0.,0.,-1.));
#4825=DIRECTION('ref_axis',(-1.,0.,0.));
#4826=DIRECTION('',(0.,0.,1.));
#4827=DIRECTION('center_axis',(0.,0.,1.));
#4828=DIRECTION('ref_axis',(-1.,0.,0.));
#4829=DIRECTION('center_axis',(0.,0.,-1.));
#4830=DIRECTION('ref_axis',(-1.,0.,0.));
#4831=DIRECTION('',(0.160933325349651,0.986965280438934,0.));
#4832=DIRECTION('',(0.196036397911447,0.980596619764674,0.));
#4833=DIRECTION('',(0.0584111760719624,0.998292609664066,0.));
#4834=DIRECTION('',(-0.0450065853598183,0.998986690238789,0.));
#4835=DIRECTION('',(-0.0800651236177807,0.996789634767572,0.));
#4836=DIRECTION('',(-0.0444582423082894,0.999011243525746,0.));
#4837=DIRECTION('',(0.0586851515305285,0.998276541340043,0.));
#4838=DIRECTION('',(0.160120664137847,0.987097448540951,0.));
#4839=DIRECTION('center_axis',(0.,0.,-1.));
#4840=DIRECTION('ref_axis',(-1.,0.,0.));
#4841=DIRECTION('',(0.0584111760719624,0.998292609664066,0.));
#4842=DIRECTION('',(-0.117478135671395,0.993075469256578,0.));
#4843=DIRECTION('',(0.0586851515305285,0.998276541340043,0.));
#4844=DIRECTION('',(0.232758745683147,0.972534506487049,0.));
#4845=DIRECTION('',(-0.0318429896642643,0.999492883421008,0.));
#4846=DIRECTION('',(0.0359321133729651,0.999354233106836,0.));
#4847=DIRECTION('',(-0.0849882998075892,0.996381949302483,0.));
#4848=DIRECTION('',(-0.0345859370231755,0.999401727515131,0.));
#4849=DIRECTION('',(0.0148069477006482,0.999890371140652,0.));
#4850=DIRECTION('',(0.137324096404255,0.9905261695416,0.));
#4851=DIRECTION('',(0.200340431098811,0.979726345296044,0.));
#4852=DIRECTION('',(0.0794928438311362,0.996835436659251,0.));
#4853=DIRECTION('',(0.0584111760719624,0.998292609664066,0.));
#4854=DIRECTION('',(0.130524762655139,0.991445049578553,0.));
#4855=DIRECTION('center_axis',(0.,0.,-1.));
#4856=DIRECTION('ref_axis',(-1.,0.,0.));
#4857=DIRECTION('center_axis',(0.,0.,-1.));
#4858=DIRECTION('ref_axis',(0.0474487700952185,0.998873672801747,0.));
#4859=DIRECTION('center_axis',(0.,0.,1.));
#4860=DIRECTION('ref_axis',(0.0469004887102154,0.99889956660254,0.));
#4861=DIRECTION('',(0.233292527487225,0.972406600460231,0.));
#4862=DIRECTION('',(0.132973247372271,0.991119627231382,0.));
#4863=DIRECTION('',(0.0488194106535481,0.998807621688701,0.));
#4864=DIRECTION('center_axis',(0.,0.,1.));
#4865=DIRECTION('ref_axis',(1.,0.,0.));
#4866=DIRECTION('center_axis',(0.,0.,-1.));
#4867=DIRECTION('ref_axis',(-1.,0.,0.));
#4868=DIRECTION('',(0.0474487700952183,0.998873672801747,0.));
#4869=DIRECTION('',(-0.0323915989846852,0.999475254478677,0.));
#4870=DIRECTION('',(-0.118295733272122,0.992978408370298,0.));
#4871=DIRECTION('',(-0.0293741313861033,0.999568487100965,0.));
#4872=DIRECTION('',(0.0455297237889242,0.998962984425201,0.));
#4873=DIRECTION('center_axis',(0.,0.,-1.));
#4874=DIRECTION('ref_axis',(-1.,0.,0.));
#4875=DIRECTION('center_axis',(0.,0.,1.));
#4876=DIRECTION('ref_axis',(-1.,0.,0.));
#4877=DIRECTION('',(0.0469004887102154,0.99889956660254,0.));
#4878=DIRECTION('',(0.133789229400696,0.991009809283626,0.));
#4879=DIRECTION('',(0.204909231787888,0.978780979958283,0.));
#4880=DIRECTION('center_axis',(0.,0.,-1.));
#4881=DIRECTION('ref_axis',(-1.,0.,0.));
#4882=DIRECTION('center_axis',(0.,0.,-1.));
#4883=DIRECTION('ref_axis',(0.191997932228855,0.981395330139615,0.));
#4884=DIRECTION('',(0.,0.,-1.));
#4885=DIRECTION('center_axis',(0.,0.,-1.));
#4886=DIRECTION('ref_axis',(-0.111752753678329,0.993736042440502,0.));
#4887=DIRECTION('',(0.,0.,-1.));
#4888=DIRECTION('center_axis',(0.,0.,1.));
#4889=DIRECTION('ref_axis',(-0.0337630792283921,0.999429864713386,0.));
#4890=DIRECTION('',(0.,0.,1.));
#4891=DIRECTION('center_axis',(0.,0.,1.));
#4892=DIRECTION('ref_axis',(0.191997932228855,0.981395330139615,0.));
#4893=DIRECTION('',(0.,0.,-1.));
#4894=DIRECTION('center_axis',(0.,0.,1.));
#4895=DIRECTION('ref_axis',(0.225813259308769,0.974170607193807,0.));
#4896=DIRECTION('',(0.,0.,1.));
#4897=DIRECTION('center_axis',(0.,0.,1.));
#4898=DIRECTION('ref_axis',(1.,0.,0.));
#4899=DIRECTION('',(0.225813259308769,0.974170607193807,0.));
#4900=DIRECTION('center_axis',(0.,0.,-1.));
#4901=DIRECTION('ref_axis',(-1.,0.,0.));
#4902=DIRECTION('',(0.191997932228855,0.981395330139615,0.));
#4903=DIRECTION('center_axis',(0.981395330139615,-0.191997932228855,0.));
#4904=DIRECTION('ref_axis',(0.,0.,-1.));
#4905=DIRECTION('',(0.,0.,-1.));
#4906=DIRECTION('',(0.191997932228855,0.981395330139615,0.));
#4907=DIRECTION('center_axis',(0.,0.,1.));
#4908=DIRECTION('ref_axis',(1.,0.,0.));
#4909=DIRECTION('center_axis',(0.,0.,-1.));
#4910=DIRECTION('ref_axis',(-1.,0.,0.));
#4911=DIRECTION('',(-0.111752753678329,0.993736042440502,0.));
#4912=DIRECTION('center_axis',(0.993736042440502,0.111752753678329,0.));
#4913=DIRECTION('ref_axis',(0.,0.,-1.));
#4914=DIRECTION('',(0.,0.,-1.));
#4915=DIRECTION('',(-0.111752753678329,0.993736042440502,0.));
#4916=DIRECTION('',(-0.0647366211156217,0.997902384948815,0.));
#4917=DIRECTION('center_axis',(0.,0.,-1.));
#4918=DIRECTION('ref_axis',(-1.,0.,0.));
#4919=DIRECTION('center_axis',(0.,0.,1.));
#4920=DIRECTION('ref_axis',(-1.,0.,0.));
#4921=DIRECTION('',(-0.0337630792283922,0.999429864713386,0.));
#4922=DIRECTION('center_axis',(-0.999429864713386,-0.0337630792283921,0.));
#4923=DIRECTION('ref_axis',(0.,0.,1.));
#4924=DIRECTION('',(0.,0.,1.));
#4925=DIRECTION('',(-0.0337630792283921,0.999429864713386,0.));
#4926=DIRECTION('center_axis',(0.,0.,-1.));
#4927=DIRECTION('ref_axis',(-1.,0.,0.));
#4928=DIRECTION('center_axis',(0.,0.,1.));
#4929=DIRECTION('ref_axis',(-1.,0.,0.));
#4930=DIRECTION('',(0.191997932228855,0.981395330139615,0.));
#4931=DIRECTION('center_axis',(0.981395330139615,-0.191997932228855,0.));
#4932=DIRECTION('ref_axis',(0.,0.,-1.));
#4933=DIRECTION('',(0.,0.,-1.));
#4934=DIRECTION('',(0.191997932228855,0.981395330139615,0.));
#4935=DIRECTION('center_axis',(0.,0.,-1.));
#4936=DIRECTION('ref_axis',(-1.,0.,0.));
#4937=DIRECTION('center_axis',(0.,0.,1.));
#4938=DIRECTION('ref_axis',(-1.,0.,0.));
#4939=DIRECTION('',(0.225813259308769,0.974170607193807,0.));
#4940=DIRECTION('center_axis',(-0.974170607193807,0.225813259308769,0.));
#4941=DIRECTION('ref_axis',(0.,0.,1.));
#4942=DIRECTION('',(0.,0.,1.));
#4943=DIRECTION('',(0.119633181380142,0.992818161554706,0.));
#4944=DIRECTION('',(0.196574610480701,0.980488869143531,0.));
#4945=DIRECTION('',(0.0608767943381682,0.99814528797721,0.));
#4946=DIRECTION('',(0.0490935278164601,0.998794185769288,0.));
#4947=DIRECTION('',(0.0677237384577423,0.997704112073969,0.));
#4948=DIRECTION('',(0.0890642504075495,0.996025882846094,0.));
#4949=DIRECTION('',(0.177703090741993,0.984084148607599,0.));
#4950=DIRECTION('center_axis',(0.,0.,-1.));
#4951=DIRECTION('ref_axis',(-1.,0.,0.));
#4952=DIRECTION('',(0.,0.,1.));
#4953=DIRECTION('center_axis',(0.,0.,-1.));
#4954=DIRECTION('ref_axis',(-0.112298191074361,0.993674552497661,0.));
#4955=DIRECTION('',(0.117725635247055,0.993046159453667,0.));
#4956=DIRECTION('',(0.0315434767268356,0.999502380725521,0.));
#4957=DIRECTION('',(0.0115138794167675,0.999933713093411,0.));
#4958=DIRECTION('',(0.0351092942258871,0.999383478680211,0.));
#4959=DIRECTION('',(-0.0778764109903354,0.996963020683949,0.));
#4960=DIRECTION('',(-0.0688441194531493,0.997627429061932,0.));
#4961=DIRECTION('center_axis',(-0.997627429061932,-0.0688441194531494,0.));
#4962=DIRECTION('ref_axis',(0.,0.,1.));
#4963=DIRECTION('',(0.,0.,1.));
#4964=DIRECTION('',(-0.0688441194531494,0.997627429061932,0.));
#4965=DIRECTION('center_axis',(0.,0.,1.));
#4966=DIRECTION('ref_axis',(1.,0.,0.));
#4967=DIRECTION('center_axis',(0.,0.,-1.));
#4968=DIRECTION('ref_axis',(-1.,0.,0.));
#4969=DIRECTION('',(-0.112298191074361,0.993674552497661,0.));
#4970=DIRECTION('',(-0.116933026327329,0.993139802522249,0.));
#4971=DIRECTION('',(-0.0625455023149565,0.998042113410136,0.));
#4972=DIRECTION('',(0.0789456763914365,0.996878919517861,0.));
#4973=DIRECTION('',(0.202759757483611,0.979228513037272,0.));
#4974=DIRECTION('',(0.232758745683147,0.972534506487049,0.));
#4975=DIRECTION('',(0.20168465315546,0.979450509562154,0.));
#4976=DIRECTION('center_axis',(0.,0.,-1.));
#4977=DIRECTION('ref_axis',(-1.,0.,0.));
#4978=DIRECTION('center_axis',(0.,0.,-1.));
#4979=DIRECTION('ref_axis',(-0.0710343126047141,0.997473872556457,0.));
#4980=DIRECTION('',(0.,0.,1.));
#4981=DIRECTION('center_axis',(0.,0.,-1.));
#4982=DIRECTION('ref_axis',(-0.110661778043004,0.993858124120521,0.));
#4983=DIRECTION('',(0.,0.,-1.));
#4984=DIRECTION('center_axis',(0.,0.,1.));
#4985=DIRECTION('ref_axis',(0.0636159339342608,0.997974455058681,0.));
#4986=DIRECTION('',(0.,0.,-1.));
#4987=DIRECTION('center_axis',(0.,0.,1.));
#4988=DIRECTION('ref_axis',(0.214033352630445,0.976826353023797,0.));
#4989=DIRECTION('',(0.119905652091336,0.992785291287372,0.));
#4990=DIRECTION('',(0.0384004224357706,0.999262431774934,0.));
#4991=DIRECTION('',(0.0172766454738324,0.99985074762245,0.));
#4992=DIRECTION('',(0.019197449419066,0.999815711986865,0.));
#4993=DIRECTION('center_axis',(0.,0.,1.));
#4994=DIRECTION('ref_axis',(1.,0.,0.));
#4995=DIRECTION('center_axis',(0.,0.,-1.));
#4996=DIRECTION('ref_axis',(-1.,0.,0.));
#4997=DIRECTION('',(-0.071034312604714,0.997473872556457,0.));
#4998=DIRECTION('center_axis',(-0.997473872556457,-0.071034312604714,0.));
#4999=DIRECTION('ref_axis',(0.,0.,1.));
#5000=DIRECTION('',(0.,0.,1.));
#5001=DIRECTION('',(-0.071034312604714,0.997473872556457,0.));
#5002=DIRECTION('center_axis',(0.,0.,1.));
#5003=DIRECTION('ref_axis',(1.,0.,0.));
#5004=DIRECTION('center_axis',(0.,0.,-1.));
#5005=DIRECTION('ref_axis',(-1.,0.,0.));
#5006=DIRECTION('',(-0.110661778043004,0.993858124120521,0.));
#5007=DIRECTION('center_axis',(0.993858124120521,0.110661778043004,0.));
#5008=DIRECTION('ref_axis',(0.,0.,-1.));
#5009=DIRECTION('',(0.,0.,-1.));
#5010=DIRECTION('',(-0.110661778043004,0.993858124120521,0.));
#5011=DIRECTION('center_axis',(0.,0.,-1.));
#5012=DIRECTION('ref_axis',(-1.,0.,0.));
#5013=DIRECTION('center_axis',(0.,0.,1.));
#5014=DIRECTION('ref_axis',(-1.,0.,0.));
#5015=DIRECTION('',(0.0636159339342608,0.997974455058681,0.));
#5016=DIRECTION('',(0.0553971601960688,0.998464398284792,0.));
#5017=DIRECTION('',(0.0710091590562204,0.997475663527752,0.));
#5018=DIRECTION('',(0.119633181380142,0.992818161554706,0.));
#5019=DIRECTION('',(0.174190950543914,0.984711893270619,0.));
#5020=DIRECTION('',(0.194421406477825,0.980918098876346,0.));
#5021=DIRECTION('',(0.184720540409885,0.982791087643086,0.));
#5022=DIRECTION('',(0.166889471933442,0.985975610326025,0.));
#5023=DIRECTION('center_axis',(0.985975610326025,-0.166889471933442,0.));
#5024=DIRECTION('ref_axis',(0.,0.,-1.));
#5025=DIRECTION('',(0.,0.,-1.));
#5026=DIRECTION('',(0.166889471933442,0.985975610326025,0.));
#5027=DIRECTION('center_axis',(0.,0.,-1.));
#5028=DIRECTION('ref_axis',(-1.,0.,0.));
#5029=DIRECTION('center_axis',(0.,0.,1.));
#5030=DIRECTION('ref_axis',(-1.,0.,0.));
#5031=DIRECTION('',(0.214033352630445,0.976826353023797,0.));
#5032=DIRECTION('',(0.232758745683147,0.972534506487049,0.));
#5033=DIRECTION('',(0.20034043109881,0.979726345296044,0.));
#5034=DIRECTION('center_axis',(0.,0.,-1.));
#5035=DIRECTION('ref_axis',(-1.,0.,0.));
#5036=DIRECTION('',(0.,0.,-1.));
#5037=DIRECTION('center_axis',(2.61228946970625E-16,0.,-1.));
#5038=DIRECTION('ref_axis',(-1.,0.,0.));
#5039=DIRECTION('',(0.,0.,1.));
#5040=DIRECTION('center_axis',(0.,0.,-1.));
#5041=DIRECTION('ref_axis',(-1.,0.,0.));
#5042=DIRECTION('',(0.,0.,1.));
#5043=DIRECTION('center_axis',(0.,0.,-1.));
#5044=DIRECTION('ref_axis',(-1.,0.,0.));
#5045=DIRECTION('center_axis',(0.,0.,-1.));
#5046=DIRECTION('ref_axis',(-1.,0.,0.));
#5047=DIRECTION('center_axis',(0.,0.,-1.));
#5048=DIRECTION('ref_axis',(-1.,0.,0.));
#5049=DIRECTION('center_axis',(0.,0.,-1.));
#5050=DIRECTION('ref_axis',(-1.,0.,0.));
#5051=DIRECTION('center_axis',(0.,0.,-1.));
#5052=DIRECTION('ref_axis',(-1.,0.,0.));
#5053=DIRECTION('center_axis',(0.,0.,-1.));
#5054=DIRECTION('ref_axis',(-1.,0.,0.));
#5055=DIRECTION('center_axis',(0.,0.,-1.));
#5056=DIRECTION('ref_axis',(-1.,0.,0.));
#5057=DIRECTION('center_axis',(0.,0.,-1.));
#5058=DIRECTION('ref_axis',(-1.,0.,0.));
#5059=DIRECTION('center_axis',(0.,0.,1.));
#5060=DIRECTION('ref_axis',(1.,1.22464679914735E-16,0.));
#5061=DIRECTION('center_axis',(0.,0.,-1.));
#5062=DIRECTION('ref_axis',(-1.,0.,0.));
#5063=DIRECTION('',(1.,0.,0.));
#5064=DIRECTION('center_axis',(0.,0.,-1.));
#5065=DIRECTION('ref_axis',(-1.,0.,0.));
#5066=DIRECTION('center_axis',(0.,0.,-1.));
#5067=DIRECTION('ref_axis',(1.,-1.22464679914735E-16,0.));
#5068=DIRECTION('center_axis',(0.,-1.,0.));
#5069=DIRECTION('ref_axis',(1.,0.,0.));
#5070=DIRECTION('',(-1.,0.,0.));
#5071=DIRECTION('',(0.,0.,1.));
#5072=DIRECTION('',(1.,0.,0.));
#5073=DIRECTION('',(0.,0.,-1.));
#5074=DIRECTION('',(1.,0.,0.));
#5075=DIRECTION('',(0.,0.,-1.));
#5076=DIRECTION('',(-1.,0.,0.));
#5077=DIRECTION('',(0.,0.,-1.));
#5078=DIRECTION('',(-1.,2.45353154613294E-16,0.));
#5079=DIRECTION('',(0.,0.,1.));
#5080=DIRECTION('',(1.,-2.45353154613294E-16,0.));
#5081=DIRECTION('',(0.,0.,1.));
#5082=DIRECTION('',(1.,0.,2.61228946970625E-16));
#5083=DIRECTION('',(-6.34413156928661E-16,0.,1.));
#5084=DIRECTION('',(-1.,0.,-1.30614473485313E-16));
#5085=DIRECTION('',(6.34413156928661E-16,0.,-1.));
#5086=DIRECTION('',(1.,0.,2.61228946970625E-16));
#5087=DIRECTION('',(1.,0.,-1.30614473485313E-16));
#5088=DIRECTION('',(6.34413156928661E-16,0.,1.));
#5089=DIRECTION('',(-1.,0.,2.61228946970625E-16));
#5090=DIRECTION('',(-6.34413156928661E-16,0.,-1.));
#5091=DIRECTION('center_axis',(0.,0.,-1.));
#5092=DIRECTION('ref_axis',(-1.,0.,0.));
#5093=DIRECTION('center_axis',(0.,0.,1.));
#5094=DIRECTION('ref_axis',(-1.,3.88918205824773E-16,0.));
#5095=DIRECTION('center_axis',(-1.22464679914735E-16,-1.,0.));
#5096=DIRECTION('ref_axis',(1.,-1.22464679914735E-16,0.));
#5097=DIRECTION('center_axis',(0.,0.,1.));
#5098=DIRECTION('ref_axis',(-1.,1.43988845995302E-16,0.));
#5099=DIRECTION('center_axis',(0.,0.,1.));
#5100=DIRECTION('ref_axis',(-1.,3.88918205824773E-16,0.));
#5101=DIRECTION('center_axis',(0.,0.,1.));
#5102=DIRECTION('ref_axis',(1.,0.,0.));
#5103=DIRECTION('',(0.,-1.,0.));
#5104=DIRECTION('',(-1.,0.,0.));
#5105=DIRECTION('',(0.,-1.,0.));
#5106=DIRECTION('center_axis',(0.,0.,-1.));
#5107=DIRECTION('ref_axis',(1.,0.,0.));
#5108=DIRECTION('',(1.,-2.66453525910038E-16,0.));
#5109=DIRECTION('center_axis',(0.,0.,-1.));
#5110=DIRECTION('ref_axis',(0.,1.,0.));
#5111=DIRECTION('',(1.38777878078145E-16,1.,0.));
#5112=DIRECTION('',(1.,0.,0.));
#5113=DIRECTION('',(0.,-1.,0.));
#5114=DIRECTION('',(-1.,0.,0.));
#5115=DIRECTION('',(-6.93889390390723E-17,1.,0.));
#5116=DIRECTION('center_axis',(0.,0.,1.));
#5117=DIRECTION('ref_axis',(1.,0.,0.));
#5118=DIRECTION('center_axis',(0.,0.,-1.));
#5119=DIRECTION('ref_axis',(1.,4.736951571734E-16,0.));
#5120=DIRECTION('center_axis',(1.22464679914735E-16,-1.,0.));
#5121=DIRECTION('ref_axis',(-1.,-1.22464679914735E-16,0.));
#5122=DIRECTION('center_axis',(0.,0.,-1.));
#5123=DIRECTION('ref_axis',(1.,4.736951571734E-16,0.));
#5124=DIRECTION('center_axis',(0.,1.,0.));
#5125=DIRECTION('ref_axis',(1.,0.,0.));
#5126=DIRECTION('center_axis',(0.,1.,0.));
#5127=DIRECTION('ref_axis',(1.,0.,0.));
#5128=DIRECTION('',(0.,1.,0.));
#5129=DIRECTION('center_axis',(0.,0.,1.));
#5130=DIRECTION('ref_axis',(1.,0.,0.));
#5131=DIRECTION('center_axis',(0.,0.,1.));
#5132=DIRECTION('ref_axis',(1.,1.22464679914735E-16,0.));
#5133=DIRECTION('center_axis',(1.22464679914735E-16,-1.,0.));
#5134=DIRECTION('ref_axis',(-1.,-1.22464679914735E-16,0.));
#5135=DIRECTION('center_axis',(0.,0.,1.));
#5136=DIRECTION('ref_axis',(1.,-1.22464679914735E-16,0.));
#5137=DIRECTION('center_axis',(0.,0.,-1.));
#5138=DIRECTION('ref_axis',(-1.,0.,0.));
#5139=DIRECTION('center_axis',(0.,0.,-1.));
#5140=DIRECTION('ref_axis',(-1.,0.,0.));
#5141=DIRECTION('center_axis',(0.,0.,1.));
#5142=DIRECTION('ref_axis',(1.,0.,0.));
#5143=DIRECTION('center_axis',(1.22464679914735E-16,-1.,0.));
#5144=DIRECTION('ref_axis',(-1.,-1.22464679914735E-16,0.));
#5145=DIRECTION('center_axis',(0.,0.,1.));
#5146=DIRECTION('ref_axis',(1.,0.,0.));
#5147=DIRECTION('center_axis',(0.,0.,-1.));
#5148=DIRECTION('ref_axis',(1.,1.22464679914735E-16,0.));
#5149=DIRECTION('center_axis',(1.22464679914735E-16,-1.,0.));
#5150=DIRECTION('ref_axis',(-1.,-1.22464679914735E-16,0.));
#5151=DIRECTION('center_axis',(0.,0.,-1.));
#5152=DIRECTION('ref_axis',(1.,-1.22464679914735E-16,0.));
#5153=DIRECTION('center_axis',(0.,0.,-1.));
#5154=DIRECTION('ref_axis',(1.,1.22464679914735E-16,0.));
#5155=DIRECTION('center_axis',(0.,0.,1.));
#5156=DIRECTION('ref_axis',(1.,0.,0.));
#5157=DIRECTION('',(-6.93889390390723E-17,1.,0.));
#5158=DIRECTION('',(-1.,0.,0.));
#5159=DIRECTION('',(0.,1.,0.));
#5160=DIRECTION('',(-1.,0.,0.));
#5161=DIRECTION('',(1.38777878078145E-16,1.,0.));
#5162=DIRECTION('center_axis',(0.,0.,-1.));
#5163=DIRECTION('ref_axis',(0.,1.,0.));
#5164=DIRECTION('',(1.,-2.66453525910038E-16,0.));
#5165=DIRECTION('center_axis',(0.,0.,-1.));
#5166=DIRECTION('ref_axis',(1.,0.,0.));
#5167=DIRECTION('',(0.,-1.,0.));
#5168=DIRECTION('',(-1.,0.,0.));
#5169=DIRECTION('',(0.,-1.,0.));
#5170=DIRECTION('center_axis',(0.,0.,-1.));
#5171=DIRECTION('ref_axis',(-1.,0.,0.));
#5172=DIRECTION('center_axis',(-1.22464679914735E-16,-1.,0.));
#5173=DIRECTION('ref_axis',(1.,-1.22464679914735E-16,0.));
#5174=DIRECTION('center_axis',(1.30614473485313E-16,0.,1.));
#5175=DIRECTION('ref_axis',(1.,0.,-1.30614473485313E-16));
#5176=DIRECTION('',(0.,1.,0.));
#5177=DIRECTION('',(-1.,0.,1.30614473485313E-16));
#5178=DIRECTION('',(0.,1.,0.));
#5179=DIRECTION('center_axis',(1.,0.,-6.34413156928661E-16));
#5180=DIRECTION('ref_axis',(-6.34413156928661E-16,0.,-1.));
#5181=DIRECTION('',(0.,1.,0.));
#5182=DIRECTION('',(6.34413156928661E-16,0.,1.));
#5183=DIRECTION('center_axis',(-2.61228946970625E-16,0.,-1.));
#5184=DIRECTION('ref_axis',(-1.,0.,2.61228946970625E-16));
#5185=DIRECTION('',(0.,1.,0.));
#5186=DIRECTION('',(1.,0.,-2.61228946970625E-16));
#5187=DIRECTION('center_axis',(-1.,0.,6.34413156928661E-16));
#5188=DIRECTION('ref_axis',(6.34413156928661E-16,0.,1.));
#5189=DIRECTION('',(-6.34413156928661E-16,0.,-1.));
#5190=DIRECTION('center_axis',(1.,-1.85037170770859E-16,0.));
#5191=DIRECTION('ref_axis',(-1.85037170770859E-16,-1.,0.));
#5192=DIRECTION('',(-1.85037170770859E-16,-1.,0.));
#5193=DIRECTION('',(0.,0.,-1.));
#5194=DIRECTION('',(-1.85037170770859E-16,-1.,0.));
#5195=DIRECTION('',(0.,0.,-1.));
#5196=DIRECTION('center_axis',(2.77555756156289E-16,-1.,0.));
#5197=DIRECTION('ref_axis',(-1.,-2.77555756156289E-16,0.));
#5198=DIRECTION('',(-1.,-2.77555756156289E-16,0.));
#5199=DIRECTION('',(0.,0.,-1.));
#5200=DIRECTION('',(-1.,-2.77555756156289E-16,0.));
#5201=DIRECTION('',(-1.,-2.77555756156289E-16,0.));
#5202=DIRECTION('center_axis',(-1.,1.85037170770859E-16,0.));
#5203=DIRECTION('ref_axis',(1.85037170770859E-16,1.,0.));
#5204=DIRECTION('',(1.85037170770859E-16,1.,0.));
#5205=DIRECTION('',(0.,0.,-1.));
#5206=DIRECTION('',(1.85037170770859E-16,1.,0.));
#5207=DIRECTION('center_axis',(-2.77555756156289E-16,1.,0.));
#5208=DIRECTION('ref_axis',(1.,2.77555756156289E-16,0.));
#5209=DIRECTION('',(1.,2.77555756156289E-16,0.));
#5210=DIRECTION('',(1.,2.77555756156289E-16,0.));
#5211=DIRECTION('center_axis',(0.,0.,1.));
#5212=DIRECTION('ref_axis',(1.,0.,0.));
#5213=DIRECTION('center_axis',(0.,-1.,0.));
#5214=DIRECTION('ref_axis',(-1.,0.,0.));
#5215=DIRECTION('',(-1.,0.,0.));
#5216=DIRECTION('',(0.,0.,-1.));
#5217=DIRECTION('',(-1.,0.,0.));
#5218=DIRECTION('',(0.,0.,-1.));
#5219=DIRECTION('center_axis',(-1.,-2.77555756156289E-16,0.));
#5220=DIRECTION('ref_axis',(-2.77555756156289E-16,1.,0.));
#5221=DIRECTION('',(-2.77555756156289E-16,1.,0.));
#5222=DIRECTION('',(0.,0.,-1.));
#5223=DIRECTION('',(-2.77555756156289E-16,1.,0.));
#5224=DIRECTION('',(-2.77555756156289E-16,1.,0.));
#5225=DIRECTION('center_axis',(0.,1.,0.));
#5226=DIRECTION('ref_axis',(1.,0.,0.));
#5227=DIRECTION('',(1.,0.,0.));
#5228=DIRECTION('',(0.,0.,-1.));
#5229=DIRECTION('',(1.,0.,0.));
#5230=DIRECTION('center_axis',(1.,2.77555756156289E-16,0.));
#5231=DIRECTION('ref_axis',(2.77555756156289E-16,-1.,0.));
#5232=DIRECTION('',(2.77555756156289E-16,-1.,0.));
#5233=DIRECTION('',(2.77555756156289E-16,-1.,0.));
#5234=DIRECTION('center_axis',(0.,0.,1.));
#5235=DIRECTION('ref_axis',(1.,0.,0.));
#5236=DIRECTION('center_axis',(1.85037170770859E-16,1.,0.));
#5237=DIRECTION('ref_axis',(1.,-1.85037170770859E-16,0.));
#5238=DIRECTION('',(1.,-1.85037170770859E-16,0.));
#5239=DIRECTION('',(0.,0.,-1.));
#5240=DIRECTION('',(1.,-1.85037170770859E-16,0.));
#5241=DIRECTION('',(0.,0.,-1.));
#5242=DIRECTION('center_axis',(1.,0.,0.));
#5243=DIRECTION('ref_axis',(0.,-1.,0.));
#5244=DIRECTION('',(0.,-1.,0.));
#5245=DIRECTION('',(0.,0.,-1.));
#5246=DIRECTION('',(0.,-1.,0.));
#5247=DIRECTION('',(0.,-1.,0.));
#5248=DIRECTION('center_axis',(-1.85037170770859E-16,-1.,0.));
#5249=DIRECTION('ref_axis',(-1.,1.85037170770859E-16,0.));
#5250=DIRECTION('',(-1.,1.85037170770859E-16,0.));
#5251=DIRECTION('',(0.,0.,-1.));
#5252=DIRECTION('',(-1.,1.85037170770859E-16,0.));
#5253=DIRECTION('center_axis',(-1.,-2.77555756156289E-16,0.));
#5254=DIRECTION('ref_axis',(-2.77555756156289E-16,1.,0.));
#5255=DIRECTION('',(-2.77555756156289E-16,1.,0.));
#5256=DIRECTION('',(-2.77555756156289E-16,1.,0.));
#5257=DIRECTION('center_axis',(0.,0.,1.));
#5258=DIRECTION('ref_axis',(1.,0.,0.));
#5259=DIRECTION('center_axis',(-1.,0.,0.));
#5260=DIRECTION('ref_axis',(0.,1.,0.));
#5261=DIRECTION('',(0.,1.,0.));
#5262=DIRECTION('',(0.,0.,-1.));
#5263=DIRECTION('',(0.,1.,0.));
#5264=DIRECTION('',(0.,0.,-1.));
#5265=DIRECTION('center_axis',(-2.77555756156289E-16,1.,0.));
#5266=DIRECTION('ref_axis',(1.,2.77555756156289E-16,0.));
#5267=DIRECTION('',(1.,2.77555756156289E-16,0.));
#5268=DIRECTION('',(0.,0.,-1.));
#5269=DIRECTION('',(1.,2.77555756156289E-16,0.));
#5270=DIRECTION('',(1.,2.77555756156289E-16,0.));
#5271=DIRECTION('center_axis',(1.,0.,0.));
#5272=DIRECTION('ref_axis',(0.,-1.,0.));
#5273=DIRECTION('',(0.,-1.,0.));
#5274=DIRECTION('',(0.,0.,-1.));
#5275=DIRECTION('',(0.,-1.,0.));
#5276=DIRECTION('center_axis',(2.77555756156289E-16,-1.,0.));
#5277=DIRECTION('ref_axis',(-1.,-2.77555756156289E-16,0.));
#5278=DIRECTION('',(-1.,-2.77555756156289E-16,0.));
#5279=DIRECTION('',(-1.,-2.77555756156289E-16,0.));
#5280=DIRECTION('center_axis',(0.,0.,1.));
#5281=DIRECTION('ref_axis',(1.,0.,0.));
#5282=DIRECTION('center_axis',(0.,0.,1.));
#5283=DIRECTION('ref_axis',(1.,0.,0.));
#5284=DIRECTION('center_axis',(0.,0.,-1.));
#5285=DIRECTION('ref_axis',(1.,0.,0.));
#5286=DIRECTION('center_axis',(0.,0.,-1.));
#5287=DIRECTION('ref_axis',(-1.,0.,0.));
#5288=DIRECTION('center_axis',(0.,0.,-1.));
#5289=DIRECTION('ref_axis',(-1.,0.,0.));
#5290=DIRECTION('center_axis',(0.,0.,-1.));
#5291=DIRECTION('ref_axis',(-1.,0.,0.));
#5292=DIRECTION('center_axis',(0.,0.,-1.));
#5293=DIRECTION('ref_axis',(-1.,0.,0.));
#5294=DIRECTION('center_axis',(0.,0.,-1.));
#5295=DIRECTION('ref_axis',(1.,0.,0.));
#5296=DIRECTION('center_axis',(0.,0.,1.));
#5297=DIRECTION('ref_axis',(1.,0.,0.));
#5298=DIRECTION('',(0.,0.,1.));
#5299=DIRECTION('center_axis',(-1.,0.,0.));
#5300=DIRECTION('ref_axis',(0.,0.,1.));
#5301=DIRECTION('',(0.,0.,-1.));
#5302=DIRECTION('center_axis',(-1.,0.,0.));
#5303=DIRECTION('ref_axis',(0.,-0.707106781186548,-0.707106781186548));
#5304=DIRECTION('',(0.,1.,0.));
#5305=DIRECTION('',(0.,0.,-1.));
#5306=DIRECTION('',(0.,1.,0.));
#5307=DIRECTION('center_axis',(-1.,0.,0.));
#5308=DIRECTION('ref_axis',(0.,-0.707106781186548,0.707106781186547));
#5309=DIRECTION('',(0.,0.,-1.));
#5310=DIRECTION('center_axis',(1.,0.,0.));
#5311=DIRECTION('ref_axis',(0.,-0.707106781186548,-0.707106781186547));
#5312=DIRECTION('',(0.,1.,0.));
#5313=DIRECTION('',(0.,0.,1.));
#5314=DIRECTION('',(0.,1.,0.));
#5315=DIRECTION('center_axis',(1.,0.,0.));
#5316=DIRECTION('ref_axis',(0.,-0.707106781186548,0.707106781186548));
#5317=DIRECTION('',(0.,0.,1.));
#5318=DIRECTION('center_axis',(1.,0.,0.));
#5319=DIRECTION('ref_axis',(0.,-0.707106781186547,0.707106781186548));
#5320=DIRECTION('center_axis',(-1.,1.38777878078145E-16,0.));
#5321=DIRECTION('ref_axis',(0.,-0.707106781186547,0.707106781186548));
#5322=DIRECTION('',(1.,0.,0.));
#5323=DIRECTION('center_axis',(1.,0.,0.));
#5324=DIRECTION('ref_axis',(0.,-0.707106781186547,0.707106781186548));
#5325=DIRECTION('',(-1.,0.,0.));
#5326=DIRECTION('center_axis',(0.,0.,1.));
#5327=DIRECTION('ref_axis',(1.,0.,0.));
#5328=DIRECTION('',(0.,-1.,0.));
#5329=DIRECTION('center_axis',(0.,0.,1.));
#5330=DIRECTION('ref_axis',(0.,1.,0.));
#5331=DIRECTION('',(0.371390676354104,0.928476690885259,0.));
#5332=DIRECTION('',(0.,1.,0.));
#5333=DIRECTION('center_axis',(0.,0.,1.));
#5334=DIRECTION('ref_axis',(0.,1.,0.));
#5335=DIRECTION('',(0.,0.,1.));
#5336=DIRECTION('center_axis',(0.,0.,1.));
#5337=DIRECTION('ref_axis',(0.,1.,0.));
#5338=DIRECTION('',(0.,0.,1.));
#5339=DIRECTION('center_axis',(0.928476690885259,-0.371390676354104,0.));
#5340=DIRECTION('ref_axis',(0.371390676354104,0.928476690885259,0.));
#5341=DIRECTION('',(0.371390676354104,0.928476690885259,0.));
#5342=DIRECTION('',(0.,0.,1.));
#5343=DIRECTION('center_axis',(0.,0.,1.));
#5344=DIRECTION('ref_axis',(1.,0.,0.));
#5345=DIRECTION('',(0.,1.,0.));
#5346=DIRECTION('',(0.,-1.,0.));
#5347=DIRECTION('',(-1.,0.,0.));
#5348=DIRECTION('center_axis',(0.,1.,0.));
#5349=DIRECTION('ref_axis',(0.,0.,1.));
#5350=DIRECTION('',(0.,0.,1.));
#5351=DIRECTION('',(0.,0.,-1.));
#5352=DIRECTION('center_axis',(0.,0.,-1.));
#5353=DIRECTION('ref_axis',(0.,1.,0.));
#5354=DIRECTION('',(-1.,0.,0.));
#5355=DIRECTION('',(0.,1.,0.));
#5356=DIRECTION('',(2.77555756156289E-16,-1.,0.));
#5357=DIRECTION('center_axis',(-1.,0.,0.));
#5358=DIRECTION('ref_axis',(0.,-0.707106781186548,-0.707106781186547));
#5359=DIRECTION('',(-1.,0.,0.));
#5360=DIRECTION('center_axis',(-1.,0.,0.));
#5361=DIRECTION('ref_axis',(0.,-0.707106781186548,-0.707106781186547));
#5362=DIRECTION('',(1.,0.,0.));
#5363=DIRECTION('center_axis',(0.,0.,-1.));
#5364=DIRECTION('ref_axis',(-1.,0.,0.));
#5365=DIRECTION('',(0.,-1.,0.));
#5366=DIRECTION('center_axis',(0.,0.,-1.));
#5367=DIRECTION('ref_axis',(0.,1.,0.));
#5368=DIRECTION('',(-0.371390676354104,0.928476690885259,0.));
#5369=DIRECTION('center_axis',(1.,0.,0.));
#5370=DIRECTION('ref_axis',(0.,-0.707106781186548,0.707106781186548));
#5371=DIRECTION('center_axis',(-1.,0.,0.));
#5372=DIRECTION('ref_axis',(0.,-0.707106781186548,0.707106781186548));
#5373=DIRECTION('',(1.,0.,0.));
#5374=DIRECTION('',(-1.,0.,0.));
#5375=DIRECTION('center_axis',(0.,0.,-1.));
#5376=DIRECTION('ref_axis',(-1.,0.,0.));
#5377=DIRECTION('',(-0.371390676354104,0.928476690885259,0.));
#5378=DIRECTION('center_axis',(0.,0.,-1.));
#5379=DIRECTION('ref_axis',(0.,1.,0.));
#5380=DIRECTION('',(0.,-1.,0.));
#5381=DIRECTION('center_axis',(0.,0.,-1.));
#5382=DIRECTION('ref_axis',(0.,1.,0.));
#5383=DIRECTION('',(0.,0.,1.));
#5384=DIRECTION('',(0.,0.,1.));
#5385=DIRECTION('center_axis',(0.928476690885259,0.371390676354104,0.));
#5386=DIRECTION('ref_axis',(-0.371390676354104,0.928476690885259,0.));
#5387=DIRECTION('center_axis',(0.,-1.,0.));
#5388=DIRECTION('ref_axis',(0.,0.,1.));
#5389=DIRECTION('',(0.,0.,-1.));
#5390=DIRECTION('center_axis',(0.408248290463865,-0.408248290463865,0.816496580927724));
#5391=DIRECTION('ref_axis',(0.577350269189629,-0.577350269189626,-0.577350269189622));
#5392=DIRECTION('center_axis',(0.,1.,0.));
#5393=DIRECTION('ref_axis',(0.,0.,-1.));
#5394=DIRECTION('center_axis',(0.,0.,1.));
#5395=DIRECTION('ref_axis',(1.,0.,0.));
#5396=DIRECTION('center_axis',(-1.,0.,-2.22044604925031E-15));
#5397=DIRECTION('ref_axis',(0.,-1.,0.));
#5398=DIRECTION('center_axis',(0.,-1.,0.));
#5399=DIRECTION('ref_axis',(0.707106781186546,0.,-0.707106781186549));
#5400=DIRECTION('center_axis',(0.,1.,0.));
#5401=DIRECTION('ref_axis',(1.,0.,0.));
#5402=DIRECTION('',(0.,1.,0.));
#5403=DIRECTION('',(0.,-1.,0.));
#5404=DIRECTION('center_axis',(0.,0.,-1.));
#5405=DIRECTION('ref_axis',(1.,0.,0.));
#5406=DIRECTION('center_axis',(-1.,0.,0.));
#5407=DIRECTION('ref_axis',(0.,1.,0.));
#5408=DIRECTION('center_axis',(0.,0.,1.));
#5409=DIRECTION('ref_axis',(0.707106781186548,0.707106781186548,0.));
#5410=DIRECTION('center_axis',(0.,0.,-1.));
#5411=DIRECTION('ref_axis',(0.707106781186548,0.707106781186548,0.));
#5412=DIRECTION('center_axis',(1.,-2.66453525910038E-16,0.));
#5413=DIRECTION('ref_axis',(0.,0.707106781186548,-0.707106781186547));
#5414=DIRECTION('center_axis',(-1.,0.,0.));
#5415=DIRECTION('ref_axis',(0.,1.,0.));
#5416=DIRECTION('',(-1.,2.66453525910038E-16,0.));
#5417=DIRECTION('',(1.,-2.66453525910038E-16,0.));
#5418=DIRECTION('center_axis',(0.,0.,-1.));
#5419=DIRECTION('ref_axis',(1.,0.,0.));
#5420=DIRECTION('center_axis',(0.,-1.,0.));
#5421=DIRECTION('ref_axis',(-1.,0.,0.));
#5422=DIRECTION('center_axis',(0.,0.,1.));
#5423=DIRECTION('ref_axis',(-0.707106781186547,0.707106781186548,0.));
#5424=DIRECTION('center_axis',(0.,0.,-1.));
#5425=DIRECTION('ref_axis',(-0.707106781186547,0.707106781186548,0.));
#5426=DIRECTION('center_axis',(1.38777878078145E-16,1.,0.));
#5427=DIRECTION('ref_axis',(-0.707106781186546,0.,-0.707106781186549));
#5428=DIRECTION('',(1.38777878078145E-16,1.,0.));
#5429=DIRECTION('center_axis',(0.707106781186548,-0.707106781186547,0.));
#5430=DIRECTION('ref_axis',(0.707106781186547,0.707106781186548,0.));
#5431=DIRECTION('',(-1.38777878078145E-16,-1.,0.));
#5432=DIRECTION('center_axis',(-1.,0.,0.));
#5433=DIRECTION('ref_axis',(0.,-0.707106781186548,-0.707106781186547));
#5434=DIRECTION('',(1.,0.,0.));
#5435=DIRECTION('',(-1.,0.,0.));
#5436=DIRECTION('center_axis',(-2.66453525910038E-16,-1.,0.));
#5437=DIRECTION('ref_axis',(1.,-2.66453525910038E-16,0.));
#5438=DIRECTION('',(0.,0.,1.));
#5439=DIRECTION('',(0.,0.,1.));
#5440=DIRECTION('center_axis',(0.,0.,-1.));
#5441=DIRECTION('ref_axis',(1.,0.,0.));
#5442=DIRECTION('',(0.,0.,1.));
#5443=DIRECTION('center_axis',(0.,0.,1.));
#5444=DIRECTION('ref_axis',(1.,0.,0.));
#5445=DIRECTION('',(1.,0.,0.));
#5446=DIRECTION('',(-2.77555756156289E-16,1.,0.));
#5447=DIRECTION('',(6.93889390390723E-17,-1.,0.));
#5448=DIRECTION('center_axis',(0.,0.,-1.));
#5449=DIRECTION('ref_axis',(-1.,0.,0.));
#5450=DIRECTION('',(0.,0.,-1.));
#5451=DIRECTION('center_axis',(1.,6.93889390390723E-17,0.));
#5452=DIRECTION('ref_axis',(-6.93889390390723E-17,1.,0.));
#5453=DIRECTION('',(0.,0.,1.));
#5454=DIRECTION('center_axis',(-1.,-2.77555756156289E-16,0.));
#5455=DIRECTION('ref_axis',(2.77555756156289E-16,-1.,0.));
#5456=DIRECTION('',(0.,0.,1.));
#5457=DIRECTION('center_axis',(0.,1.,0.));
#5458=DIRECTION('ref_axis',(-1.,0.,0.));
#5459=DIRECTION('center_axis',(1.,-1.38777878078145E-16,0.));
#5460=DIRECTION('ref_axis',(1.38777878078145E-16,1.,0.));
#5461=DIRECTION('',(0.,0.,1.));
#5462=DIRECTION('',(-1.38777878078145E-16,-1.,0.));
#5463=DIRECTION('',(0.,0.,-1.));
#5464=DIRECTION('',(0.,0.,1.));
#5465=DIRECTION('center_axis',(-1.,1.38777878078145E-16,0.));
#5466=DIRECTION('ref_axis',(0.,-0.707106781186548,-0.707106781186548));
#5467=DIRECTION('',(0.,-1.,0.));
#5468=DIRECTION('',(0.,0.,-1.));
#5469=DIRECTION('',(0.,-1.,0.));
#5470=DIRECTION('center_axis',(-1.,1.38777878078145E-16,0.));
#5471=DIRECTION('ref_axis',(0.,-0.707106781186548,0.707106781186547));
#5472=DIRECTION('',(0.,0.,1.));
#5473=DIRECTION('',(0.,0.,1.));
#5474=DIRECTION('center_axis',(0.,0.,-1.));
#5475=DIRECTION('ref_axis',(0.,1.,0.));
#5476=DIRECTION('center_axis',(-1.30614473485313E-16,0.,1.));
#5477=DIRECTION('ref_axis',(1.,0.,1.30614473485313E-16));
#5478=DIRECTION('',(0.,1.,0.));
#5479=DIRECTION('',(1.,0.,1.30614473485313E-16));
#5480=DIRECTION('',(0.,1.,0.));
#5481=DIRECTION('center_axis',(-1.,0.,-6.34413156928661E-16));
#5482=DIRECTION('ref_axis',(-6.34413156928661E-16,0.,1.));
#5483=DIRECTION('',(-6.34413156928661E-16,0.,1.));
#5484=DIRECTION('',(0.,1.,0.));
#5485=DIRECTION('center_axis',(2.61228946970625E-16,0.,-1.));
#5486=DIRECTION('ref_axis',(-1.,0.,-2.61228946970625E-16));
#5487=DIRECTION('',(-1.,0.,-2.61228946970625E-16));
#5488=DIRECTION('',(0.,1.,0.));
#5489=DIRECTION('center_axis',(1.,0.,6.34413156928661E-16));
#5490=DIRECTION('ref_axis',(6.34413156928661E-16,0.,-1.));
#5491=DIRECTION('',(6.34413156928661E-16,0.,-1.));
#5492=DIRECTION('center_axis',(-1.,1.85037170770859E-16,0.));
#5493=DIRECTION('ref_axis',(-1.85037170770859E-16,-1.,0.));
#5494=DIRECTION('',(1.85037170770859E-16,1.,0.));
#5495=DIRECTION('',(0.,0.,1.));
#5496=DIRECTION('',(-1.85037170770859E-16,-1.,0.));
#5497=DIRECTION('',(0.,0.,1.));
#5498=DIRECTION('center_axis',(-2.77555756156289E-16,1.,0.));
#5499=DIRECTION('ref_axis',(-1.,-2.77555756156289E-16,0.));
#5500=DIRECTION('',(1.,2.77555756156289E-16,0.));
#5501=DIRECTION('',(1.,2.77555756156289E-16,0.));
#5502=DIRECTION('',(-1.,-2.77555756156289E-16,0.));
#5503=DIRECTION('',(0.,0.,1.));
#5504=DIRECTION('center_axis',(1.,-1.85037170770859E-16,0.));
#5505=DIRECTION('ref_axis',(1.85037170770859E-16,1.,0.));
#5506=DIRECTION('',(-1.85037170770859E-16,-1.,0.));
#5507=DIRECTION('',(1.85037170770859E-16,1.,0.));
#5508=DIRECTION('',(0.,0.,1.));
#5509=DIRECTION('center_axis',(2.77555756156289E-16,-1.,0.));
#5510=DIRECTION('ref_axis',(1.,2.77555756156289E-16,0.));
#5511=DIRECTION('',(-1.,-2.77555756156289E-16,0.));
#5512=DIRECTION('',(1.,2.77555756156289E-16,0.));
#5513=DIRECTION('center_axis',(0.,0.,1.));
#5514=DIRECTION('ref_axis',(1.,0.,0.));
#5515=DIRECTION('center_axis',(0.,1.,0.));
#5516=DIRECTION('ref_axis',(-1.,0.,0.));
#5517=DIRECTION('',(1.,0.,0.));
#5518=DIRECTION('',(0.,0.,1.));
#5519=DIRECTION('',(-1.,0.,0.));
#5520=DIRECTION('',(0.,0.,1.));
#5521=DIRECTION('center_axis',(1.,2.77555756156289E-16,0.));
#5522=DIRECTION('ref_axis',(-2.77555756156289E-16,1.,0.));
#5523=DIRECTION('',(2.77555756156289E-16,-1.,0.));
#5524=DIRECTION('',(2.77555756156289E-16,-1.,0.));
#5525=DIRECTION('',(-2.77555756156289E-16,1.,0.));
#5526=DIRECTION('',(0.,0.,1.));
#5527=DIRECTION('center_axis',(0.,-1.,0.));
#5528=DIRECTION('ref_axis',(1.,0.,0.));
#5529=DIRECTION('',(-1.,0.,0.));
#5530=DIRECTION('',(1.,0.,0.));
#5531=DIRECTION('',(0.,0.,1.));
#5532=DIRECTION('center_axis',(-1.,-2.77555756156289E-16,0.));
#5533=DIRECTION('ref_axis',(2.77555756156289E-16,-1.,0.));
#5534=DIRECTION('',(-2.77555756156289E-16,1.,0.));
#5535=DIRECTION('',(2.77555756156289E-16,-1.,0.));
#5536=DIRECTION('center_axis',(0.,0.,1.));
#5537=DIRECTION('ref_axis',(1.,0.,0.));
#5538=DIRECTION('center_axis',(-1.85037170770859E-16,-1.,0.));
#5539=DIRECTION('ref_axis',(1.,-1.85037170770859E-16,0.));
#5540=DIRECTION('',(-1.,1.85037170770859E-16,0.));
#5541=DIRECTION('',(0.,0.,1.));
#5542=DIRECTION('',(1.,-1.85037170770859E-16,0.));
#5543=DIRECTION('',(0.,0.,1.));
#5544=DIRECTION('center_axis',(-1.,0.,0.));
#5545=DIRECTION('ref_axis',(0.,-1.,0.));
#5546=DIRECTION('',(0.,1.,0.));
#5547=DIRECTION('',(0.,1.,0.));
#5548=DIRECTION('',(0.,-1.,0.));
#5549=DIRECTION('',(0.,0.,1.));
#5550=DIRECTION('center_axis',(1.85037170770859E-16,1.,0.));
#5551=DIRECTION('ref_axis',(-1.,1.85037170770859E-16,0.));
#5552=DIRECTION('',(1.,-1.85037170770859E-16,0.));
#5553=DIRECTION('',(-1.,1.85037170770859E-16,0.));
#5554=DIRECTION('',(0.,0.,1.));
#5555=DIRECTION('center_axis',(1.,2.77555756156289E-16,0.));
#5556=DIRECTION('ref_axis',(-2.77555756156289E-16,1.,0.));
#5557=DIRECTION('',(2.77555756156289E-16,-1.,0.));
#5558=DIRECTION('',(-2.77555756156289E-16,1.,0.));
#5559=DIRECTION('center_axis',(0.,0.,1.));
#5560=DIRECTION('ref_axis',(1.,0.,0.));
#5561=DIRECTION('center_axis',(1.,0.,0.));
#5562=DIRECTION('ref_axis',(0.,1.,0.));
#5563=DIRECTION('',(0.,-1.,0.));
#5564=DIRECTION('',(0.,0.,1.));
#5565=DIRECTION('',(0.,1.,0.));
#5566=DIRECTION('',(0.,0.,1.));
#5567=DIRECTION('center_axis',(2.77555756156289E-16,-1.,0.));
#5568=DIRECTION('ref_axis',(1.,2.77555756156289E-16,0.));
#5569=DIRECTION('',(-1.,-2.77555756156289E-16,0.));
#5570=DIRECTION('',(-1.,-2.77555756156289E-16,0.));
#5571=DIRECTION('',(1.,2.77555756156289E-16,0.));
#5572=DIRECTION('',(0.,0.,1.));
#5573=DIRECTION('center_axis',(-1.,0.,0.));
#5574=DIRECTION('ref_axis',(0.,-1.,0.));
#5575=DIRECTION('',(0.,1.,0.));
#5576=DIRECTION('',(0.,-1.,0.));
#5577=DIRECTION('',(0.,0.,1.));
#5578=DIRECTION('center_axis',(-2.77555756156289E-16,1.,0.));
#5579=DIRECTION('ref_axis',(-1.,-2.77555756156289E-16,0.));
#5580=DIRECTION('',(1.,2.77555756156289E-16,0.));
#5581=DIRECTION('',(-1.,-2.77555756156289E-16,0.));
#5582=DIRECTION('center_axis',(0.,0.,1.));
#5583=DIRECTION('ref_axis',(1.,0.,0.));
#5584=DIRECTION('center_axis',(0.,0.,1.));
#5585=DIRECTION('ref_axis',(1.,0.,0.));
#5586=DIRECTION('center_axis',(0.,0.,-1.));
#5587=DIRECTION('ref_axis',(1.,0.,0.));
#5588=DIRECTION('center_axis',(0.,0.,1.));
#5589=DIRECTION('ref_axis',(-1.,0.,0.));
#5590=DIRECTION('center_axis',(0.,0.,1.));
#5591=DIRECTION('ref_axis',(-1.,0.,0.));
#5592=DIRECTION('center_axis',(0.,0.,1.));
#5593=DIRECTION('ref_axis',(-1.,0.,0.));
#5594=DIRECTION('center_axis',(0.,0.,1.));
#5595=DIRECTION('ref_axis',(-1.,0.,0.));
#5596=DIRECTION('center_axis',(0.,0.,-1.));
#5597=DIRECTION('ref_axis',(1.,0.,0.));
#5598=DIRECTION('center_axis',(0.,0.,-1.));
#5599=DIRECTION('ref_axis',(1.,0.,0.));
#5600=DIRECTION('',(0.,0.,-1.));
#5601=DIRECTION('center_axis',(-1.,0.,0.));
#5602=DIRECTION('ref_axis',(0.,-0.707106781186548,0.707106781186547));
#5603=DIRECTION('center_axis',(1.,0.,0.));
#5604=DIRECTION('ref_axis',(0.,-0.707106781186548,0.707106781186547));
#5605=DIRECTION('',(-1.,0.,0.));
#5606=DIRECTION('',(1.,0.,0.));
#5607=DIRECTION('center_axis',(0.,-1.,0.));
#5608=DIRECTION('ref_axis',(0.,0.,-1.));
#5609=DIRECTION('',(0.,0.,1.));
#5610=DIRECTION('center_axis',(1.,0.,0.));
#5611=DIRECTION('ref_axis',(0.,-0.707106781186548,-0.707106781186548));
#5612=DIRECTION('',(1.,0.,0.));
#5613=DIRECTION('center_axis',(1.,0.,0.));
#5614=DIRECTION('ref_axis',(0.,-0.707106781186548,-0.707106781186548));
#5615=DIRECTION('',(-1.,0.,0.));
#5616=DIRECTION('center_axis',(0.,-1.,0.));
#5617=DIRECTION('ref_axis',(0.,0.,-1.));
#5618=DIRECTION('',(0.,0.,-1.));
#5619=DIRECTION('center_axis',(0.,0.,-1.));
#5620=DIRECTION('ref_axis',(0.,1.,0.));
#5621=DIRECTION('',(-1.,0.,0.));
#5622=DIRECTION('',(2.77555756156289E-16,-1.,0.));
#5623=DIRECTION('',(0.,1.,0.));
#5624=DIRECTION('center_axis',(0.,0.,1.));
#5625=DIRECTION('ref_axis',(0.,1.,0.));
#5626=DIRECTION('center_axis',(0.,0.,1.));
#5627=DIRECTION('ref_axis',(0.,1.,0.));
#5628=DIRECTION('',(0.,0.,-1.));
#5629=DIRECTION('center_axis',(0.,0.,1.));
#5630=DIRECTION('ref_axis',(0.,1.,0.));
#5631=DIRECTION('center_axis',(-0.928476690885259,0.371390676354104,0.));
#5632=DIRECTION('ref_axis',(0.371390676354104,0.928476690885259,0.));
#5633=DIRECTION('',(0.371390676354104,0.928476690885259,0.));
#5634=DIRECTION('',(0.,0.,-1.));
#5635=DIRECTION('',(0.371390676354104,0.928476690885259,0.));
#5636=DIRECTION('center_axis',(0.,0.,1.));
#5637=DIRECTION('ref_axis',(1.,0.,0.));
#5638=DIRECTION('',(0.,1.,0.));
#5639=DIRECTION('center_axis',(0.,0.,1.));
#5640=DIRECTION('ref_axis',(1.,0.,0.));
#5641=DIRECTION('',(0.,1.,0.));
#5642=DIRECTION('center_axis',(-1.,0.,0.));
#5643=DIRECTION('ref_axis',(0.,0.,1.));
#5644=DIRECTION('center_axis',(1.,0.,0.));
#5645=DIRECTION('ref_axis',(0.,-0.707106781186548,0.707106781186547));
#5646=DIRECTION('',(1.,0.,0.));
#5647=DIRECTION('center_axis',(1.,0.,0.));
#5648=DIRECTION('ref_axis',(0.,-0.707106781186548,0.707106781186547));
#5649=DIRECTION('',(-1.,0.,0.));
#5650=DIRECTION('center_axis',(0.,0.,-1.));
#5651=DIRECTION('ref_axis',(-1.,0.,0.));
#5652=DIRECTION('',(-0.371390676354104,0.928476690885259,0.));
#5653=DIRECTION('center_axis',(0.,0.,-1.));
#5654=DIRECTION('ref_axis',(0.,1.,0.));
#5655=DIRECTION('',(0.,-1.,0.));
#5656=DIRECTION('center_axis',(-1.,0.,0.));
#5657=DIRECTION('ref_axis',(0.,-0.707106781186548,-0.707106781186548));
#5658=DIRECTION('center_axis',(1.,0.,0.));
#5659=DIRECTION('ref_axis',(0.,-0.707106781186548,-0.707106781186548));
#5660=DIRECTION('',(-1.,0.,0.));
#5661=DIRECTION('',(1.,0.,0.));
#5662=DIRECTION('center_axis',(0.,0.,-1.));
#5663=DIRECTION('ref_axis',(-1.,0.,0.));
#5664=DIRECTION('',(0.,-1.,0.));
#5665=DIRECTION('center_axis',(0.,0.,-1.));
#5666=DIRECTION('ref_axis',(0.,1.,0.));
#5667=DIRECTION('',(-0.371390676354104,0.928476690885259,0.));
#5668=DIRECTION('center_axis',(0.,0.,-1.));
#5669=DIRECTION('ref_axis',(0.,1.,0.));
#5670=DIRECTION('',(0.,0.,-1.));
#5671=DIRECTION('',(0.,0.,-1.));
#5672=DIRECTION('center_axis',(-0.928476690885259,-0.371390676354104,0.));
#5673=DIRECTION('ref_axis',(-0.371390676354104,0.928476690885259,0.));
#5674=DIRECTION('center_axis',(0.,1.,0.));
#5675=DIRECTION('ref_axis',(0.,0.,-1.));
#5676=DIRECTION('',(0.,0.,1.));
#5677=DIRECTION('center_axis',(0.,1.,0.));
#5678=DIRECTION('ref_axis',(0.,0.,-1.));
#5679=DIRECTION('',(0.,0.,1.));
#5680=DIRECTION('center_axis',(0.408248290463863,-0.408248290463863,-0.816496580927726));
#5681=DIRECTION('ref_axis',(0.577350269189629,-0.577350269189625,0.577350269189624));
#5682=DIRECTION('center_axis',(0.,-1.,0.));
#5683=DIRECTION('ref_axis',(0.,0.,1.));
#5684=DIRECTION('center_axis',(1.,0.,-2.22044604925031E-15));
#5685=DIRECTION('ref_axis',(0.,-1.,0.));
#5686=DIRECTION('center_axis',(0.,0.,1.));
#5687=DIRECTION('ref_axis',(1.,0.,0.));
#5688=DIRECTION('center_axis',(0.,1.,0.));
#5689=DIRECTION('ref_axis',(0.707106781186546,0.,0.707106781186549));
#5690=DIRECTION('center_axis',(0.,-1.,0.));
#5691=DIRECTION('ref_axis',(1.,0.,0.));
#5692=DIRECTION('',(0.,-1.,0.));
#5693=DIRECTION('',(0.,1.,0.));
#5694=DIRECTION('center_axis',(0.,0.,1.));
#5695=DIRECTION('ref_axis',(1.,0.,0.));
#5696=DIRECTION('center_axis',(1.,0.,0.));
#5697=DIRECTION('ref_axis',(0.,1.,0.));
#5698=DIRECTION('center_axis',(0.,0.,-1.));
#5699=DIRECTION('ref_axis',(0.707106781186548,0.707106781186548,0.));
#5700=DIRECTION('center_axis',(0.,0.,1.));
#5701=DIRECTION('ref_axis',(0.707106781186548,0.707106781186548,0.));
#5702=DIRECTION('center_axis',(-1.,2.66453525910038E-16,0.));
#5703=DIRECTION('ref_axis',(0.,0.707106781186548,0.707106781186547));
#5704=DIRECTION('center_axis',(1.,0.,0.));
#5705=DIRECTION('ref_axis',(0.,1.,0.));
#5706=DIRECTION('',(1.,-2.66453525910038E-16,0.));
#5707=DIRECTION('',(-1.,2.66453525910038E-16,0.));
#5708=DIRECTION('center_axis',(0.,0.,1.));
#5709=DIRECTION('ref_axis',(1.,0.,0.));
#5710=DIRECTION('center_axis',(0.,1.,0.));
#5711=DIRECTION('ref_axis',(-1.,0.,0.));
#5712=DIRECTION('center_axis',(0.,0.,-1.));
#5713=DIRECTION('ref_axis',(-0.707106781186547,0.707106781186548,0.));
#5714=DIRECTION('center_axis',(0.,0.,1.));
#5715=DIRECTION('ref_axis',(-0.707106781186547,0.707106781186548,0.));
#5716=DIRECTION('center_axis',(-1.38777878078145E-16,-1.,0.));
#5717=DIRECTION('ref_axis',(-0.707106781186546,0.,0.707106781186549));
#5718=DIRECTION('',(1.38777878078145E-16,1.,0.));
#5719=DIRECTION('center_axis',(-0.707106781186548,0.707106781186547,0.));
#5720=DIRECTION('ref_axis',(0.707106781186547,0.707106781186548,0.));
#5721=DIRECTION('center_axis',(1.,0.,0.));
#5722=DIRECTION('ref_axis',(0.,-0.707106781186548,0.707106781186547));
#5723=DIRECTION('',(1.,0.,0.));
#5724=DIRECTION('',(-1.,0.,0.));
#5725=DIRECTION('center_axis',(0.,0.,-1.));
#5726=DIRECTION('ref_axis',(0.707106781186548,-0.707106781186548,0.));
#5727=DIRECTION('',(0.,0.,-1.));
#5728=DIRECTION('',(0.,0.,-1.));
#5729=DIRECTION('center_axis',(2.66453525910038E-16,1.,0.));
#5730=DIRECTION('ref_axis',(1.,-2.66453525910038E-16,0.));
#5731=DIRECTION('',(0.,0.,-1.));
#5732=DIRECTION('',(0.,0.,-1.));
#5733=DIRECTION('center_axis',(0.,0.,-1.));
#5734=DIRECTION('ref_axis',(1.,0.,0.));
#5735=DIRECTION('',(0.,0.,-1.));
#5736=DIRECTION('center_axis',(1.,0.,0.));
#5737=DIRECTION('ref_axis',(0.,-1.,0.));
#5738=DIRECTION('center_axis',(0.,0.,1.));
#5739=DIRECTION('ref_axis',(1.,0.,0.));
#5740=DIRECTION('',(1.,0.,0.));
#5741=DIRECTION('',(6.93889390390723E-17,-1.,0.));
#5742=DIRECTION('',(-2.77555756156289E-16,1.,0.));
#5743=DIRECTION('center_axis',(0.,0.,-1.));
#5744=DIRECTION('ref_axis',(-1.,0.,0.));
#5745=DIRECTION('',(0.,0.,1.));
#5746=DIRECTION('center_axis',(-1.,-6.93889390390723E-17,0.));
#5747=DIRECTION('ref_axis',(-6.93889390390723E-17,1.,0.));
#5748=DIRECTION('',(0.,0.,-1.));
#5749=DIRECTION('center_axis',(1.,2.77555756156289E-16,0.));
#5750=DIRECTION('ref_axis',(2.77555756156289E-16,-1.,0.));
#5751=DIRECTION('',(0.,0.,-1.));
#5752=DIRECTION('center_axis',(0.,-1.,0.));
#5753=DIRECTION('ref_axis',(-1.,0.,0.));
#5754=DIRECTION('center_axis',(0.,-1.,0.));
#5755=DIRECTION('ref_axis',(-1.,0.,0.));
#5756=DIRECTION('center_axis',(0.,0.,-1.));
#5757=DIRECTION('ref_axis',(0.,1.,0.));
#5758=CARTESIAN_POINT('',(0.,0.,0.));
#5759=CARTESIAN_POINT('Ctrl Pts',(4.,0.,-73.25));
#5760=CARTESIAN_POINT('Ctrl Pts',(4.,0.654498469497873,-73.1927083333333));
#5761=CARTESIAN_POINT('Ctrl Pts',(3.67276183708896,1.96287378417796,-73.078125));
#5762=CARTESIAN_POINT('Ctrl Pts',(2.3133991576549,3.46248779328823,-72.90625));
#5763=CARTESIAN_POINT('Ctrl Pts',(0.408226971337006,4.14413858538413,-72.734375));
#5764=CARTESIAN_POINT('Ctrl Pts',(-1.59361163168508,3.84725765538027,-72.5624999999999));
#5765=CARTESIAN_POINT('Ctrl Pts',(-3.21897087343224,2.64174611080107,-72.3906250000001));
#5766=CARTESIAN_POINT('Ctrl Pts',(-4.0842177486297,0.812404404651728,-72.2187499999999));
#5767=CARTESIAN_POINT('Ctrl Pts',(-3.98490828083571,-1.20881268091332,-72.046875));
#5768=CARTESIAN_POINT('Ctrl Pts',(-2.94455290693807,-2.94454905802372,-71.8750000000001));
#5769=CARTESIAN_POINT('Ctrl Pts',(-1.20880882896122,-3.98491375152805,-71.7031249999999));
#5770=CARTESIAN_POINT('Ctrl Pts',(0.812398923440181,-4.08420834637246,-71.53125));
#5771=CARTESIAN_POINT('Ctrl Pts',(2.6417555366695,-3.21898817993718,-71.3593750000001));
#5772=CARTESIAN_POINT('Ctrl Pts',(3.84724029241915,-1.59357908433519,-71.1874999999999));
#5773=CARTESIAN_POINT('Ctrl Pts',(4.14417132757422,0.408165185014402,-71.0156250000001));
#5774=CARTESIAN_POINT('Ctrl Pts',(3.46242490932811,2.31351842505824,-70.8437499999999));
#5775=CARTESIAN_POINT('Ctrl Pts',(1.96300120799963,3.67251688331037,-70.6718750000001));
#5776=CARTESIAN_POINT('Ctrl Pts',(-1.51859512953939E-8,4.16422310481068,
-70.4999999999999));
#5777=CARTESIAN_POINT('Ctrl Pts',(-1.96300117121729,3.67251689429171,-70.328125));
#5778=CARTESIAN_POINT('Ctrl Pts',(-3.46242496804778,2.31351839846001,-70.15625));
#5779=CARTESIAN_POINT('Ctrl Pts',(-4.14417122212993,0.40816523845742,-69.984375));
#5780=CARTESIAN_POINT('Ctrl Pts',(-3.84724048909918,-1.59357918718284,-69.8125));
#5781=CARTESIAN_POINT('Ctrl Pts',(-2.64175516572934,-3.21898798426987,-69.640625));
#5782=CARTESIAN_POINT('Ctrl Pts',(-0.812399625225254,-4.08420871745636,
-69.46875));
#5783=CARTESIAN_POINT('Ctrl Pts',(1.20881015783596,-3.98491304838187,-69.296875));
#5784=CARTESIAN_POINT('Ctrl Pts',(2.94455039001038,-2.94455039005352,-69.125));
#5785=CARTESIAN_POINT('Ctrl Pts',(3.98491304833839,-1.208810157688,-68.953125));
#5786=CARTESIAN_POINT('Ctrl Pts',(4.08420871760481,0.812399624909997,-68.78125));
#5787=CARTESIAN_POINT('Ctrl Pts',(3.21898798395378,2.64175516634496,-68.609375));
#5788=CARTESIAN_POINT('Ctrl Pts',(1.59357918780001,3.84724048792331,-68.4375));
#5789=CARTESIAN_POINT('Ctrl Pts',(-0.408165239636178,4.14417122436239,-68.2656249999999));
#5790=CARTESIAN_POINT('Ctrl Pts',(-2.31351839622206,3.46242496381633,-68.09375));
#5791=CARTESIAN_POINT('Ctrl Pts',(-3.67251689853354,1.96300117923396,-67.921875));
#5792=CARTESIAN_POINT('Ctrl Pts',(-4.16422309677436,5.93092486537161E-15,
-67.75));
#5793=CARTESIAN_POINT('Ctrl Pts',(-3.67251689853355,-1.96300117923396,-67.578125));
#5794=CARTESIAN_POINT('Ctrl Pts',(-2.31351839622207,-3.46242496381633,-67.40625));
#5795=CARTESIAN_POINT('Ctrl Pts',(-0.40816523963618,-4.14417122436239,-67.234375));
#5796=CARTESIAN_POINT('Ctrl Pts',(1.59357918780001,-3.84724048792332,-67.0625));
#5797=CARTESIAN_POINT('Ctrl Pts',(3.21898798395377,-2.64175516634497,-66.890625));
#5798=CARTESIAN_POINT('Ctrl Pts',(4.08420871760481,-0.812399624910003,-66.71875));
#5799=CARTESIAN_POINT('Ctrl Pts',(3.98491304833839,1.208810157688,-66.5468749999999));
#5800=CARTESIAN_POINT('Ctrl Pts',(2.94455039001038,2.94455039005351,-66.3750000000001));
#5801=CARTESIAN_POINT('Ctrl Pts',(1.20881015783596,3.98491304838188,-66.2031249999999));
#5802=CARTESIAN_POINT('Ctrl Pts',(-0.812399625225254,4.08420871745635,-66.03125));
#5803=CARTESIAN_POINT('Ctrl Pts',(-2.64175516572935,3.21898798426987,-65.859375));
#5804=CARTESIAN_POINT('Ctrl Pts',(-3.84724048909917,1.59357918718284,-65.6875));
#5805=CARTESIAN_POINT('Ctrl Pts',(-4.14417122212993,-0.408165238457422,
-65.515625));
#5806=CARTESIAN_POINT('Ctrl Pts',(-3.46242496804778,-2.31351839846001,-65.34375));
#5807=CARTESIAN_POINT('Ctrl Pts',(-1.9630011712173,-3.67251689429171,-65.171875));
#5808=CARTESIAN_POINT('Ctrl Pts',(-1.51859548511281E-8,-4.16422310481068,
-65.));
#5809=CARTESIAN_POINT('Ctrl Pts',(1.96300120799962,-3.67251688331037,-64.828125));
#5810=CARTESIAN_POINT('Ctrl Pts',(3.46242490932811,-2.31351842505825,-64.6562499999999));
#5811=CARTESIAN_POINT('Ctrl Pts',(4.14417132757421,-0.408165185014416,-64.4843750000001));
#5812=CARTESIAN_POINT('Ctrl Pts',(3.84724029241916,1.59357908433517,-64.3124999999999));
#5813=CARTESIAN_POINT('Ctrl Pts',(2.64175553666951,3.21898817993718,-64.140625));
#5814=CARTESIAN_POINT('Ctrl Pts',(0.812398923440194,4.08420834637246,-63.96875));
#5815=CARTESIAN_POINT('Ctrl Pts',(-1.20880882896121,3.98491375152805,-63.796875));
#5816=CARTESIAN_POINT('Ctrl Pts',(-2.94455290693807,2.94454905802373,-63.6249999999999));
#5817=CARTESIAN_POINT('Ctrl Pts',(-3.9849082808357,1.20881268091333,-63.4531250000001));
#5818=CARTESIAN_POINT('Ctrl Pts',(-4.08421774862971,-0.812404404651722,
-63.28125));
#5819=CARTESIAN_POINT('Ctrl Pts',(-3.21897087343224,-2.64174611080106,-63.1093750000001));
#5820=CARTESIAN_POINT('Ctrl Pts',(-1.59361163168509,-3.84725765538027,-62.9374999999999));
#5821=CARTESIAN_POINT('Ctrl Pts',(0.408226971337004,-4.14413858538413,-62.765625));
#5822=CARTESIAN_POINT('Ctrl Pts',(2.31339915765489,-3.46248779328823,-62.5937500000001));
#5823=CARTESIAN_POINT('Ctrl Pts',(3.67276183708895,-1.96287378417796,-62.4218749999999));
#5824=CARTESIAN_POINT('Ctrl Pts',(4.,-0.654498469497881,-62.3072916666667));
#5825=CARTESIAN_POINT('Ctrl Pts',(4.,-4.89858719658941E-15,-62.25));
#5826=CARTESIAN_POINT('Ctrl Pts',(4.,0.,-73.1752001749145));
#5827=CARTESIAN_POINT('Ctrl Pts',(4.,0.654401165315665,-73.1179085082479));
#5828=CARTESIAN_POINT('Ctrl Pts',(3.67276122191565,1.96294078588849,-73.0033251749146));
#5829=CARTESIAN_POINT('Ctrl Pts',(2.31339908193655,3.46245538405363,-72.8314501749145));
#5830=CARTESIAN_POINT('Ctrl Pts',(0.408226863628655,4.14415474392725,-72.6595751749146));
#5831=CARTESIAN_POINT('Ctrl Pts',(-1.5936114489207,3.84724862126018,-72.4877001749145));
#5832=CARTESIAN_POINT('Ctrl Pts',(-3.21897059846336,2.64175044687553,-72.3158251749146));
#5833=CARTESIAN_POINT('Ctrl Pts',(-4.084217364711,0.812401914316689,-72.1439501749144));
#5834=CARTESIAN_POINT('Ctrl Pts',(-3.98490792172976,-1.208811294935,-71.9720751749146));
#5835=CARTESIAN_POINT('Ctrl Pts',(-2.94455263470113,-2.94454946196141,-71.8002001749146));
#5836=CARTESIAN_POINT('Ctrl Pts',(-1.20880871989369,-3.9849130315328,-71.6283251749145));
#5837=CARTESIAN_POINT('Ctrl Pts',(0.812398849921344,-4.0842081604023,-71.4564501749145));
#5838=CARTESIAN_POINT('Ctrl Pts',(2.64175529457919,-3.21898778639618,-71.2845751749145));
#5839=CARTESIAN_POINT('Ctrl Pts',(3.84723994069584,-1.59357899085467,-71.1127001749146));
#5840=CARTESIAN_POINT('Ctrl Pts',(4.14417094834712,0.408165175286134,-70.9408251749144));
#5841=CARTESIAN_POINT('Ctrl Pts',(3.46242459264705,2.31351819884076,-70.7689501749146));
#5842=CARTESIAN_POINT('Ctrl Pts',(1.96300102839118,3.67251655504325,-70.5970751749144));
#5843=CARTESIAN_POINT('Ctrl Pts',(-1.51686375700687E-8,4.16422271980433,
-70.4252001749147));
#5844=CARTESIAN_POINT('Ctrl Pts',(-1.96300099165077,3.67251656047402,-70.2533251749143));
#5845=CARTESIAN_POINT('Ctrl Pts',(-3.46242465129978,2.31351818568672,-70.0814501749147));
#5846=CARTESIAN_POINT('Ctrl Pts',(-4.14417084302304,0.408165201716153,-69.9095751749144));
#5847=CARTESIAN_POINT('Ctrl Pts',(-3.84724013715167,-1.59357904171754,-69.7377001749146));
#5848=CARTESIAN_POINT('Ctrl Pts',(-2.64175492406187,-3.21898768962974,-69.5658251749144));
#5849=CARTESIAN_POINT('Ctrl Pts',(-0.812399550906434,-4.08420834392025,
-69.3939501749146));
#5850=CARTESIAN_POINT('Ctrl Pts',(1.20881004725362,-3.98491268379496,-69.2220751749144));
#5851=CARTESIAN_POINT('Ctrl Pts',(2.94455012064255,-2.9445501207101,-69.0502001749146));
#5852=CARTESIAN_POINT('Ctrl Pts',(3.98491268379786,-1.20881004709292,-68.8783251749145));
#5853=CARTESIAN_POINT('Ctrl Pts',(4.08420834398079,0.812399550584721,-68.7064501749145));
#5854=CARTESIAN_POINT('Ctrl Pts',(3.21898768948023,2.64175492468039,-68.5345751749146));
#5855=CARTESIAN_POINT('Ctrl Pts',(1.59357904201915,3.84724013597525,-68.3627001749145));
#5856=CARTESIAN_POINT('Ctrl Pts',(-0.408165202297164,4.14417084525394,-68.1908251749146));
#5857=CARTESIAN_POINT('Ctrl Pts',(-2.31351818458103,3.46242464707266,-68.0189501749145));
#5858=CARTESIAN_POINT('Ctrl Pts',(-3.67251656257112,1.96300099965851,-67.8470751749145));
#5859=CARTESIAN_POINT('Ctrl Pts',(-4.16422271583057,4.57528489614382E-15,
-67.6752001749146));
#5860=CARTESIAN_POINT('Ctrl Pts',(-3.67251656257112,-1.9630009996585,-67.5033251749144));
#5861=CARTESIAN_POINT('Ctrl Pts',(-2.31351818458104,-3.46242464707266,-67.3314501749146));
#5862=CARTESIAN_POINT('Ctrl Pts',(-0.408165202297162,-4.14417084525393,
-67.1595751749145));
#5863=CARTESIAN_POINT('Ctrl Pts',(1.59357904201914,-3.84724013597526,-66.9877001749146));
#5864=CARTESIAN_POINT('Ctrl Pts',(3.21898768948023,-2.64175492468039,-66.8158251749145));
#5865=CARTESIAN_POINT('Ctrl Pts',(4.08420834398078,-0.812399550584729,-66.6439501749146));
#5866=CARTESIAN_POINT('Ctrl Pts',(3.98491268379786,1.20881004709292,-66.4720751749144));
#5867=CARTESIAN_POINT('Ctrl Pts',(2.94455012064255,2.94455012071009,-66.3002001749146));
#5868=CARTESIAN_POINT('Ctrl Pts',(1.20881004725362,3.98491268379496,-66.1283251749145));
#5869=CARTESIAN_POINT('Ctrl Pts',(-0.812399550906435,4.08420834392025,-65.9564501749145));
#5870=CARTESIAN_POINT('Ctrl Pts',(-2.64175492406188,3.21898768962974,-65.7845751749145));
#5871=CARTESIAN_POINT('Ctrl Pts',(-3.84724013715167,1.59357904171754,-65.6127001749146));
#5872=CARTESIAN_POINT('Ctrl Pts',(-4.14417084302304,-0.408165201716154,
-65.4408251749145));
#5873=CARTESIAN_POINT('Ctrl Pts',(-3.46242465129978,-2.31351818568672,-65.2689501749145));
#5874=CARTESIAN_POINT('Ctrl Pts',(-1.96300099165078,-3.67251656047402,-65.0970751749146));
#5875=CARTESIAN_POINT('Ctrl Pts',(-1.5168645192726E-8,-4.16422271980434,
-64.9252001749145));
#5876=CARTESIAN_POINT('Ctrl Pts',(1.96300102839117,-3.67251655504324,-64.7533251749146));
#5877=CARTESIAN_POINT('Ctrl Pts',(3.46242459264704,-2.31351819884077,-64.5814501749144));
#5878=CARTESIAN_POINT('Ctrl Pts',(4.14417094834713,-0.408165175286146,-64.4095751749146));
#5879=CARTESIAN_POINT('Ctrl Pts',(3.84723994069584,1.59357899085466,-64.2377001749145));
#5880=CARTESIAN_POINT('Ctrl Pts',(2.6417552945792,3.21898778639617,-64.0658251749145));
#5881=CARTESIAN_POINT('Ctrl Pts',(0.812398849921354,4.08420816040231,-63.8939501749146));
#5882=CARTESIAN_POINT('Ctrl Pts',(-1.20880871989368,3.9849130315328,-63.7220751749145));
#5883=CARTESIAN_POINT('Ctrl Pts',(-2.94455263470113,2.94454946196143,-63.5502001749145));
#5884=CARTESIAN_POINT('Ctrl Pts',(-3.98490792172976,1.20881129493501,-63.3783251749146));
#5885=CARTESIAN_POINT('Ctrl Pts',(-4.08421736471101,-0.812401914316681,
-63.2064501749145));
#5886=CARTESIAN_POINT('Ctrl Pts',(-3.21897059846336,-2.64175044687552,-63.0345751749146));
#5887=CARTESIAN_POINT('Ctrl Pts',(-1.59361144892071,-3.84724862126018,-62.8627001749144));
#5888=CARTESIAN_POINT('Ctrl Pts',(0.40822686362865,-4.14415474392724,-62.6908251749145));
#5889=CARTESIAN_POINT('Ctrl Pts',(2.31339908193655,-3.46245538405364,-62.5189501749146));
#5890=CARTESIAN_POINT('Ctrl Pts',(3.67276122191564,-1.96294078588849,-62.3470751749145));
#5891=CARTESIAN_POINT('Ctrl Pts',(4.,-0.654401165315672,-62.2324918415812));
#5892=CARTESIAN_POINT('Ctrl Pts',(4.,-4.89858719658941E-15,-62.1752001749145));
#5893=CARTESIAN_POINT('Ctrl Pts',(4.07125015471531,0.,-73.0264998652956));
#5894=CARTESIAN_POINT('Ctrl Pts',(4.07125015471531,0.666233131602622,-72.9692081986289));
#5895=CARTESIAN_POINT('Ctrl Pts',(3.73818353227507,1.99778495371333,-72.8546248652956));
#5896=CARTESIAN_POINT('Ctrl Pts',(2.35460672906832,3.52418893195339,-72.6827498652956));
#5897=CARTESIAN_POINT('Ctrl Pts',(0.415498614603659,4.21794352993334,-72.5108748652956));
#5898=CARTESIAN_POINT('Ctrl Pts',(-1.62199804398169,3.91579417286729,-72.3389998652956));
#5899=CARTESIAN_POINT('Ctrl Pts',(-3.27630913246907,2.68879891180463,-72.1671248652955));
#5900=CARTESIAN_POINT('Ctrl Pts',(-4.15696833662222,0.826877344420325,-71.9952498652957));
#5901=CARTESIAN_POINT('Ctrl Pts',(-4.05588989561423,-1.23034579152656,-71.8233748652955));
#5902=CARTESIAN_POINT('Ctrl Pts',(-2.99700308318799,-2.99699863492446,-71.6514998652957));
#5903=CARTESIAN_POINT('Ctrl Pts',(-1.23034086859931,-4.05589574704794,-71.4796248652956));
#5904=CARTESIAN_POINT('Ctrl Pts',(0.82686986839815,-4.15695861149931,-71.3077498652956));
#5905=CARTESIAN_POINT('Ctrl Pts',(2.68881209938488,-3.27632684032471,-71.1358748652955));
#5906=CARTESIAN_POINT('Ctrl Pts',(3.91576968503387,-1.62196484679395,-70.9639998652956));
#5907=CARTESIAN_POINT('Ctrl Pts',(4.21798983732775,0.415435650796417,-70.7921248652955));
#5908=CARTESIAN_POINT('Ctrl Pts',(3.5240997355395,2.35472823906721,-70.6202498652958));
#5909=CARTESIAN_POINT('Ctrl Pts',(1.99796738393453,3.73793399002937,-70.4483748652954));
#5910=CARTESIAN_POINT('Ctrl Pts',(-1.54700376823031E-8,4.23839879215848,
-70.2764998652956));
#5911=CARTESIAN_POINT('Ctrl Pts',(-1.99796734646409,3.73793400556346,-70.1046248652956));
#5912=CARTESIAN_POINT('Ctrl Pts',(-3.52409979535766,2.35472820144164,-69.9327498652956));
#5913=CARTESIAN_POINT('Ctrl Pts',(-4.21798972991088,0.415435726396327,-69.7608748652956));
#5914=CARTESIAN_POINT('Ctrl Pts',(-3.91576988539326,-1.62196499228112,-69.5889998652956));
#5915=CARTESIAN_POINT('Ctrl Pts',(-2.68881172150541,-3.27632656353588,-69.4171248652957));
#5916=CARTESIAN_POINT('Ctrl Pts',(-0.826870583311774,-4.15695913643053,
-69.2452498652955));
#5917=CARTESIAN_POINT('Ctrl Pts',(1.2303422223338,-4.05589475238499,-69.0733748652957));
#5918=CARTESIAN_POINT('Ctrl Pts',(2.99700051917521,-2.99700051919997,-68.9014998652955));
#5919=CARTESIAN_POINT('Ctrl Pts',(4.05589475230433,-1.23034222219321,-68.7296248652956));
#5920=CARTESIAN_POINT('Ctrl Pts',(4.15695913665065,0.826870582995963,-68.5577498652956));
#5921=CARTESIAN_POINT('Ctrl Pts',(3.2763265630834,2.68881172212973,-68.3858748652955));
#5922=CARTESIAN_POINT('Ctrl Pts',(1.62196499315699,3.91576988419688,-68.2139998652957));
#5923=CARTESIAN_POINT('Ctrl Pts',(-0.415435728065302,4.21798973218434,-68.0421248652957));
#5924=CARTESIAN_POINT('Ctrl Pts',(-2.35472819827502,3.52409979104742,-67.8702498652954));
#5925=CARTESIAN_POINT('Ctrl Pts',(-3.73793401156443,1.99796735463058,-67.6983748652957));
#5926=CARTESIAN_POINT('Ctrl Pts',(-4.23839878078995,1.01672997692085E-15,
-67.5264998652955));
#5927=CARTESIAN_POINT('Ctrl Pts',(-3.73793401156443,-1.99796735463056,-67.3546248652956));
#5928=CARTESIAN_POINT('Ctrl Pts',(-2.35472819827503,-3.52409979104743,-67.1827498652957));
#5929=CARTESIAN_POINT('Ctrl Pts',(-0.4154357280653,-4.21798973218434,-67.0108748652955));
#5930=CARTESIAN_POINT('Ctrl Pts',(1.62196499315697,-3.91576988419689,-66.8389998652957));
#5931=CARTESIAN_POINT('Ctrl Pts',(3.2763265630834,-2.68881172212973,-66.6671248652956));
#5932=CARTESIAN_POINT('Ctrl Pts',(4.15695913665064,-0.826870582995972,-66.4952498652956));
#5933=CARTESIAN_POINT('Ctrl Pts',(4.05589475230433,1.23034222219321,-66.3233748652956));
#5934=CARTESIAN_POINT('Ctrl Pts',(2.99700051917522,2.99700051919996,-66.1514998652956));
#5935=CARTESIAN_POINT('Ctrl Pts',(1.2303422223338,4.05589475238499,-65.9796248652957));
#5936=CARTESIAN_POINT('Ctrl Pts',(-0.826870583311772,4.15695913643053,-65.8077498652955));
#5937=CARTESIAN_POINT('Ctrl Pts',(-2.68881172150542,3.27632656353589,-65.6358748652956));
#5938=CARTESIAN_POINT('Ctrl Pts',(-3.91576988539325,1.62196499228111,-65.4639998652958));
#5939=CARTESIAN_POINT('Ctrl Pts',(-4.21798972991088,-0.415435726396321,
-65.2921248652954));
#5940=CARTESIAN_POINT('Ctrl Pts',(-3.52409979535766,-2.35472820144164,-65.1202498652956));
#5941=CARTESIAN_POINT('Ctrl Pts',(-1.9979673464641,-3.73793400556345,-64.9483748652956));
#5942=CARTESIAN_POINT('Ctrl Pts',(-1.54700453049044E-8,-4.23839879215848,
-64.7764998652956));
#5943=CARTESIAN_POINT('Ctrl Pts',(1.99796738393452,-3.73793399002937,-64.6046248652956));
#5944=CARTESIAN_POINT('Ctrl Pts',(3.52409973553951,-2.35472823906722,-64.4327498652955));
#5945=CARTESIAN_POINT('Ctrl Pts',(4.21798983732775,-0.415435650796427,-64.2608748652957));
#5946=CARTESIAN_POINT('Ctrl Pts',(3.91576968503388,1.62196484679393,-64.0889998652955));
#5947=CARTESIAN_POINT('Ctrl Pts',(2.68881209938489,3.27632684032472,-63.9171248652956));
#5948=CARTESIAN_POINT('Ctrl Pts',(0.826869868398165,4.1569586114993,-63.7452498652956));
#5949=CARTESIAN_POINT('Ctrl Pts',(-1.23034086859931,4.05589574704795,-63.5733748652956));
#5950=CARTESIAN_POINT('Ctrl Pts',(-2.99700308318798,2.99699863492446,-63.4014998652957));
#5951=CARTESIAN_POINT('Ctrl Pts',(-4.05588989561422,1.23034579152656,-63.2296248652955));
#5952=CARTESIAN_POINT('Ctrl Pts',(-4.15696833662223,-0.826877344420318,
-63.0577498652957));
#5953=CARTESIAN_POINT('Ctrl Pts',(-3.27630913246907,-2.68879891180462,-62.8858748652956));
#5954=CARTESIAN_POINT('Ctrl Pts',(-1.62199804398169,-3.91579417286728,-62.7139998652955));
#5955=CARTESIAN_POINT('Ctrl Pts',(0.415498614603652,-4.21794352993334,-62.5421248652956));
#5956=CARTESIAN_POINT('Ctrl Pts',(2.35460672906832,-3.52418893195341,-62.3702498652955));
#5957=CARTESIAN_POINT('Ctrl Pts',(3.73818353227507,-1.99778495371333,-62.1983748652956));
#5958=CARTESIAN_POINT('Ctrl Pts',(4.07125015471531,-0.666233131602629,-62.0837915319623));
#5959=CARTESIAN_POINT('Ctrl Pts',(4.07125015471531,-4.98584347050027E-15,
-62.0264998652957));
#5960=CARTESIAN_POINT('Ctrl Pts',(4.3137884534725,0.,-72.970882400428));
#5961=CARTESIAN_POINT('Ctrl Pts',(4.3137884534725,0.70581281607693,-72.9135907337614));
#5962=CARTESIAN_POINT('Ctrl Pts',(3.96087921688555,2.11687565168091,-72.7990074004282));
#5963=CARTESIAN_POINT('Ctrl Pts',(2.49487862094295,3.73410025036712,-72.6271324004279));
#5964=CARTESIAN_POINT('Ctrl Pts',(0.440251166549471,4.46923913868171,-72.4552574004281));
#5965=CARTESIAN_POINT('Ctrl Pts',(-1.71862580923302,4.14906120465316,-72.2833824004279));
#5966=CARTESIAN_POINT('Ctrl Pts',(-3.47148976404113,2.84898476727805,-72.1115074004281));
#5967=CARTESIAN_POINT('Ctrl Pts',(-4.40461272628853,0.876134438551809,-71.9396324004279));
#5968=CARTESIAN_POINT('Ctrl Pts',(-4.29751272485414,-1.30364013085644,-71.7677574004281));
#5969=CARTESIAN_POINT('Ctrl Pts',(-3.17554450103811,-3.17554055288567,-71.595882400428));
#5970=CARTESIAN_POINT('Ctrl Pts',(-1.30363635951175,-4.29751851652205,-71.424007400428));
#5971=CARTESIAN_POINT('Ctrl Pts',(0.876129251848554,-4.40460264579076,-71.252132400428));
#5972=CARTESIAN_POINT('Ctrl Pts',(2.84899356017362,-3.47150839264684,-71.0802574004281));
#5973=CARTESIAN_POINT('Ctrl Pts',(4.14904508235622,-1.71859073540228,-70.908382400428));
#5974=CARTESIAN_POINT('Ctrl Pts',(4.46926949184375,0.440184562639891,-70.736507400428));
#5975=CARTESIAN_POINT('Ctrl Pts',(3.73404205378672,2.49500719941439,-70.5646324004278));
#5976=CARTESIAN_POINT('Ctrl Pts',(2.11699293246378,3.96061513319654,-70.3927574004281));
#5977=CARTESIAN_POINT('Ctrl Pts',(-1.63720571332053E-8,4.49089427138984,
-70.2208824004281));
#5978=CARTESIAN_POINT('Ctrl Pts',(-2.11699289280854,3.96061514337543,-70.0490074004278));
#5979=CARTESIAN_POINT('Ctrl Pts',(-3.73404211709272,2.49500717475979,-69.8771324004283));
#5980=CARTESIAN_POINT('Ctrl Pts',(-4.4692693781637,0.440184612177619,-69.7052574004277));
#5981=CARTESIAN_POINT('Ctrl Pts',(-4.14904529439801,-1.71859083073446,-69.5333824004282));
#5982=CARTESIAN_POINT('Ctrl Pts',(-2.84899316026104,-3.47150821127769,-69.3615074004278));
#5983=CARTESIAN_POINT('Ctrl Pts',(-0.876130008446827,-4.40460298975813,
-69.1896324004282));
#5984=CARTESIAN_POINT('Ctrl Pts',(1.30363779217878,-4.2975178647575,-69.017757400428));
#5985=CARTESIAN_POINT('Ctrl Pts',(3.17554178752479,-3.17554178757863,-68.845882400428));
#5986=CARTESIAN_POINT('Ctrl Pts',(4.2975178647245,-1.3036377920154,-68.6740074004281));
#5987=CARTESIAN_POINT('Ctrl Pts',(4.40460298989187,0.876130008104905,-68.5021324004279));
#5988=CARTESIAN_POINT('Ctrl Pts',(3.47150821098674,2.84899316092581,-68.3302574004283));
#5989=CARTESIAN_POINT('Ctrl Pts',(1.71859083130544,4.14904529312975,-68.1583824004278));
#5990=CARTESIAN_POINT('Ctrl Pts',(-0.440184613269661,4.46926938057081,-67.9865074004281));
#5991=CARTESIAN_POINT('Ctrl Pts',(-2.4950071726857,3.73404211253062,-67.814632400428));
#5992=CARTESIAN_POINT('Ctrl Pts',(-3.96061514730709,2.11699290145142,-67.642757400428));
#5993=CARTESIAN_POINT('Ctrl Pts',(-4.49089426394094,9.15056979228763E-15,
-67.470882400428));
#5994=CARTESIAN_POINT('Ctrl Pts',(-3.96061514730709,-2.11699290145142,-67.2990074004281));
#5995=CARTESIAN_POINT('Ctrl Pts',(-2.49500717268571,-3.73404211253061,-67.127132400428));
#5996=CARTESIAN_POINT('Ctrl Pts',(-0.440184613269662,-4.46926938057082,
-66.955257400428));
#5997=CARTESIAN_POINT('Ctrl Pts',(1.71859083130544,-4.14904529312975,-66.7833824004279));
#5998=CARTESIAN_POINT('Ctrl Pts',(3.47150821098674,-2.84899316092582,-66.6115074004282));
#5999=CARTESIAN_POINT('Ctrl Pts',(4.40460298989187,-0.87613000810491,-66.4396324004279));
#6000=CARTESIAN_POINT('Ctrl Pts',(4.29751786472451,1.30363779201539,-66.267757400428));
#6001=CARTESIAN_POINT('Ctrl Pts',(3.17554178752478,3.17554178757863,-66.0958824004281));
#6002=CARTESIAN_POINT('Ctrl Pts',(1.30363779217879,4.29751786475749,-65.9240074004279));
#6003=CARTESIAN_POINT('Ctrl Pts',(-0.876130008446831,4.40460298975813,-65.7521324004282));
#6004=CARTESIAN_POINT('Ctrl Pts',(-2.84899316026104,3.47150821127768,-65.5802574004278));
#6005=CARTESIAN_POINT('Ctrl Pts',(-4.14904529439802,1.71859083073446,-65.4083824004282));
#6006=CARTESIAN_POINT('Ctrl Pts',(-4.4692693781637,-0.440184612177628,-65.2365074004279));
#6007=CARTESIAN_POINT('Ctrl Pts',(-3.73404211709271,-2.49500717475979,-65.0646324004281));
#6008=CARTESIAN_POINT('Ctrl Pts',(-2.11699289280855,-3.96061514337543,-64.8927574004279));
#6009=CARTESIAN_POINT('Ctrl Pts',(-1.63720635694541E-8,-4.49089427138984,
-64.7208824004281));
#6010=CARTESIAN_POINT('Ctrl Pts',(2.11699293246378,-3.96061513319653,-64.5490074004279));
#6011=CARTESIAN_POINT('Ctrl Pts',(3.7340420537867,-2.4950071994144,-64.3771324004282));
#6012=CARTESIAN_POINT('Ctrl Pts',(4.46926949184375,-0.440184562639906,-64.2052574004279));
#6013=CARTESIAN_POINT('Ctrl Pts',(4.14904508235623,1.71859073540226,-64.0333824004281));
#6014=CARTESIAN_POINT('Ctrl Pts',(2.84899356017363,3.47150839264683,-63.8615074004279));
#6015=CARTESIAN_POINT('Ctrl Pts',(0.876129251848569,4.40460264579076,-63.6896324004281));
#6016=CARTESIAN_POINT('Ctrl Pts',(-1.30363635951174,4.29751851652204,-63.517757400428));
#6017=CARTESIAN_POINT('Ctrl Pts',(-3.1755445010381,3.17554055288569,-63.345882400428));
#6018=CARTESIAN_POINT('Ctrl Pts',(-4.29751272485414,1.30364013085645,-63.1740074004281));
#6019=CARTESIAN_POINT('Ctrl Pts',(-4.40461272628853,-0.876134438551797,
-63.002132400428));
#6020=CARTESIAN_POINT('Ctrl Pts',(-3.47148976404114,-2.84898476727804,-62.8302574004279));
#6021=CARTESIAN_POINT('Ctrl Pts',(-1.71862580923303,-4.14906120465317,-62.6583824004281));
#6022=CARTESIAN_POINT('Ctrl Pts',(0.440251166549467,-4.4692391386817,-62.486507400428));
#6023=CARTESIAN_POINT('Ctrl Pts',(2.49487862094294,-3.73410025036712,-62.3146324004281));
#6024=CARTESIAN_POINT('Ctrl Pts',(3.96087921688554,-2.11687565168093,-62.1427574004281));
#6025=CARTESIAN_POINT('Ctrl Pts',(4.3137884534725,-0.705812816076938,-62.0281740670946));
#6026=CARTESIAN_POINT('Ctrl Pts',(4.3137884534725,-5.2828672217439E-15,
-61.9708824004279));
#6027=CARTESIAN_POINT('Ctrl Pts',(4.50781704536026,0.,-73.1258957505504));
#6028=CARTESIAN_POINT('Ctrl Pts',(4.50781704536026,0.737597748670694,-73.0686040838838));
#6029=CARTESIAN_POINT('Ctrl Pts',(4.1390346531993,2.21206352927734,-72.9540207505505));
#6030=CARTESIAN_POINT('Ctrl Pts',(2.60709504505451,3.90206800788842,-72.7821457505504));
#6031=CARTESIAN_POINT('Ctrl Pts',(0.460053133697326,4.67025332492545,-72.6102707505505));
#6032=CARTESIAN_POINT('Ctrl Pts',(-1.7959274341047,4.33568414354792,-72.4383957505504));
#6033=CARTESIAN_POINT('Ctrl Pts',(-3.62763296529503,2.97712668448536,-72.2665207505506));
#6034=CARTESIAN_POINT('Ctrl Pts',(-4.60272662726603,0.915542808182099,-72.0946457505504));
#6035=CARTESIAN_POINT('Ctrl Pts',(-4.49080939732727,-1.36227671457727,-71.9227707505506));
#6036=CARTESIAN_POINT('Ctrl Pts',(-3.31837646834407,-3.31837207583039,-71.7508957505503));
#6037=CARTESIAN_POINT('Ctrl Pts',(-1.36227226980896,-4.49081559188241,-71.5790207505505));
#6038=CARTESIAN_POINT('Ctrl Pts',(0.915536434655019,-4.60271601526181,-71.4071457505505));
#6039=CARTESIAN_POINT('Ctrl Pts',(2.97713767914687,-3.62765247857273,-71.2352707505504));
#6040=CARTESIAN_POINT('Ctrl Pts',(4.335663870531,-1.79589074747256,-71.0633957505503));
#6041=CARTESIAN_POINT('Ctrl Pts',(4.67029156815879,0.459983495373403,-70.8915207505506));
#6042=CARTESIAN_POINT('Ctrl Pts',(3.90199453187892,2.60722946619637,-70.7196457505505));
#6043=CARTESIAN_POINT('Ctrl Pts',(2.21221259097046,4.13875857817334,-70.5477707505504));
#6044=CARTESIAN_POINT('Ctrl Pts',(-1.71152767486277E-8,4.69288900443264,
-70.3758957505504));
#6045=CARTESIAN_POINT('Ctrl Pts',(-2.21221254951505,4.13875859099999,-70.2040207505505));
#6046=CARTESIAN_POINT('Ctrl Pts',(-3.90199459805874,2.60722943512856,-70.0321457505505));
#6047=CARTESIAN_POINT('Ctrl Pts',(-4.67029144931811,0.459983557797013,-69.8602707505505));
#6048=CARTESIAN_POINT('Ctrl Pts',(-4.33566409219864,-1.79589086760278,-69.6883957505505));
#6049=CARTESIAN_POINT('Ctrl Pts',(-2.9771372610799,-3.62765225002539,-69.5165207505505));
#6050=CARTESIAN_POINT('Ctrl Pts',(-0.915537225599728,-4.6027164487028,-69.3446457505504));
#6051=CARTESIAN_POINT('Ctrl Pts',(1.36227376751315,-4.49081477057925,-69.1727707505505));
#6052=CARTESIAN_POINT('Ctrl Pts',(3.31837363164846,-3.31837363169511,-69.0008957505505));
#6053=CARTESIAN_POINT('Ctrl Pts',(4.49081477052649,-1.36227376734744,-68.8290207505504));
#6054=CARTESIAN_POINT('Ctrl Pts',(4.60271644887724,0.915537225244969,-68.6571457505505));
#6055=CARTESIAN_POINT('Ctrl Pts',(3.62765224965564,2.97713726177344,-68.4852707505504));
#6056=CARTESIAN_POINT('Ctrl Pts',(1.79589086832395,4.33566409087353,-68.3133957505505));
#6057=CARTESIAN_POINT('Ctrl Pts',(-0.459983559174001,4.67029145183414,-68.1415207505506));
#6058=CARTESIAN_POINT('Ctrl Pts',(-2.60722943251446,3.90199459328973,-67.9696457505502));
#6059=CARTESIAN_POINT('Ctrl Pts',(-4.13875859595467,2.21221255855019,-67.7977707505506));
#6060=CARTESIAN_POINT('Ctrl Pts',(-4.69288899504585,7.28656483459941E-15,
-67.6258957505504));
#6061=CARTESIAN_POINT('Ctrl Pts',(-4.13875859595468,-2.21221255855019,-67.4540207505504));
#6062=CARTESIAN_POINT('Ctrl Pts',(-2.60722943251447,-3.90199459328972,-67.2821457505505));
#6063=CARTESIAN_POINT('Ctrl Pts',(-0.459983559174006,-4.67029145183414,
-67.1102707505504));
#6064=CARTESIAN_POINT('Ctrl Pts',(1.79589086832395,-4.33566409087353,-66.9383957505506));
#6065=CARTESIAN_POINT('Ctrl Pts',(3.62765224965563,-2.97713726177344,-66.7665207505504));
#6066=CARTESIAN_POINT('Ctrl Pts',(4.60271644887725,-0.915537225244976,-66.5946457505505));
#6067=CARTESIAN_POINT('Ctrl Pts',(4.49081477052649,1.36227376734744,-66.4227707505505));
#6068=CARTESIAN_POINT('Ctrl Pts',(3.31837363164848,3.3183736316951,-66.2508957505505));
#6069=CARTESIAN_POINT('Ctrl Pts',(1.36227376751315,4.49081477057926,-66.0790207505503));
#6070=CARTESIAN_POINT('Ctrl Pts',(-0.915537225599727,4.60271644870279,-65.9071457505505));
#6071=CARTESIAN_POINT('Ctrl Pts',(-2.97713726107991,3.6276522500254,-65.7352707505504));
#6072=CARTESIAN_POINT('Ctrl Pts',(-4.33566409219862,1.79589086760278,-65.5633957505505));
#6073=CARTESIAN_POINT('Ctrl Pts',(-4.67029144931813,-0.459983557797008,
-65.3915207505504));
#6074=CARTESIAN_POINT('Ctrl Pts',(-3.90199459805874,-2.60722943512855,-65.2196457505505));
#6075=CARTESIAN_POINT('Ctrl Pts',(-2.21221254951505,-4.138758591,-65.0477707505505));
#6076=CARTESIAN_POINT('Ctrl Pts',(-1.71152833541935E-8,-4.69288900443263,
-64.8758957505505));
#6077=CARTESIAN_POINT('Ctrl Pts',(2.21221259097045,-4.13875857817335,-64.7040207505505));
#6078=CARTESIAN_POINT('Ctrl Pts',(3.90199453187892,-2.60722946619638,-64.5321457505503));
#6079=CARTESIAN_POINT('Ctrl Pts',(4.67029156815878,-0.45998349537342,-64.3602707505506));
#6080=CARTESIAN_POINT('Ctrl Pts',(4.33566387053102,1.79589074747255,-64.1883957505503));
#6081=CARTESIAN_POINT('Ctrl Pts',(2.97713767914687,3.62765247857273,-64.0165207505506));
#6082=CARTESIAN_POINT('Ctrl Pts',(0.915536434655036,4.6027160152618,-63.8446457505503));
#6083=CARTESIAN_POINT('Ctrl Pts',(-1.36227226980896,4.49081559188242,-63.6727707505506));
#6084=CARTESIAN_POINT('Ctrl Pts',(-3.31837646834406,3.3183720758304,-63.5008957505504));
#6085=CARTESIAN_POINT('Ctrl Pts',(-4.49080939732726,1.36227671457728,-63.3290207505504));
#6086=CARTESIAN_POINT('Ctrl Pts',(-4.60272662726604,-0.91554280818209,-63.1571457505505));
#6087=CARTESIAN_POINT('Ctrl Pts',(-3.62763296529503,-2.97712668448535,-62.9852707505505));
#6088=CARTESIAN_POINT('Ctrl Pts',(-1.79592743410471,-4.33568414354791,-62.8133957505504));
#6089=CARTESIAN_POINT('Ctrl Pts',(0.460053133697324,-4.67025332492544,-62.6415207505504));
#6090=CARTESIAN_POINT('Ctrl Pts',(2.60709504505451,-3.90206800788845,-62.4696457505505));
#6091=CARTESIAN_POINT('Ctrl Pts',(4.1390346531993,-2.21206352927734,-62.2977707505502));
#6092=CARTESIAN_POINT('Ctrl Pts',(4.50781704536026,-0.737597748670703,-62.1831874172173));
#6093=CARTESIAN_POINT('Ctrl Pts',(4.50781704536026,-5.52048371574233E-15,
-62.1258957505506));
#6094=CARTESIAN_POINT('Ctrl Pts',(4.50782360089404,0.,-73.3741045587874));
#6095=CARTESIAN_POINT('Ctrl Pts',(4.50782360089404,0.737599453038093,-73.3168128921207));
#6096=CARTESIAN_POINT('Ctrl Pts',(4.13904067642172,2.21206631120848,-73.2022295587876));
#6097=CARTESIAN_POINT('Ctrl Pts',(2.60709883693768,3.90207389291041,-73.0303545587872));
#6098=CARTESIAN_POINT('Ctrl Pts',(0.460053803433014,4.67026001178067,-72.8584795587876));
#6099=CARTESIAN_POINT('Ctrl Pts',(-1.79593004703497,4.33569050740632,-72.6866045587873));
#6100=CARTESIAN_POINT('Ctrl Pts',(-3.62763824259827,2.97713098584856,-72.5147295587876));
#6101=CARTESIAN_POINT('Ctrl Pts',(-4.60273332331537,0.915544155786049,-72.3428545587872));
#6102=CARTESIAN_POINT('Ctrl Pts',(-4.49081593045886,-1.36227870467845,-72.1709795587875));
#6103=CARTESIAN_POINT('Ctrl Pts',(-3.31838129589051,-3.31837689898064,-71.9991045587874));
#6104=CARTESIAN_POINT('Ctrl Pts',(-1.36227425161383,-4.49082212736596,-71.8272295587875));
#6105=CARTESIAN_POINT('Ctrl Pts',(0.915537766559466,-4.60272271001061,-71.6553545587873));
#6106=CARTESIAN_POINT('Ctrl Pts',(2.97714201024798,-3.62765775667412,-71.4834795587875));
#6107=CARTESIAN_POINT('Ctrl Pts',(4.3356701779929,-1.79589335976984,-71.3116045587875));
#6108=CARTESIAN_POINT('Ctrl Pts',(4.67029836243459,0.45998416437173,-71.1397295587873));
#6109=CARTESIAN_POINT('Ctrl Pts',(3.90200020844575,2.60723325925207,-70.9678545587874));
#6110=CARTESIAN_POINT('Ctrl Pts',(2.2122158092667,4.13876459913166,-70.7959795587873));
#6111=CARTESIAN_POINT('Ctrl Pts',(-1.71154180740946E-8,4.69289583160847,
-70.6241045587876));
#6112=CARTESIAN_POINT('Ctrl Pts',(-2.21221576781094,4.13876461199437,-70.4522295587872));
#6113=CARTESIAN_POINT('Ctrl Pts',(-3.9020002746261,2.60723322809693,-70.2803545587876));
#6114=CARTESIAN_POINT('Ctrl Pts',(-4.67029824359298,0.459984226970798,-70.1084795587872));
#6115=CARTESIAN_POINT('Ctrl Pts',(-4.33567039966228,-1.79589348023773,-69.9366045587875));
#6116=CARTESIAN_POINT('Ctrl Pts',(-2.97714159217767,-3.62765752748439,-69.7647295587873));
#6117=CARTESIAN_POINT('Ctrl Pts',(-0.91553855751051,-4.60272314466993,-69.5928545587875));
#6118=CARTESIAN_POINT('Ctrl Pts',(1.36227574933003,-4.49082130375425,-69.4209795587874));
#6119=CARTESIAN_POINT('Ctrl Pts',(3.31837845917216,-3.31837845921863,-69.2491045587873));
#6120=CARTESIAN_POINT('Ctrl Pts',(4.49082130370117,-1.36227574916441,-69.0772295587874));
#6121=CARTESIAN_POINT('Ctrl Pts',(4.60272314484494,0.915538557155804,-68.9053545587874));
#6122=CARTESIAN_POINT('Ctrl Pts',(3.62765752711354,2.97714159287118,-68.7334795587875));
#6123=CARTESIAN_POINT('Ctrl Pts',(1.79589348096094,4.3356703983372,-68.5616045587873));
#6124=CARTESIAN_POINT('Ctrl Pts',(-0.459984228351674,4.670298246109,-68.3897295587874));
#6125=CARTESIAN_POINT('Ctrl Pts',(-2.60723322547547,3.90200026985706,-68.2178545587875));
#6126=CARTESIAN_POINT('Ctrl Pts',(-4.13876461696299,2.21221577684616,-68.0459795587873));
#6127=CARTESIAN_POINT('Ctrl Pts',(-4.69289582219529,4.40582989999034E-15,
-67.8741045587874));
#6128=CARTESIAN_POINT('Ctrl Pts',(-4.13876461696299,-2.21221577684616,-67.7022295587873));
#6129=CARTESIAN_POINT('Ctrl Pts',(-2.60723322547548,-3.90200026985707,-67.5303545587875));
#6130=CARTESIAN_POINT('Ctrl Pts',(-0.459984228351676,-4.670298246109,-67.3584795587874));
#6131=CARTESIAN_POINT('Ctrl Pts',(1.79589348096094,-4.33567039833719,-67.1866045587873));
#6132=CARTESIAN_POINT('Ctrl Pts',(3.62765752711354,-2.9771415928712,-67.0147295587875));
#6133=CARTESIAN_POINT('Ctrl Pts',(4.60272314484495,-0.915538557155807,-66.8428545587873));
#6134=CARTESIAN_POINT('Ctrl Pts',(4.49082130370117,1.36227574916441,-66.6709795587874));
#6135=CARTESIAN_POINT('Ctrl Pts',(3.31837845917216,3.31837845921863,-66.4991045587874));
#6136=CARTESIAN_POINT('Ctrl Pts',(1.36227574933003,4.49082130375425,-66.3272295587875));
#6137=CARTESIAN_POINT('Ctrl Pts',(-0.915538557510514,4.60272314466993,-66.1553545587874));
#6138=CARTESIAN_POINT('Ctrl Pts',(-2.97714159217768,3.62765752748438,-65.9834795587874));
#6139=CARTESIAN_POINT('Ctrl Pts',(-4.33567039966228,1.79589348023772,-65.8116045587873));
#6140=CARTESIAN_POINT('Ctrl Pts',(-4.67029824359298,-0.459984226970801,
-65.6397295587875));
#6141=CARTESIAN_POINT('Ctrl Pts',(-3.9020002746261,-2.60723322809693,-65.4678545587873));
#6142=CARTESIAN_POINT('Ctrl Pts',(-2.21221576781095,-4.13876461199436,-65.2959795587874));
#6143=CARTESIAN_POINT('Ctrl Pts',(-1.71154248491153E-8,-4.69289583160848,
-65.1241045587875));
#6144=CARTESIAN_POINT('Ctrl Pts',(2.21221580926669,-4.13876459913166,-64.9522295587873));
#6145=CARTESIAN_POINT('Ctrl Pts',(3.90200020844575,-2.60723325925208,-64.7803545587876));
#6146=CARTESIAN_POINT('Ctrl Pts',(4.67029836243458,-0.459984164371744,-64.6084795587872));
#6147=CARTESIAN_POINT('Ctrl Pts',(4.33567017799291,1.79589335976982,-64.4366045587875));
#6148=CARTESIAN_POINT('Ctrl Pts',(2.97714201024799,3.62765775667411,-64.2647295587873));
#6149=CARTESIAN_POINT('Ctrl Pts',(0.91553776655948,4.60272271001061,-64.0928545587875));
#6150=CARTESIAN_POINT('Ctrl Pts',(-1.36227425161382,4.49082212736596,-63.9209795587874));
#6151=CARTESIAN_POINT('Ctrl Pts',(-3.31838129589051,3.31837689898065,-63.7491045587874));
#6152=CARTESIAN_POINT('Ctrl Pts',(-4.49081593045886,1.36227870467845,-63.5772295587874));
#6153=CARTESIAN_POINT('Ctrl Pts',(-4.60273332331537,-0.915544155786037,
-63.4053545587874));
#6154=CARTESIAN_POINT('Ctrl Pts',(-3.62763824259827,-2.97713098584855,-63.2334795587873));
#6155=CARTESIAN_POINT('Ctrl Pts',(-1.79593004703498,-4.33569050740633,-63.0616045587874));
#6156=CARTESIAN_POINT('Ctrl Pts',(0.460053803433012,-4.67026001178067,-62.8897295587874));
#6157=CARTESIAN_POINT('Ctrl Pts',(2.60709883693767,-3.90207389291041,-62.7178545587873));
#6158=CARTESIAN_POINT('Ctrl Pts',(4.13904067642171,-2.21206631120849,-62.5459795587876));
#6159=CARTESIAN_POINT('Ctrl Pts',(4.50782360089404,-0.737599453038101,-62.431396225454));
#6160=CARTESIAN_POINT('Ctrl Pts',(4.50782360089404,-5.52049174395577E-15,
-62.3741045587873));
#6161=CARTESIAN_POINT('Ctrl Pts',(4.31376917365613,0.,-73.5291107005936));
#6162=CARTESIAN_POINT('Ctrl Pts',(4.31376917365613,0.70580976607328,-73.471819033927));
#6163=CARTESIAN_POINT('Ctrl Pts',(3.9608615150037,2.11686611866023,-73.3572357005937));
#6164=CARTESIAN_POINT('Ctrl Pts',(2.49486747054664,3.73408359619046,-73.1853607005936));
#6165=CARTESIAN_POINT('Ctrl Pts',(0.440249199030056,4.46921914674574,-73.0134857005936));
#6166=CARTESIAN_POINT('Ctrl Pts',(-1.71861812829468,4.14904267076394,-72.8416107005936));
#6167=CARTESIAN_POINT('Ctrl Pts',(-3.47147424904502,2.84897202951969,-72.6697357005936));
#6168=CARTESIAN_POINT('Ctrl Pts',(-4.40459304095938,0.876130525478186,-72.4978607005936));
#6169=CARTESIAN_POINT('Ctrl Pts',(-4.29749351816539,-1.30363430592541,-72.3259857005937));
#6170=CARTESIAN_POINT('Ctrl Pts',(-3.17553030872105,-3.17552635985996,-72.1541107005936));
#6171=CARTESIAN_POINT('Ctrl Pts',(-1.30363053322599,-4.29749931019505,-71.9822357005935));
#6172=CARTESIAN_POINT('Ctrl Pts',(0.876125336202112,-4.40458296029404,-71.8103607005937));
#6173=CARTESIAN_POINT('Ctrl Pts',(2.84898082729357,-3.47149287769484,-71.6384857005935));
#6174=CARTESIAN_POINT('Ctrl Pts',(4.1490265392129,-1.71858305452478,-71.4666107005935));
#6175=CARTESIAN_POINT('Ctrl Pts',(4.46924951753605,0.440182595312896,-71.2947357005937));
#6176=CARTESIAN_POINT('Ctrl Pts',(3.73402536539819,2.49499604860508,-71.1228607005936));
#6177=CARTESIAN_POINT('Ctrl Pts',(2.11698347108125,3.96059743218679,-70.9509857005936));
#6178=CARTESIAN_POINT('Ctrl Pts',(-1.63720017214216E-8,4.49087420043973,
-70.7791107005935));
#6179=CARTESIAN_POINT('Ctrl Pts',(-2.11698343142614,3.96059744237159,-70.6072357005937));
#6180=CARTESIAN_POINT('Ctrl Pts',(-3.73402542870398,2.49499602393616,-70.4353607005936));
#6181=CARTESIAN_POINT('Ctrl Pts',(-4.46924940385636,0.44018264487942,-70.2634857005936));
#6182=CARTESIAN_POINT('Ctrl Pts',(-4.14902675125402,-1.71858314991237,-70.0916107005937));
#6183=CARTESIAN_POINT('Ctrl Pts',(-2.8489804273823,-3.47149269622027,-69.9197357005935));
#6184=CARTESIAN_POINT('Ctrl Pts',(-0.87612609279787,-4.40458330446133,-69.7478607005937));
#6185=CARTESIAN_POINT('Ctrl Pts',(1.30363196588825,-4.29749865805166,-69.5759857005934));
#6186=CARTESIAN_POINT('Ctrl Pts',(3.17552759521677,-3.1755275952706,-69.4041107005939));
#6187=CARTESIAN_POINT('Ctrl Pts',(4.29749865801862,-1.30363196572487,-69.2322357005935));
#6188=CARTESIAN_POINT('Ctrl Pts',(4.40458330459518,0.876126092455938,-69.0603607005937));
#6189=CARTESIAN_POINT('Ctrl Pts',(3.47149269592913,2.8489804280471,-68.8884857005935));
#6190=CARTESIAN_POINT('Ctrl Pts',(1.71858315048371,4.14902674998573,-68.7166107005936));
#6191=CARTESIAN_POINT('Ctrl Pts',(-0.440182645972102,4.46924940626349,-68.5447357005936));
#6192=CARTESIAN_POINT('Ctrl Pts',(-2.49499602186086,3.73402542414189,-68.3728607005936));
#6193=CARTESIAN_POINT('Ctrl Pts',(-3.96059744630554,2.11698344006899,-68.2009857005935));
#6194=CARTESIAN_POINT('Ctrl Pts',(-4.4908741929865,7.45601983075288E-15,
-68.0291107005937));
#6195=CARTESIAN_POINT('Ctrl Pts',(-3.96059744630554,-2.11698344006898,-67.8572357005936));
#6196=CARTESIAN_POINT('Ctrl Pts',(-2.49499602186087,-3.73402542414188,-67.6853607005936));
#6197=CARTESIAN_POINT('Ctrl Pts',(-0.440182645972102,-4.46924940626349,
-67.5134857005935));
#6198=CARTESIAN_POINT('Ctrl Pts',(1.7185831504837,-4.14902674998575,-67.3416107005937));
#6199=CARTESIAN_POINT('Ctrl Pts',(3.47149269592913,-2.84898042804709,-67.1697357005936));
#6200=CARTESIAN_POINT('Ctrl Pts',(4.40458330459517,-0.876126092455957,-66.9978607005936));
#6201=CARTESIAN_POINT('Ctrl Pts',(4.29749865801862,1.30363196572488,-66.8259857005936));
#6202=CARTESIAN_POINT('Ctrl Pts',(3.17552759521678,3.17552759527059,-66.6541107005937));
#6203=CARTESIAN_POINT('Ctrl Pts',(1.30363196588826,4.29749865805166,-66.4822357005934));
#6204=CARTESIAN_POINT('Ctrl Pts',(-0.87612609279787,4.40458330446134,-66.3103607005937));
#6205=CARTESIAN_POINT('Ctrl Pts',(-2.84898042738231,3.47149269622026,-66.1384857005935));
#6206=CARTESIAN_POINT('Ctrl Pts',(-4.14902675125402,1.71858314991238,-65.9666107005938));
#6207=CARTESIAN_POINT('Ctrl Pts',(-4.46924940385636,-0.440182644879424,
-65.7947357005935));
#6208=CARTESIAN_POINT('Ctrl Pts',(-3.73402542870399,-2.49499602393615,-65.6228607005937));
#6209=CARTESIAN_POINT('Ctrl Pts',(-2.11698343142614,-3.9605974423716,-65.4509857005937));
#6210=CARTESIAN_POINT('Ctrl Pts',(-1.63720108689503E-8,-4.49087420043973,
-65.2791107005935));
#6211=CARTESIAN_POINT('Ctrl Pts',(2.11698347108123,-3.96059743218679,-65.1072357005937));
#6212=CARTESIAN_POINT('Ctrl Pts',(3.73402536539819,-2.4949960486051,-64.9353607005935));
#6213=CARTESIAN_POINT('Ctrl Pts',(4.46924951753605,-0.440182595312914,-64.7634857005937));
#6214=CARTESIAN_POINT('Ctrl Pts',(4.14902653921292,1.71858305452477,-64.5916107005936));
#6215=CARTESIAN_POINT('Ctrl Pts',(2.84898082729357,3.47149287769483,-64.4197357005936));
#6216=CARTESIAN_POINT('Ctrl Pts',(0.876125336202129,4.40458296029403,-64.2478607005936));
#6217=CARTESIAN_POINT('Ctrl Pts',(-1.30363053322599,4.29749931019505,-64.0759857005936));
#6218=CARTESIAN_POINT('Ctrl Pts',(-3.17553030872104,3.17552635985997,-63.9041107005936));
#6219=CARTESIAN_POINT('Ctrl Pts',(-4.29749351816538,1.30363430592542,-63.7322357005935));
#6220=CARTESIAN_POINT('Ctrl Pts',(-4.40459304095939,-0.876130525478179,
-63.5603607005937));
#6221=CARTESIAN_POINT('Ctrl Pts',(-3.47147424904502,-2.84897202951968,-63.3884857005936));
#6222=CARTESIAN_POINT('Ctrl Pts',(-1.71861812829469,-4.14904267076394,-63.2166107005936));
#6223=CARTESIAN_POINT('Ctrl Pts',(0.440249199030049,-4.46921914674574,-63.0447357005935));
#6224=CARTESIAN_POINT('Ctrl Pts',(2.49486747054663,-3.73408359619048,-62.8728607005938));
#6225=CARTESIAN_POINT('Ctrl Pts',(3.96086151500371,-2.11686611866023,-62.7009857005934));
#6226=CARTESIAN_POINT('Ctrl Pts',(4.31376917365613,-0.705809766073288,-62.5864023672603));
#6227=CARTESIAN_POINT('Ctrl Pts',(4.31376917365613,-5.28284361077851E-15,
-62.5291107005937));
#6228=CARTESIAN_POINT('Ctrl Pts',(4.07136489489605,0.,-73.4735735266021));
#6229=CARTESIAN_POINT('Ctrl Pts',(4.07136489489605,0.666243509005094,-73.4162818599355));
#6230=CARTESIAN_POINT('Ctrl Pts',(3.73828883252761,1.99784704078446,-73.3016985266021));
#6231=CARTESIAN_POINT('Ctrl Pts',(2.35467308249355,3.52428545680021,-73.1298235266021));
#6232=CARTESIAN_POINT('Ctrl Pts',(0.415510315318022,4.21806379914592,-72.9579485266022));
#6233=CARTESIAN_POINT('Ctrl Pts',(-1.6220437410316,3.9159037520228,-72.7860735266021));
#6234=CARTESIAN_POINT('Ctrl Pts',(-3.27640144506544,2.68887506459502,-72.6141985266022));
#6235=CARTESIAN_POINT('Ctrl Pts',(-4.15708545946241,0.826900433372608,-72.4423235266021));
#6236=CARTESIAN_POINT('Ctrl Pts',(-4.05600417189908,-1.2303803467692,-72.2704485266021));
#6237=CARTESIAN_POINT('Ctrl Pts',(-2.99708752432835,-2.99708313430526,-72.0985735266021));
#6238=CARTESIAN_POINT('Ctrl Pts',(-1.23037553392315,-4.05600999234659,-71.9266985266023));
#6239=CARTESIAN_POINT('Ctrl Pts',(0.826893165753627,-4.15707575115188,-71.754823526602));
#6240=CARTESIAN_POINT('Ctrl Pts',(2.68888785737051,-3.27641914318528,-71.5829485266023));
#6241=CARTESIAN_POINT('Ctrl Pts',(3.91588001294334,-1.62201055061503,-71.4110735266021));
#6242=CARTESIAN_POINT('Ctrl Pts',(4.21810868034394,0.415447358193685,-71.2391985266021));
#6243=CARTESIAN_POINT('Ctrl Pts',(3.52419902802632,2.35479458292621,-71.0673235266021));
#6244=CARTESIAN_POINT('Ctrl Pts',(1.99802367721347,3.73803930801412,-70.8954485266021));
#6245=CARTESIAN_POINT('Ctrl Pts',(-1.54689831638618E-8,4.23851820986207,
-70.7235735266022));
#6246=CARTESIAN_POINT('Ctrl Pts',(-1.99802363974559,3.73803932306954,-70.551698526602));
#6247=CARTESIAN_POINT('Ctrl Pts',(-3.52419908784038,2.35479454646005,-70.3798235266022));
#6248=CARTESIAN_POINT('Ctrl Pts',(-4.21810857293442,0.415447431464026,-70.207948526602));
#6249=CARTESIAN_POINT('Ctrl Pts',(-3.91588021328901,-1.6220106916191,-70.0360735266022));
#6250=CARTESIAN_POINT('Ctrl Pts',(-2.6888874795169,-3.27641887492553,-69.8641985266021));
#6251=CARTESIAN_POINT('Ctrl Pts',(-0.826893880618343,-4.15707625990765,
-69.6923235266021));
#6252=CARTESIAN_POINT('Ctrl Pts',(1.23037688756504,-4.0560090283336,-69.5204485266023));
#6253=CARTESIAN_POINT('Ctrl Pts',(2.99708496049097,-2.99708496051783,-69.3485735266021));
#6254=CARTESIAN_POINT('Ctrl Pts',(4.05600902825695,-1.23037688742334,-69.176698526602));
#6255=CARTESIAN_POINT('Ctrl Pts',(4.15707626012017,0.826893880301974,-69.0048235266023));
#6256=CARTESIAN_POINT('Ctrl Pts',(3.27641887448742,2.68888748014147,-68.832948526602));
#6257=CARTESIAN_POINT('Ctrl Pts',(1.62201069246775,3.91588021209257,-68.6610735266022));
#6258=CARTESIAN_POINT('Ctrl Pts',(-0.415447433081453,4.2181085752078,-68.489198526602));
#6259=CARTESIAN_POINT('Ctrl Pts',(-2.35479454339108,3.52419908353041,-68.3173235266023));
#6260=CARTESIAN_POINT('Ctrl Pts',(-3.73803932888556,1.99802364791154,-68.145448526602));
#6261=CARTESIAN_POINT('Ctrl Pts',(-4.23851819884389,2.54182494230212E-15,
-67.9735735266022));
#6262=CARTESIAN_POINT('Ctrl Pts',(-3.73803932888556,-1.99802364791153,-67.801698526602));
#6263=CARTESIAN_POINT('Ctrl Pts',(-2.35479454339109,-3.52419908353041,-67.6298235266022));
#6264=CARTESIAN_POINT('Ctrl Pts',(-0.415447433081452,-4.2181085752078,-67.4579485266022));
#6265=CARTESIAN_POINT('Ctrl Pts',(1.62201069246775,-3.91588021209257,-67.2860735266021));
#6266=CARTESIAN_POINT('Ctrl Pts',(3.27641887448742,-2.68888748014148,-67.114198526602));
#6267=CARTESIAN_POINT('Ctrl Pts',(4.15707626012017,-0.82689388030198,-66.9423235266022));
#6268=CARTESIAN_POINT('Ctrl Pts',(4.05600902825696,1.23037688742334,-66.7704485266021));
#6269=CARTESIAN_POINT('Ctrl Pts',(2.99708496049097,2.99708496051782,-66.5985735266021));
#6270=CARTESIAN_POINT('Ctrl Pts',(1.23037688756504,4.05600902833362,-66.4266985266022));
#6271=CARTESIAN_POINT('Ctrl Pts',(-0.826893880618345,4.15707625990764,-66.254823526602));
#6272=CARTESIAN_POINT('Ctrl Pts',(-2.6888874795169,3.27641887492553,-66.0829485266023));
#6273=CARTESIAN_POINT('Ctrl Pts',(-3.91588021328901,1.6220106916191,-65.911073526602));
#6274=CARTESIAN_POINT('Ctrl Pts',(-4.21810857293442,-0.415447431464031,
-65.7391985266023));
#6275=CARTESIAN_POINT('Ctrl Pts',(-3.52419908784038,-2.35479454646004,-65.567323526602));
#6276=CARTESIAN_POINT('Ctrl Pts',(-1.9980236397456,-3.73803932306955,-65.3954485266021));
#6277=CARTESIAN_POINT('Ctrl Pts',(-1.54689894308234E-8,-4.23851820986206,
-65.2235735266022));
#6278=CARTESIAN_POINT('Ctrl Pts',(1.99802367721346,-3.73803930801413,-65.051698526602));
#6279=CARTESIAN_POINT('Ctrl Pts',(3.52419902802631,-2.35479458292622,-64.8798235266023));
#6280=CARTESIAN_POINT('Ctrl Pts',(4.21810868034394,-0.415447358193701,-64.707948526602));
#6281=CARTESIAN_POINT('Ctrl Pts',(3.91588001294334,1.62201055061502,-64.5360735266021));
#6282=CARTESIAN_POINT('Ctrl Pts',(2.68888785737052,3.27641914318527,-64.3641985266022));
#6283=CARTESIAN_POINT('Ctrl Pts',(0.826893165753636,4.15707575115188,-64.1923235266021));
#6284=CARTESIAN_POINT('Ctrl Pts',(-1.23037553392313,4.05600999234659,-64.0204485266022));
#6285=CARTESIAN_POINT('Ctrl Pts',(-2.99708752432835,2.99708313430526,-63.8485735266021));
#6286=CARTESIAN_POINT('Ctrl Pts',(-4.05600417189907,1.23038034676921,-63.6766985266021));
#6287=CARTESIAN_POINT('Ctrl Pts',(-4.15708545946242,-0.826900433372599,
-63.5048235266022));
#6288=CARTESIAN_POINT('Ctrl Pts',(-3.27640144506544,-2.68887506459501,-63.332948526602));
#6289=CARTESIAN_POINT('Ctrl Pts',(-1.62204374103161,-3.91590375202281,-63.1610735266022));
#6290=CARTESIAN_POINT('Ctrl Pts',(0.415510315318021,-4.21806379914591,-62.9891985266021));
#6291=CARTESIAN_POINT('Ctrl Pts',(2.35467308249354,-3.52428545680022,-62.8173235266021));
#6292=CARTESIAN_POINT('Ctrl Pts',(3.73828883252761,-1.99784704078446,-62.6454485266023));
#6293=CARTESIAN_POINT('Ctrl Pts',(4.07136489489605,-0.666243509005102,-62.5308651932688));
#6294=CARTESIAN_POINT('Ctrl Pts',(4.07136489489605,-4.98598398669534E-15,
-62.4735735266021));
#6295=CARTESIAN_POINT('Ctrl Pts',(4.,0.,-73.3247998250855));
#6296=CARTESIAN_POINT('Ctrl Pts',(4.,0.654395874102315,-73.2675081584188));
#6297=CARTESIAN_POINT('Ctrl Pts',(3.67276118846371,1.962944429312,-73.1529248250855));
#6298=CARTESIAN_POINT('Ctrl Pts',(2.31339907781913,3.4624536217021,-72.9810498250854));
#6299=CARTESIAN_POINT('Ctrl Pts',(0.408226857771684,4.14415562259759,-72.8091748250855));
#6300=CARTESIAN_POINT('Ctrl Pts',(-1.59361143898233,3.84724813000219,-72.6372998250854));
#6301=CARTESIAN_POINT('Ctrl Pts',(-3.21897058351108,2.64175068266288,-72.4654248250856));
#6302=CARTESIAN_POINT('Ctrl Pts',(-4.08421734383425,0.812401778897084,-72.2935498250853));
#6303=CARTESIAN_POINT('Ctrl Pts',(-3.98490790220227,-1.20881121956818,-72.1216748250856));
#6304=CARTESIAN_POINT('Ctrl Pts',(-2.94455261989741,-2.94454948392677,-71.9497998250854));
#6305=CARTESIAN_POINT('Ctrl Pts',(-1.20880871396281,-3.98491299238085,-71.7779248250855));
#6306=CARTESIAN_POINT('Ctrl Pts',(0.812398845923531,-4.0842081502896,-71.6060498250854));
#6307=CARTESIAN_POINT('Ctrl Pts',(2.64175528141479,-3.21898776499618,-71.4341748250855));
#6308=CARTESIAN_POINT('Ctrl Pts',(3.8472399215698,-1.59357898577138,-71.2622998250855));
#6309=CARTESIAN_POINT('Ctrl Pts',(4.14417092772549,0.408165174757126,-71.0904248250854));
#6310=CARTESIAN_POINT('Ctrl Pts',(3.46242457542654,2.31351818653949,-70.9185498250855));
#6311=CARTESIAN_POINT('Ctrl Pts',(1.96300101862442,3.67251653719271,-70.7466748250854));
#6312=CARTESIAN_POINT('Ctrl Pts',(-1.51677015006697E-8,4.16422269886844,
-70.5747998250856));
#6313=CARTESIAN_POINT('Ctrl Pts',(-1.96300098188629,3.67251654232166,-70.4029248250853));
#6314=CARTESIAN_POINT('Ctrl Pts',(-3.46242463407564,2.31351817411652,-70.2310498250856));
#6315=CARTESIAN_POINT('Ctrl Pts',(-4.14417082240793,0.40816519971823,-70.0591748250853));
#6316=CARTESIAN_POINT('Ctrl Pts',(-3.84724011801345,-1.59357903380741,-69.8872998250856));
#6317=CARTESIAN_POINT('Ctrl Pts',(-2.64175491092046,-3.21898767360779,-69.7154248250853));
#6318=CARTESIAN_POINT('Ctrl Pts',(-0.812399546865124,-4.08420832360808,
-69.5435498250856));
#6319=CARTESIAN_POINT('Ctrl Pts',(1.20881004124037,-3.98491266396944,-69.3716748250853));
#6320=CARTESIAN_POINT('Ctrl Pts',(2.94455010599484,-2.94455010606372,-69.1997998250855));
#6321=CARTESIAN_POINT('Ctrl Pts',(3.98491266397485,-1.20881004107898,-69.0279248250854));
#6322=CARTESIAN_POINT('Ctrl Pts',(4.08420832366383,0.812399546543061,-68.8560498250854));
#6323=CARTESIAN_POINT('Ctrl Pts',(3.21898767346733,2.64175491153913,-68.6841748250855));
#6324=CARTESIAN_POINT('Ctrl Pts',(1.59357903409187,3.847240116837,-68.5122998250853));
#6325=CARTESIAN_POINT('Ctrl Pts',(-0.408165200266741,4.14417082463875,-68.3404248250856));
#6326=CARTESIAN_POINT('Ctrl Pts',(-2.3135181730724,3.46242462984875,-68.1685498250854));
#6327=CARTESIAN_POINT('Ctrl Pts',(-3.67251654430214,1.96300098989354,-67.9966748250854));
#6328=CARTESIAN_POINT('Ctrl Pts',(-4.16422269511558,6.10037986152509E-15,
-67.8247998250855));
#6329=CARTESIAN_POINT('Ctrl Pts',(-3.67251654430214,-1.96300098989354,-67.6529248250854));
#6330=CARTESIAN_POINT('Ctrl Pts',(-2.3135181730724,-3.46242462984875,-67.4810498250855));
#6331=CARTESIAN_POINT('Ctrl Pts',(-0.408165200266741,-4.14417082463875,
-67.3091748250854));
#6332=CARTESIAN_POINT('Ctrl Pts',(1.59357903409186,-3.84724011683701,-67.1372998250856));
#6333=CARTESIAN_POINT('Ctrl Pts',(3.21898767346733,-2.64175491153913,-66.9654248250854));
#6334=CARTESIAN_POINT('Ctrl Pts',(4.08420832366383,-0.812399546543068,-66.7935498250855));
#6335=CARTESIAN_POINT('Ctrl Pts',(3.98491266397485,1.20881004107898,-66.6216748250853));
#6336=CARTESIAN_POINT('Ctrl Pts',(2.94455010599485,2.94455010606371,-66.4497998250856));
#6337=CARTESIAN_POINT('Ctrl Pts',(1.20881004124037,3.98491266396944,-66.2779248250853));
#6338=CARTESIAN_POINT('Ctrl Pts',(-0.812399546865123,4.08420832360808,-66.1060498250855));
#6339=CARTESIAN_POINT('Ctrl Pts',(-2.64175491092047,3.21898767360778,-65.9341748250854));
#6340=CARTESIAN_POINT('Ctrl Pts',(-3.84724011801344,1.59357903380742,-65.7622998250855));
#6341=CARTESIAN_POINT('Ctrl Pts',(-4.14417082240793,-0.408165199718234,
-65.5904248250855));
#6342=CARTESIAN_POINT('Ctrl Pts',(-3.46242463407563,-2.31351817411652,-65.4185498250854));
#6343=CARTESIAN_POINT('Ctrl Pts',(-1.9630009818863,-3.67251654232166,-65.2466748250855));
#6344=CARTESIAN_POINT('Ctrl Pts',(-1.51677045480424E-8,-4.16422269886844,
-65.0747998250854));
#6345=CARTESIAN_POINT('Ctrl Pts',(1.96300101862441,-3.67251653719271,-64.9029248250855));
#6346=CARTESIAN_POINT('Ctrl Pts',(3.46242457542654,-2.3135181865395,-64.7310498250855));
#6347=CARTESIAN_POINT('Ctrl Pts',(4.14417092772548,-0.408165174757143,-64.5591748250855));
#6348=CARTESIAN_POINT('Ctrl Pts',(3.84723992156982,1.59357898577137,-64.3872998250855));
#6349=CARTESIAN_POINT('Ctrl Pts',(2.64175528141479,3.21898776499617,-64.2154248250854));
#6350=CARTESIAN_POINT('Ctrl Pts',(0.812398845923546,4.0842081502896,-64.0435498250856));
#6351=CARTESIAN_POINT('Ctrl Pts',(-1.2088087139628,3.98491299238085,-63.8716748250854));
#6352=CARTESIAN_POINT('Ctrl Pts',(-2.94455261989741,2.94454948392677,-63.6997998250854));
#6353=CARTESIAN_POINT('Ctrl Pts',(-3.98490790220227,1.20881121956819,-63.5279248250855));
#6354=CARTESIAN_POINT('Ctrl Pts',(-4.08421734383425,-0.812401778897076,
-63.3560498250854));
#6355=CARTESIAN_POINT('Ctrl Pts',(-3.21897058351109,-2.64175068266287,-63.1841748250855));
#6356=CARTESIAN_POINT('Ctrl Pts',(-1.59361143898234,-3.84724813000219,-63.0122998250854));
#6357=CARTESIAN_POINT('Ctrl Pts',(0.408226857771679,-4.14415562259759,-62.8404248250855));
#6358=CARTESIAN_POINT('Ctrl Pts',(2.31339907781913,-3.4624536217021,-62.6685498250855));
#6359=CARTESIAN_POINT('Ctrl Pts',(3.67276118846371,-1.962944429312,-62.4966748250854));
#6360=CARTESIAN_POINT('Ctrl Pts',(4.,-0.654395874102323,-62.3820914917521));
#6361=CARTESIAN_POINT('Ctrl Pts',(4.,-4.89858719658941E-15,-62.3247998250855));
#6362=CARTESIAN_POINT('Ctrl Pts',(4.,0.,-73.25));
#6363=CARTESIAN_POINT('Ctrl Pts',(4.,0.654498469497873,-73.1927083333333));
#6364=CARTESIAN_POINT('Ctrl Pts',(3.67276183708896,1.96287378417796,-73.078125));
#6365=CARTESIAN_POINT('Ctrl Pts',(2.3133991576549,3.46248779328823,-72.90625));
#6366=CARTESIAN_POINT('Ctrl Pts',(0.408226971337006,4.14413858538413,-72.734375));
#6367=CARTESIAN_POINT('Ctrl Pts',(-1.59361163168508,3.84725765538027,-72.5624999999999));
#6368=CARTESIAN_POINT('Ctrl Pts',(-3.21897087343224,2.64174611080107,-72.3906250000001));
#6369=CARTESIAN_POINT('Ctrl Pts',(-4.0842177486297,0.812404404651728,-72.2187499999999));
#6370=CARTESIAN_POINT('Ctrl Pts',(-3.98490828083571,-1.20881268091332,-72.046875));
#6371=CARTESIAN_POINT('Ctrl Pts',(-2.94455290693807,-2.94454905802372,-71.8750000000001));
#6372=CARTESIAN_POINT('Ctrl Pts',(-1.20880882896122,-3.98491375152805,-71.7031249999999));
#6373=CARTESIAN_POINT('Ctrl Pts',(0.812398923440181,-4.08420834637246,-71.53125));
#6374=CARTESIAN_POINT('Ctrl Pts',(2.6417555366695,-3.21898817993718,-71.3593750000001));
#6375=CARTESIAN_POINT('Ctrl Pts',(3.84724029241915,-1.59357908433519,-71.1874999999999));
#6376=CARTESIAN_POINT('Ctrl Pts',(4.14417132757422,0.408165185014402,-71.0156250000001));
#6377=CARTESIAN_POINT('Ctrl Pts',(3.46242490932811,2.31351842505824,-70.8437499999999));
#6378=CARTESIAN_POINT('Ctrl Pts',(1.96300120799963,3.67251688331037,-70.6718750000001));
#6379=CARTESIAN_POINT('Ctrl Pts',(-1.51859512953939E-8,4.16422310481068,
-70.4999999999999));
#6380=CARTESIAN_POINT('Ctrl Pts',(-1.96300117121729,3.67251689429171,-70.328125));
#6381=CARTESIAN_POINT('Ctrl Pts',(-3.46242496804778,2.31351839846001,-70.15625));
#6382=CARTESIAN_POINT('Ctrl Pts',(-4.14417122212993,0.40816523845742,-69.984375));
#6383=CARTESIAN_POINT('Ctrl Pts',(-3.84724048909918,-1.59357918718284,-69.8125));
#6384=CARTESIAN_POINT('Ctrl Pts',(-2.64175516572934,-3.21898798426987,-69.640625));
#6385=CARTESIAN_POINT('Ctrl Pts',(-0.812399625225254,-4.08420871745636,
-69.46875));
#6386=CARTESIAN_POINT('Ctrl Pts',(1.20881015783596,-3.98491304838187,-69.296875));
#6387=CARTESIAN_POINT('Ctrl Pts',(2.94455039001038,-2.94455039005352,-69.125));
#6388=CARTESIAN_POINT('Ctrl Pts',(3.98491304833839,-1.208810157688,-68.953125));
#6389=CARTESIAN_POINT('Ctrl Pts',(4.08420871760481,0.812399624909997,-68.78125));
#6390=CARTESIAN_POINT('Ctrl Pts',(3.21898798395378,2.64175516634496,-68.609375));
#6391=CARTESIAN_POINT('Ctrl Pts',(1.59357918780001,3.84724048792331,-68.4375));
#6392=CARTESIAN_POINT('Ctrl Pts',(-0.408165239636178,4.14417122436239,-68.2656249999999));
#6393=CARTESIAN_POINT('Ctrl Pts',(-2.31351839622206,3.46242496381633,-68.09375));
#6394=CARTESIAN_POINT('Ctrl Pts',(-3.67251689853354,1.96300117923396,-67.921875));
#6395=CARTESIAN_POINT('Ctrl Pts',(-4.16422309677436,5.93092486537161E-15,
-67.75));
#6396=CARTESIAN_POINT('Ctrl Pts',(-3.67251689853355,-1.96300117923396,-67.578125));
#6397=CARTESIAN_POINT('Ctrl Pts',(-2.31351839622207,-3.46242496381633,-67.40625));
#6398=CARTESIAN_POINT('Ctrl Pts',(-0.40816523963618,-4.14417122436239,-67.234375));
#6399=CARTESIAN_POINT('Ctrl Pts',(1.59357918780001,-3.84724048792332,-67.0625));
#6400=CARTESIAN_POINT('Ctrl Pts',(3.21898798395377,-2.64175516634497,-66.890625));
#6401=CARTESIAN_POINT('Ctrl Pts',(4.08420871760481,-0.812399624910003,-66.71875));
#6402=CARTESIAN_POINT('Ctrl Pts',(3.98491304833839,1.208810157688,-66.5468749999999));
#6403=CARTESIAN_POINT('Ctrl Pts',(2.94455039001038,2.94455039005351,-66.3750000000001));
#6404=CARTESIAN_POINT('Ctrl Pts',(1.20881015783596,3.98491304838188,-66.2031249999999));
#6405=CARTESIAN_POINT('Ctrl Pts',(-0.812399625225254,4.08420871745635,-66.03125));
#6406=CARTESIAN_POINT('Ctrl Pts',(-2.64175516572935,3.21898798426987,-65.859375));
#6407=CARTESIAN_POINT('Ctrl Pts',(-3.84724048909917,1.59357918718284,-65.6875));
#6408=CARTESIAN_POINT('Ctrl Pts',(-4.14417122212993,-0.408165238457422,
-65.515625));
#6409=CARTESIAN_POINT('Ctrl Pts',(-3.46242496804778,-2.31351839846001,-65.34375));
#6410=CARTESIAN_POINT('Ctrl Pts',(-1.9630011712173,-3.67251689429171,-65.171875));
#6411=CARTESIAN_POINT('Ctrl Pts',(-1.51859548511281E-8,-4.16422310481068,
-65.));
#6412=CARTESIAN_POINT('Ctrl Pts',(1.96300120799962,-3.67251688331037,-64.828125));
#6413=CARTESIAN_POINT('Ctrl Pts',(3.46242490932811,-2.31351842505825,-64.6562499999999));
#6414=CARTESIAN_POINT('Ctrl Pts',(4.14417132757421,-0.408165185014416,-64.4843750000001));
#6415=CARTESIAN_POINT('Ctrl Pts',(3.84724029241916,1.59357908433517,-64.3124999999999));
#6416=CARTESIAN_POINT('Ctrl Pts',(2.64175553666951,3.21898817993718,-64.140625));
#6417=CARTESIAN_POINT('Ctrl Pts',(0.812398923440194,4.08420834637246,-63.96875));
#6418=CARTESIAN_POINT('Ctrl Pts',(-1.20880882896121,3.98491375152805,-63.796875));
#6419=CARTESIAN_POINT('Ctrl Pts',(-2.94455290693807,2.94454905802373,-63.6249999999999));
#6420=CARTESIAN_POINT('Ctrl Pts',(-3.9849082808357,1.20881268091333,-63.4531250000001));
#6421=CARTESIAN_POINT('Ctrl Pts',(-4.08421774862971,-0.812404404651722,
-63.28125));
#6422=CARTESIAN_POINT('Ctrl Pts',(-3.21897087343224,-2.64174611080106,-63.1093750000001));
#6423=CARTESIAN_POINT('Ctrl Pts',(-1.59361163168509,-3.84725765538027,-62.9374999999999));
#6424=CARTESIAN_POINT('Ctrl Pts',(0.408226971337004,-4.14413858538413,-62.765625));
#6425=CARTESIAN_POINT('Ctrl Pts',(2.31339915765489,-3.46248779328823,-62.5937500000001));
#6426=CARTESIAN_POINT('Ctrl Pts',(3.67276183708895,-1.96287378417796,-62.4218749999999));
#6427=CARTESIAN_POINT('Ctrl Pts',(4.,-0.654498469497881,-62.3072916666667));
#6428=CARTESIAN_POINT('Ctrl Pts',(4.,-4.89858719658941E-15,-62.25));
#6429=CARTESIAN_POINT('',(2.94696455150553,-2.70469960109618,-62.51));
#6430=CARTESIAN_POINT('Ctrl Pts',(2.94696455150553,-2.70469960109618,-62.51));
#6431=CARTESIAN_POINT('Ctrl Pts',(2.69663619962418,-2.97745032688183,-62.51));
#6432=CARTESIAN_POINT('Ctrl Pts',(2.37491345391097,-3.26100750124248,-62.51));
#6433=CARTESIAN_POINT('Ctrl Pts',(1.96536914153868,-3.51393129337835,-62.51));
#6434=CARTESIAN_POINT('Ctrl Pts',(1.86225625146588,-3.57761110136844,-62.51));
#6435=CARTESIAN_POINT('Ctrl Pts',(1.75512870666794,-3.63808987600634,-62.51));
#6436=CARTESIAN_POINT('Ctrl Pts',(1.65474426365479,-3.69053424744031,-62.51));
#6437=CARTESIAN_POINT('Ctrl Pts',(1.20978995100677,-3.92299406435245,-62.51));
#6438=CARTESIAN_POINT('Ctrl Pts',(0.845631468914134,-4.03409418582078,-62.51));
#6439=CARTESIAN_POINT('Ctrl Pts',(0.644599901771614,-4.11623982097812,-62.51));
#6440=CARTESIAN_POINT('Ctrl Pts',(0.583659304959451,-4.14114140286974,-62.51));
#6441=CARTESIAN_POINT('Ctrl Pts',(0.534082935225596,-4.16384025454631,-62.51));
#6442=CARTESIAN_POINT('Ctrl Pts',(0.505354249464105,-4.18766353426953,-62.51));
#6443=CARTESIAN_POINT('Ctrl Pts',(0.490458777068755,-4.20001561359645,-62.51));
#6444=CARTESIAN_POINT('Ctrl Pts',(0.480704219360596,-4.21589932265108,-62.51));
#6445=CARTESIAN_POINT('Ctrl Pts',(0.486112786314899,-4.22838264749744,-62.51));
#6446=CARTESIAN_POINT('Ctrl Pts',(0.492643266051463,-4.24345542012703,-62.51));
#6447=CARTESIAN_POINT('Ctrl Pts',(0.508161991481351,-4.24953448888227,-62.51));
#6448=CARTESIAN_POINT('Ctrl Pts',(0.522161489131148,-4.25508476389658,-62.51));
#6449=CARTESIAN_POINT('Ctrl Pts',(0.560740026905972,-4.27037970516207,-62.51));
#6450=CARTESIAN_POINT('Ctrl Pts',(0.597886556905717,-4.27505308001488,-62.51));
#6451=CARTESIAN_POINT('Ctrl Pts',(0.646684437798696,-4.27951714508447,-62.51));
#6452=CARTESIAN_POINT('Ctrl Pts',(0.826828796513608,-4.29599687995221,-62.51));
#6453=CARTESIAN_POINT('Ctrl Pts',(1.11997168282781,-4.27545704221329,-62.51));
#6454=CARTESIAN_POINT('Ctrl Pts',(1.47070982201823,-4.18070021192226,-62.51));
#6455=CARTESIAN_POINT('Ctrl Pts',(1.72654372500157,-4.11158309285548,-62.51));
#6456=CARTESIAN_POINT('Ctrl Pts',(2.01597356705546,-3.99804567816602,-62.51));
#6457=CARTESIAN_POINT('Ctrl Pts',(2.28289067415334,-3.85231470744557,-62.51));
#6458=CARTESIAN_POINT('Ctrl Pts',(2.58955729956609,-3.68488135896193,-62.51));
#6459=CARTESIAN_POINT('Ctrl Pts',(2.87732576888094,-3.47432337571332,-62.51));
#6460=CARTESIAN_POINT('Ctrl Pts',(3.13485298659843,-3.22729341629602,-62.51));
#6461=CARTESIAN_POINT('Ctrl Pts',(3.38455226086539,-2.98777231970901,-62.51));
#6462=CARTESIAN_POINT('Ctrl Pts',(3.59929709418232,-2.72000605014192,-62.51));
#6463=CARTESIAN_POINT('Ctrl Pts',(3.77436679429679,-2.43723729630604,-62.51));
#6464=CARTESIAN_POINT('Ctrl Pts',(3.87416963864664,-2.27603792309852,-62.51));
#6465=CARTESIAN_POINT('Ctrl Pts',(3.96141141880383,-2.10962034743129,-62.51));
#6466=CARTESIAN_POINT('Ctrl Pts',(4.03575319436959,-1.93981300118656,-62.51));
#6467=CARTESIAN_POINT('Ctrl Pts',(4.11027476369384,-1.76959498004516,-62.51));
#6468=CARTESIAN_POINT('Ctrl Pts',(4.16829994772225,-1.60384835092376,-62.51));
#6469=CARTESIAN_POINT('Ctrl Pts',(4.21243066414672,-1.44784348838719,-62.51));
#6470=CARTESIAN_POINT('Ctrl Pts',(4.2950635976653,-1.15573086300929,-62.51));
#6471=CARTESIAN_POINT('Ctrl Pts',(4.33055939042082,-0.894264515967243,-62.51));
#6472=CARTESIAN_POINT('Ctrl Pts',(4.33930279518642,-0.680153097433118,-62.51));
#6473=CARTESIAN_POINT('Ctrl Pts',(4.34312162172881,-0.586636396554325,-62.51));
#6474=CARTESIAN_POINT('Ctrl Pts',(4.34173285830013,-0.504105805433699,-62.51));
#6475=CARTESIAN_POINT('Ctrl Pts',(4.33710424275822,-0.433317588391464,-62.51));
#6476=CARTESIAN_POINT('Ctrl Pts',(4.33305420415906,-0.371377898479508,-62.51));
#6477=CARTESIAN_POINT('Ctrl Pts',(4.32651055084497,-0.318421717450222,-62.51));
#6478=CARTESIAN_POINT('Ctrl Pts',(4.31859549080568,-0.274971310687617,-62.51));
#6479=CARTESIAN_POINT('Ctrl Pts',(4.31573747495315,-0.259281985438024,-62.51));
#6480=CARTESIAN_POINT('Ctrl Pts',(4.31099846854547,-0.235232826971217,-62.51));
#6481=CARTESIAN_POINT('Ctrl Pts',(4.30396143497052,-0.210157806994333,-62.51));
#6482=CARTESIAN_POINT('Ctrl Pts',(4.29436854045418,-0.175975502892513,-62.51));
#6483=CARTESIAN_POINT('Ctrl Pts',(4.28319326344242,-0.141077574998287,-62.51));
#6484=CARTESIAN_POINT('Ctrl Pts',(4.26141859460972,-0.126039739972706,-62.51));
#6485=CARTESIAN_POINT('Ctrl Pts',(4.24901947956852,-0.117476769491487,-62.51));
#6486=CARTESIAN_POINT('Ctrl Pts',(4.23475998585362,-0.123640781969098,-62.51));
#6487=CARTESIAN_POINT('Ctrl Pts',(4.22605936716829,-0.132307095502828,-62.51));
#6488=CARTESIAN_POINT('Ctrl Pts',(4.20346853442498,-0.154808856196186,-62.51));
#6489=CARTESIAN_POINT('Ctrl Pts',(4.18931204656673,-0.192389505350987,-62.51));
#6490=CARTESIAN_POINT('Ctrl Pts',(4.17274523190676,-0.239883468300634,-62.51));
#6491=CARTESIAN_POINT('Ctrl Pts',(4.14116651861962,-0.33041374039217,-62.51));
#6492=CARTESIAN_POINT('Ctrl Pts',(4.10718103109751,-0.463468175089122,-62.51));
#6493=CARTESIAN_POINT('Ctrl Pts',(4.0625676805157,-0.620628589024809,-62.51));
#6494=CARTESIAN_POINT('Ctrl Pts',(4.02644678969093,-0.74787243150054,-62.51));
#6495=CARTESIAN_POINT('Ctrl Pts',(3.98373414773603,-0.891203380477526,-62.51));
#6496=CARTESIAN_POINT('Ctrl Pts',(3.92517174147788,-1.05630958675599,-62.51));
#6497=CARTESIAN_POINT('Ctrl Pts',(3.7881329996855,-1.44266575304418,-62.51));
#6498=CARTESIAN_POINT('Ctrl Pts',(3.56857715191112,-1.92930680464347,-62.51));
#6499=CARTESIAN_POINT('Ctrl Pts',(3.18948640828502,-2.41755638539839,-62.51));
#6500=CARTESIAN_POINT('Ctrl Pts',(3.11726933186145,-2.51056830373193,-62.51));
#6501=CARTESIAN_POINT('Ctrl Pts',(3.03669499326104,-2.60693183755702,-62.51));
#6502=CARTESIAN_POINT('Ctrl Pts',(2.94696455150553,-2.70469960109618,-62.51));
#6503=CARTESIAN_POINT('',(4.,0.,-73.25));
#6504=CARTESIAN_POINT('Ctrl Pts',(4.,0.,-73.25));
#6505=CARTESIAN_POINT('Ctrl Pts',(4.,0.654498469497873,-73.1927083333333));
#6506=CARTESIAN_POINT('Ctrl Pts',(3.67276183708896,1.96287378417796,-73.078125));
#6507=CARTESIAN_POINT('Ctrl Pts',(2.3133991576549,3.46248779328823,-72.90625));
#6508=CARTESIAN_POINT('Ctrl Pts',(0.408226971337006,4.14413858538413,-72.734375));
#6509=CARTESIAN_POINT('Ctrl Pts',(-1.59361163168508,3.84725765538027,-72.5624999999999));
#6510=CARTESIAN_POINT('Ctrl Pts',(-3.21897087343224,2.64174611080107,-72.3906250000001));
#6511=CARTESIAN_POINT('Ctrl Pts',(-4.0842177486297,0.812404404651728,-72.2187499999999));
#6512=CARTESIAN_POINT('Ctrl Pts',(-3.98490828083571,-1.20881268091332,-72.046875));
#6513=CARTESIAN_POINT('Ctrl Pts',(-2.94455290693807,-2.94454905802372,-71.8750000000001));
#6514=CARTESIAN_POINT('Ctrl Pts',(-1.20880882896122,-3.98491375152805,-71.7031249999999));
#6515=CARTESIAN_POINT('Ctrl Pts',(0.812398923440181,-4.08420834637246,-71.53125));
#6516=CARTESIAN_POINT('Ctrl Pts',(2.6417555366695,-3.21898817993718,-71.3593750000001));
#6517=CARTESIAN_POINT('Ctrl Pts',(3.84724029241915,-1.59357908433519,-71.1874999999999));
#6518=CARTESIAN_POINT('Ctrl Pts',(4.14417132757422,0.408165185014402,-71.0156250000001));
#6519=CARTESIAN_POINT('Ctrl Pts',(3.46242490932811,2.31351842505824,-70.8437499999999));
#6520=CARTESIAN_POINT('Ctrl Pts',(1.96300120799963,3.67251688331037,-70.6718750000001));
#6521=CARTESIAN_POINT('Ctrl Pts',(-1.51859512953939E-8,4.16422310481068,
-70.4999999999999));
#6522=CARTESIAN_POINT('Ctrl Pts',(-1.96300117121729,3.67251689429171,-70.328125));
#6523=CARTESIAN_POINT('Ctrl Pts',(-3.46242496804778,2.31351839846001,-70.15625));
#6524=CARTESIAN_POINT('Ctrl Pts',(-4.14417122212993,0.40816523845742,-69.984375));
#6525=CARTESIAN_POINT('Ctrl Pts',(-3.84724048909918,-1.59357918718284,-69.8125));
#6526=CARTESIAN_POINT('Ctrl Pts',(-2.64175516572934,-3.21898798426987,-69.640625));
#6527=CARTESIAN_POINT('Ctrl Pts',(-0.812399625225254,-4.08420871745636,
-69.46875));
#6528=CARTESIAN_POINT('Ctrl Pts',(1.20881015783596,-3.98491304838187,-69.296875));
#6529=CARTESIAN_POINT('Ctrl Pts',(2.94455039001038,-2.94455039005352,-69.125));
#6530=CARTESIAN_POINT('Ctrl Pts',(3.98491304833839,-1.208810157688,-68.953125));
#6531=CARTESIAN_POINT('Ctrl Pts',(4.08420871760481,0.812399624909997,-68.78125));
#6532=CARTESIAN_POINT('Ctrl Pts',(3.21898798395378,2.64175516634496,-68.609375));
#6533=CARTESIAN_POINT('Ctrl Pts',(1.59357918780001,3.84724048792331,-68.4375));
#6534=CARTESIAN_POINT('Ctrl Pts',(-0.408165239636178,4.14417122436239,-68.2656249999999));
#6535=CARTESIAN_POINT('Ctrl Pts',(-2.31351839622206,3.46242496381633,-68.09375));
#6536=CARTESIAN_POINT('Ctrl Pts',(-3.67251689853354,1.96300117923396,-67.921875));
#6537=CARTESIAN_POINT('Ctrl Pts',(-4.16422309677436,5.93092486537161E-15,
-67.75));
#6538=CARTESIAN_POINT('Ctrl Pts',(-3.67251689853355,-1.96300117923396,-67.578125));
#6539=CARTESIAN_POINT('Ctrl Pts',(-2.31351839622207,-3.46242496381633,-67.40625));
#6540=CARTESIAN_POINT('Ctrl Pts',(-0.40816523963618,-4.14417122436239,-67.234375));
#6541=CARTESIAN_POINT('Ctrl Pts',(1.59357918780001,-3.84724048792332,-67.0625));
#6542=CARTESIAN_POINT('Ctrl Pts',(3.21898798395377,-2.64175516634497,-66.890625));
#6543=CARTESIAN_POINT('Ctrl Pts',(4.08420871760481,-0.812399624910003,-66.71875));
#6544=CARTESIAN_POINT('Ctrl Pts',(3.98491304833839,1.208810157688,-66.5468749999999));
#6545=CARTESIAN_POINT('Ctrl Pts',(2.94455039001038,2.94455039005351,-66.3750000000001));
#6546=CARTESIAN_POINT('Ctrl Pts',(1.20881015783596,3.98491304838188,-66.2031249999999));
#6547=CARTESIAN_POINT('Ctrl Pts',(-0.812399625225254,4.08420871745635,-66.03125));
#6548=CARTESIAN_POINT('Ctrl Pts',(-2.64175516572935,3.21898798426987,-65.859375));
#6549=CARTESIAN_POINT('Ctrl Pts',(-3.84724048909917,1.59357918718284,-65.6875));
#6550=CARTESIAN_POINT('Ctrl Pts',(-4.14417122212993,-0.408165238457422,
-65.515625));
#6551=CARTESIAN_POINT('Ctrl Pts',(-3.46242496804778,-2.31351839846001,-65.34375));
#6552=CARTESIAN_POINT('Ctrl Pts',(-1.9630011712173,-3.67251689429171,-65.171875));
#6553=CARTESIAN_POINT('Ctrl Pts',(-1.51859548511281E-8,-4.16422310481068,
-65.));
#6554=CARTESIAN_POINT('Ctrl Pts',(1.96300120799962,-3.67251688331037,-64.828125));
#6555=CARTESIAN_POINT('Ctrl Pts',(3.46242490932811,-2.31351842505825,-64.6562499999999));
#6556=CARTESIAN_POINT('Ctrl Pts',(4.14417132757421,-0.408165185014416,-64.4843750000001));
#6557=CARTESIAN_POINT('Ctrl Pts',(3.84724029241916,1.59357908433517,-64.3124999999999));
#6558=CARTESIAN_POINT('Ctrl Pts',(2.64175553666951,3.21898817993718,-64.140625));
#6559=CARTESIAN_POINT('Ctrl Pts',(0.812398923440194,4.08420834637246,-63.96875));
#6560=CARTESIAN_POINT('Ctrl Pts',(-1.20880882896121,3.98491375152805,-63.796875));
#6561=CARTESIAN_POINT('Ctrl Pts',(-2.94455290693807,2.94454905802373,-63.6249999999999));
#6562=CARTESIAN_POINT('Ctrl Pts',(-3.9849082808357,1.20881268091333,-63.4531250000001));
#6563=CARTESIAN_POINT('Ctrl Pts',(-4.08421774862971,-0.812404404651722,
-63.28125));
#6564=CARTESIAN_POINT('Ctrl Pts',(-3.21897087343224,-2.64174611080106,-63.1093750000001));
#6565=CARTESIAN_POINT('Ctrl Pts',(-1.59361163168509,-3.84725765538027,-62.9374999999999));
#6566=CARTESIAN_POINT('Ctrl Pts',(0.408226971337004,-4.14413858538413,-62.765625));
#6567=CARTESIAN_POINT('Ctrl Pts',(1.98778791126597,-3.57898811048282,-62.6231250000001));
#6568=CARTESIAN_POINT('Ctrl Pts',(2.73107148854677,-2.93950149761818,-62.5379166666667));
#6569=CARTESIAN_POINT('Ctrl Pts',(2.94677084004502,-2.70446432575982,-62.51));
#6570=CARTESIAN_POINT('',(4.25,0.,-73.5));
#6571=CARTESIAN_POINT('Origin',(4.25,0.,-73.25));
#6572=CARTESIAN_POINT('Origin',(4.25,0.,-73.25));
#6573=CARTESIAN_POINT('Origin',(4.25,0.,-73.25));
#6574=CARTESIAN_POINT('Origin',(0.,0.,-62.5));
#6575=CARTESIAN_POINT('',(7.,-8.57252759403147E-16,-62.51));
#6576=CARTESIAN_POINT('Origin',(0.,0.,-62.51));
#6577=CARTESIAN_POINT('',(7.,-8.57252759403147E-16,-62.5));
#6578=CARTESIAN_POINT('',(7.,-8.57252759403147E-16,-62.5));
#6579=CARTESIAN_POINT('Origin',(0.,0.,-62.5));
#6580=CARTESIAN_POINT('Origin',(0.,0.,-62.51));
#6581=CARTESIAN_POINT('Ctrl Pts',(1.76413154480511,8.8243889812623,-37.0980007366221));
#6582=CARTESIAN_POINT('Ctrl Pts',(1.76419689027108,8.82471584680222,-37.0980007366221));
#6583=CARTESIAN_POINT('Ctrl Pts',(1.76426223573705,8.82504271234214,-37.0980007366221));
#6584=CARTESIAN_POINT('Ctrl Pts',(1.76432758120303,8.82536957788207,-37.0980007366221));
#6585=CARTESIAN_POINT('Ctrl Pts',(1.76413154480511,8.8243889812623,-37.2099748060773));
#6586=CARTESIAN_POINT('Ctrl Pts',(1.76419689002754,8.82471584541434,-37.2099748060773));
#6587=CARTESIAN_POINT('Ctrl Pts',(1.7642622359806,8.82504271373002,-37.2099748060773));
#6588=CARTESIAN_POINT('Ctrl Pts',(1.76432758120303,8.82536957788207,-37.2099748060773));
#6589=CARTESIAN_POINT('Ctrl Pts',(1.7379134195492,8.8297359103551,-37.3026004150015));
#6590=CARTESIAN_POINT('Ctrl Pts',(1.73797779394722,8.83006297428676,-37.3026004150015));
#6591=CARTESIAN_POINT('Ctrl Pts',(1.73804216810033,8.83039003721245,-37.3026004150015));
#6592=CARTESIAN_POINT('Ctrl Pts',(1.73810654249836,8.83071710114412,-37.3026004150015));
#6593=CARTESIAN_POINT('Ctrl Pts',(1.63278863765404,8.84977862437724,-37.4491547117886));
#6594=CARTESIAN_POINT('Ctrl Pts',(1.6328491180409,8.85010643072566,-37.4491547117886));
#6595=CARTESIAN_POINT('Ctrl Pts',(1.63290959838705,8.85043423603353,-37.4491547117886));
#6596=CARTESIAN_POINT('Ctrl Pts',(1.63297007877391,8.85076204238194,-37.4491547117886));
#6597=CARTESIAN_POINT('Ctrl Pts',(1.55386613549208,8.86447712910036,-37.5063767546351));
#6598=CARTESIAN_POINT('Ctrl Pts',(1.55392369233877,8.86480547814711,-37.5063767546351));
#6599=CARTESIAN_POINT('Ctrl Pts',(1.55398124962388,8.86513383140698,-37.5063767546351));
#6600=CARTESIAN_POINT('Ctrl Pts',(1.55403880647058,8.86546218045374,-37.5063767546351));
#6601=CARTESIAN_POINT('Ctrl Pts',(1.44823899482151,8.88170055866997,-37.5475436919348));
#6602=CARTESIAN_POINT('Ctrl Pts',(1.44829263926329,8.88202954709678,-37.5475436919348));
#6603=CARTESIAN_POINT('Ctrl Pts',(1.44834628370507,8.88235853552359,-37.5475436919348));
#6604=CARTESIAN_POINT('Ctrl Pts',(1.44839992814686,8.88268752395041,-37.5475436919348));
#6605=CARTESIAN_POINT('',(1.76413154480511,8.8243889812623,-37.0980007366221));
#6606=CARTESIAN_POINT('',(1.44823899482151,8.88170055866997,-37.5475436919348));
#6607=CARTESIAN_POINT('Ctrl Pts',(1.76413154480511,8.8243889812623,-37.0980007366221));
#6608=CARTESIAN_POINT('Ctrl Pts',(1.76413154480511,8.8243889812623,-37.2099748060773));
#6609=CARTESIAN_POINT('Ctrl Pts',(1.7379134195492,8.8297359103551,-37.3026004150015));
#6610=CARTESIAN_POINT('Ctrl Pts',(1.63278863765404,8.84977862437724,-37.4491547117886));
#6611=CARTESIAN_POINT('Ctrl Pts',(1.55386613549208,8.86447712910036,-37.5063767546351));
#6612=CARTESIAN_POINT('Ctrl Pts',(1.44823899482151,8.88170055866997,-37.5475436919348));
#6613=CARTESIAN_POINT('',(1.44839992814686,8.88268752395041,-37.5475436919348));
#6614=CARTESIAN_POINT('',(1.44839992814686,8.88268752395041,-37.5475436919348));
#6615=CARTESIAN_POINT('',(1.76432758120303,8.82536957788207,-37.0980007366221));
#6616=CARTESIAN_POINT('Ctrl Pts',(1.76432758120303,8.82536957788207,-37.0980007366221));
#6617=CARTESIAN_POINT('Ctrl Pts',(1.76432758120303,8.82536957788207,-37.2099748060773));
#6618=CARTESIAN_POINT('Ctrl Pts',(1.73810654249836,8.83071710114412,-37.3026004150015));
#6619=CARTESIAN_POINT('Ctrl Pts',(1.63297007877391,8.85076204238194,-37.4491547117886));
#6620=CARTESIAN_POINT('Ctrl Pts',(1.55403880647058,8.86546218045374,-37.5063767546351));
#6621=CARTESIAN_POINT('Ctrl Pts',(1.44839992814686,8.88268752395041,-37.5475436919348));
#6622=CARTESIAN_POINT('',(1.76432758120303,8.82536957788207,-37.0980007366221));
#6623=CARTESIAN_POINT('Ctrl Pts',(1.44823899482151,8.88170055866997,-37.5475436919348));
#6624=CARTESIAN_POINT('Ctrl Pts',(1.44829263926329,8.88202954709678,-37.5475436919348));
#6625=CARTESIAN_POINT('Ctrl Pts',(1.44834628370507,8.88235853552359,-37.5475436919348));
#6626=CARTESIAN_POINT('Ctrl Pts',(1.44839992814686,8.88268752395041,-37.5475436919348));
#6627=CARTESIAN_POINT('Ctrl Pts',(1.34911198588451,8.89786408488145,-37.5870639517426));
#6628=CARTESIAN_POINT('Ctrl Pts',(1.34916195867375,8.89819367054952,-37.5870639517426));
#6629=CARTESIAN_POINT('Ctrl Pts',(1.34921193108459,8.89852326064074,-37.5870639517426));
#6630=CARTESIAN_POINT('Ctrl Pts',(1.34926190387383,8.89885284630881,-37.5870639517426));
#6631=CARTESIAN_POINT('Ctrl Pts',(1.22289414451818,8.91684833383804,-37.6150574691063));
#6632=CARTESIAN_POINT('Ctrl Pts',(1.22293944196327,8.91717862453836,-37.6150574691063));
#6633=CARTESIAN_POINT('Ctrl Pts',(1.22298473929939,8.91750891416048,-37.6150574691063));
#6634=CARTESIAN_POINT('Ctrl Pts',(1.22303003674448,8.9178392048608,-37.6150574691063));
#6635=CARTESIAN_POINT('Ctrl Pts',(0.915557170330252,8.95362650727757,-37.6479910189461));
#6636=CARTESIAN_POINT('Ctrl Pts',(0.915591083453097,8.95395816028636,-37.6479910189461));
#6637=CARTESIAN_POINT('Ctrl Pts',(0.91562499708632,8.95428981220937,-37.6479910189461));
#6638=CARTESIAN_POINT('Ctrl Pts',(0.915658910209165,8.95462146521816,-37.6479910189461));
#6639=CARTESIAN_POINT('Ctrl Pts',(0.734389954981724,8.97142113678262,-37.656224406406));
#6640=CARTESIAN_POINT('Ctrl Pts',(0.734417158053761,8.97175344708504,-37.656224406406));
#6641=CARTESIAN_POINT('Ctrl Pts',(0.734444359861124,8.97208576182155,-37.656224406406));
#6642=CARTESIAN_POINT('Ctrl Pts',(0.734471562933161,8.97241807212397,-37.656224406406));
#6643=CARTESIAN_POINT('Ctrl Pts',(0.52564217347159,8.98363519436693,-37.656224406406));
#6644=CARTESIAN_POINT('Ctrl Pts',(0.525661643863614,8.98396795857015,-37.656224406406));
#6645=CARTESIAN_POINT('Ctrl Pts',(0.525681114255638,8.98430072277337,-37.656224406406));
#6646=CARTESIAN_POINT('Ctrl Pts',(0.525700584647662,8.98463348697659,-37.656224406406));
#6647=CARTESIAN_POINT('',(0.52564217347159,8.98363519436693,-37.656224406406));
#6648=CARTESIAN_POINT('Ctrl Pts',(1.44823899482151,8.88170055866997,-37.5475436919348));
#6649=CARTESIAN_POINT('Ctrl Pts',(1.34911198588451,8.89786408488145,-37.5870639517426));
#6650=CARTESIAN_POINT('Ctrl Pts',(1.22289414451818,8.91684833383804,-37.6150574691063));
#6651=CARTESIAN_POINT('Ctrl Pts',(0.915557170330252,8.95362650727757,-37.6479910189461));
#6652=CARTESIAN_POINT('Ctrl Pts',(0.734389954981724,8.97142113678262,-37.656224406406));
#6653=CARTESIAN_POINT('Ctrl Pts',(0.52564217347159,8.98363519436693,-37.656224406406));
#6654=CARTESIAN_POINT('',(0.525700584647662,8.98463348697659,-37.656224406406));
#6655=CARTESIAN_POINT('',(0.525700584647662,8.98463348697659,-37.656224406406));
#6656=CARTESIAN_POINT('Ctrl Pts',(1.44839992814686,8.88268752395041,-37.5475436919348));
#6657=CARTESIAN_POINT('Ctrl Pts',(1.34926190387383,8.89885284630881,-37.5870639517426));
#6658=CARTESIAN_POINT('Ctrl Pts',(1.22303003674448,8.9178392048608,-37.6150574691063));
#6659=CARTESIAN_POINT('Ctrl Pts',(0.915658910209165,8.95462146521816,-37.6479910189461));
#6660=CARTESIAN_POINT('Ctrl Pts',(0.734471562933161,8.97241807212397,-37.656224406406));
#6661=CARTESIAN_POINT('Ctrl Pts',(0.525700584647662,8.98463348697659,-37.656224406406));
#6662=CARTESIAN_POINT('Ctrl Pts',(0.52564217347159,8.98363519436693,-37.656224406406));
#6663=CARTESIAN_POINT('Ctrl Pts',(0.525661643863614,8.98396795857015,-37.656224406406));
#6664=CARTESIAN_POINT('Ctrl Pts',(0.525681114255638,8.98430072277337,-37.656224406406));
#6665=CARTESIAN_POINT('Ctrl Pts',(0.525700584647662,8.98463348697659,-37.656224406406));
#6666=CARTESIAN_POINT('Ctrl Pts',(0.316894391961455,8.99584925195123,-37.656224406406));
#6667=CARTESIAN_POINT('Ctrl Pts',(0.316906129499547,8.9961824671558,-37.656224406406));
#6668=CARTESIAN_POINT('Ctrl Pts',(0.316917868824071,8.99651568662463,-37.656224406406));
#6669=CARTESIAN_POINT('Ctrl Pts',(0.316929606362162,8.99684890182921,-37.656224406406));
#6670=CARTESIAN_POINT('Ctrl Pts',(0.135299543040168,8.99928097415559,-37.6479910189461));
#6671=CARTESIAN_POINT('Ctrl Pts',(0.135304554906092,8.99961431827561,-37.6479910189461));
#6672=CARTESIAN_POINT('Ctrl Pts',(0.135309566127355,8.99994766125839,-37.6479910189461));
#6673=CARTESIAN_POINT('Ctrl Pts',(0.135314577993279,9.00028100537841,-37.6479910189461));
#6674=CARTESIAN_POINT('Ctrl Pts',(-0.172582413097988,8.99865009107024,-37.6150574691063));
#6675=CARTESIAN_POINT('Ctrl Pts',(-0.172588805747912,8.99898341172345,-37.6150574691063));
#6676=CARTESIAN_POINT('Ctrl Pts',(-0.172595198402626,8.99931673153395,-37.6150574691063));
#6677=CARTESIAN_POINT('Ctrl Pts',(-0.17260159105255,8.99965005218715,-37.6150574691063));
#6678=CARTESIAN_POINT('Ctrl Pts',(-0.301390216165731,8.99454972053905,-37.5862406129966));
#6679=CARTESIAN_POINT('Ctrl Pts',(-0.301401380297086,8.99488288774994,-37.5862406129966));
#6680=CARTESIAN_POINT('Ctrl Pts',(-0.301412543557453,8.99521605879771,-37.5862406129966));
#6681=CARTESIAN_POINT('Ctrl Pts',(-0.301423707688808,8.9955492260086,-37.5862406129966));
#6682=CARTESIAN_POINT('Ctrl Pts',(-0.405014261653004,8.98988122545886,-37.5450736756968));
#6683=CARTESIAN_POINT('Ctrl Pts',(-0.405029263848124,8.99021422102227,-37.5450736756968));
#6684=CARTESIAN_POINT('Ctrl Pts',(-0.405044266043244,8.99054721658569,-37.5450736756968));
#6685=CARTESIAN_POINT('Ctrl Pts',(-0.405059268238364,8.9908802121491,-37.5450736756968));
#6686=CARTESIAN_POINT('',(-0.405014261653004,8.98988122545886,-37.5450736756968));
#6687=CARTESIAN_POINT('Ctrl Pts',(0.52564217347159,8.98363519436693,-37.656224406406));
#6688=CARTESIAN_POINT('Ctrl Pts',(0.316894391961455,8.99584925195123,-37.656224406406));
#6689=CARTESIAN_POINT('Ctrl Pts',(0.135299543040168,8.99928097415559,-37.6479910189461));
#6690=CARTESIAN_POINT('Ctrl Pts',(-0.172582413097988,8.99865009107024,-37.6150574691063));
#6691=CARTESIAN_POINT('Ctrl Pts',(-0.301390216165731,8.99454972053905,-37.5862406129966));
#6692=CARTESIAN_POINT('Ctrl Pts',(-0.405014261653004,8.98988122545886,-37.5450736756968));
#6693=CARTESIAN_POINT('',(-0.405059268238364,8.9908802121491,-37.5450736756968));
#6694=CARTESIAN_POINT('',(-0.405059268238364,8.9908802121491,-37.5450736756968));
#6695=CARTESIAN_POINT('Ctrl Pts',(0.525700584647662,8.98463348697659,-37.656224406406));
#6696=CARTESIAN_POINT('Ctrl Pts',(0.316929606362162,8.99684890182921,-37.656224406406));
#6697=CARTESIAN_POINT('Ctrl Pts',(0.135314577993279,9.00028100537841,-37.6479910189461));
#6698=CARTESIAN_POINT('Ctrl Pts',(-0.17260159105255,8.99965005218715,-37.6150574691063));
#6699=CARTESIAN_POINT('Ctrl Pts',(-0.301423707688808,8.9955492260086,-37.5862406129966));
#6700=CARTESIAN_POINT('Ctrl Pts',(-0.405059268238364,8.9908802121491,-37.5450736756968));
#6701=CARTESIAN_POINT('Ctrl Pts',(-0.405014261653004,8.98988122545886,-37.5450736756968));
#6702=CARTESIAN_POINT('Ctrl Pts',(-0.405029263848124,8.99021422102227,-37.5450736756968));
#6703=CARTESIAN_POINT('Ctrl Pts',(-0.405044266043244,8.99054721658569,-37.5450736756968));
#6704=CARTESIAN_POINT('Ctrl Pts',(-0.405059268238364,8.9908802121491,-37.5450736756968));
#6705=CARTESIAN_POINT('Ctrl Pts',(-0.508638307140278,8.98521273037867,-37.5039067383971));
#6706=CARTESIAN_POINT('Ctrl Pts',(-0.508657147705975,8.98554555174493,-37.5039067383971));
#6707=CARTESIAN_POINT('Ctrl Pts',(-0.508675988222223,8.98587837692333,-37.5039067383971));
#6708=CARTESIAN_POINT('Ctrl Pts',(-0.508694828787921,8.98621119828959,-37.5039067383971));
#6709=CARTESIAN_POINT('Ctrl Pts',(-0.587095636482856,8.97997564878528,-37.4475080342966));
#6710=CARTESIAN_POINT('Ctrl Pts',(-0.587117383156119,8.98030827772101,-37.4475080342966));
#6711=CARTESIAN_POINT('Ctrl Pts',(-0.587139129906992,8.98064090579787,-37.4475080342966));
#6712=CARTESIAN_POINT('Ctrl Pts',(-0.587160876580254,8.98097353473359,-37.4475080342966));
#6713=CARTESIAN_POINT('Ctrl Pts',(-0.69384264940301,8.97235375901371,-37.3042470924936));
#6714=CARTESIAN_POINT('Ctrl Pts',(-0.69386835017585,8.97268610570105,-37.3042470924936));
#6715=CARTESIAN_POINT('Ctrl Pts',(-0.693894050824791,8.97301845130393,-37.3042470924936));
#6716=CARTESIAN_POINT('Ctrl Pts',(-0.693919751597632,8.97335079799127,-37.3042470924936));
#6717=CARTESIAN_POINT('Ctrl Pts',(-0.720506047436408,8.97010992327338,-37.2116214835692));
#6718=CARTESIAN_POINT('Ctrl Pts',(-0.720532735731358,8.97044218510544,-37.2116214835692));
#6719=CARTESIAN_POINT('Ctrl Pts',(-0.720559424265076,8.97077445107608,-37.2116214835692));
#6720=CARTESIAN_POINT('Ctrl Pts',(-0.720586112560026,8.97110671290815,-37.2116214835692));
#6721=CARTESIAN_POINT('Ctrl Pts',(-0.720506047436408,8.97010992327338,-37.0980007366221));
#6722=CARTESIAN_POINT('Ctrl Pts',(-0.720532735810948,8.97044218648497,-37.0980007366221));
#6723=CARTESIAN_POINT('Ctrl Pts',(-0.720559424185487,8.97077444969656,-37.0980007366221));
#6724=CARTESIAN_POINT('Ctrl Pts',(-0.720586112560026,8.97110671290815,-37.0980007366221));
#6725=CARTESIAN_POINT('',(-0.720506047436408,8.97010992327338,-37.0980007366221));
#6726=CARTESIAN_POINT('Ctrl Pts',(-0.405014261653004,8.98988122545886,-37.5450736756968));
#6727=CARTESIAN_POINT('Ctrl Pts',(-0.508638307140278,8.98521273037867,-37.5039067383971));
#6728=CARTESIAN_POINT('Ctrl Pts',(-0.587095636482856,8.97997564878528,-37.4475080342966));
#6729=CARTESIAN_POINT('Ctrl Pts',(-0.69384264940301,8.97235375901371,-37.3042470924936));
#6730=CARTESIAN_POINT('Ctrl Pts',(-0.720506047436408,8.97010992327338,-37.2116214835692));
#6731=CARTESIAN_POINT('Ctrl Pts',(-0.720506047436408,8.97010992327338,-37.0980007366221));
#6732=CARTESIAN_POINT('',(-0.720586112560026,8.97110671290815,-37.0980007366221));
#6733=CARTESIAN_POINT('',(-0.720586112560026,8.97110671290815,-37.0980007366221));
#6734=CARTESIAN_POINT('Ctrl Pts',(-0.405059268238364,8.9908802121491,-37.5450736756968));
#6735=CARTESIAN_POINT('Ctrl Pts',(-0.508694828787921,8.98621119828959,-37.5039067383971));
#6736=CARTESIAN_POINT('Ctrl Pts',(-0.587160876580254,8.98097353473359,-37.4475080342966));
#6737=CARTESIAN_POINT('Ctrl Pts',(-0.693919751597632,8.97335079799127,-37.3042470924936));
#6738=CARTESIAN_POINT('Ctrl Pts',(-0.720586112560026,8.97110671290815,-37.2116214835692));
#6739=CARTESIAN_POINT('Ctrl Pts',(-0.720586112560026,8.97110671290815,-37.0980007366221));
#6740=CARTESIAN_POINT('Ctrl Pts',(-0.720506047436408,8.97010992327338,-37.0980007366221));
#6741=CARTESIAN_POINT('Ctrl Pts',(-0.720532735810948,8.97044218648497,-37.0980007366221));
#6742=CARTESIAN_POINT('Ctrl Pts',(-0.720559424185487,8.97077444969656,-37.0980007366221));
#6743=CARTESIAN_POINT('Ctrl Pts',(-0.720586112560026,8.97110671290815,-37.0980007366221));
#6744=CARTESIAN_POINT('Ctrl Pts',(-0.720506047436408,8.97010992327338,-36.9843799896749));
#6745=CARTESIAN_POINT('Ctrl Pts',(-0.720532735731313,8.97044218507814,-36.9843799896749));
#6746=CARTESIAN_POINT('Ctrl Pts',(-0.720559424265122,8.97077445110339,-36.9843799896749));
#6747=CARTESIAN_POINT('Ctrl Pts',(-0.720586112560026,8.97110671290815,-36.9843799896749));
#6748=CARTESIAN_POINT('Ctrl Pts',(-0.693842634205753,8.97235541012844,-36.8909310420045));
#6749=CARTESIAN_POINT('Ctrl Pts',(-0.693868334978676,8.97268775685821,-36.8909310420045));
#6750=CARTESIAN_POINT('Ctrl Pts',(-0.693894035625764,8.97302010255969,-36.8909310420045));
#6751=CARTESIAN_POINT('Ctrl Pts',(-0.693919736398687,8.97335244928947,-36.8909310420045));
#6752=CARTESIAN_POINT('Ctrl Pts',(-0.587095665300331,8.97997210590892,-36.7443767452176));
#6753=CARTESIAN_POINT('Ctrl Pts',(-0.587117411973407,8.98030473477338,-36.7443767452176));
#6754=CARTESIAN_POINT('Ctrl Pts',(-0.587139158727853,8.98063736259908,-36.7443767452176));
#6755=CARTESIAN_POINT('Ctrl Pts',(-0.58716090540093,8.98096999146353,-36.7443767452176));
#6756=CARTESIAN_POINT('Ctrl Pts',(-0.506996048002681,8.98534416406417,-36.686331363625));
#6757=CARTESIAN_POINT('Ctrl Pts',(-0.507014827739751,8.98567699015777,-36.686331363625));
#6758=CARTESIAN_POINT('Ctrl Pts',(-0.50703360741974,8.98600982048685,-36.686331363625));
#6759=CARTESIAN_POINT('Ctrl Pts',(-0.50705238715681,8.98634264658046,-36.686331363625));
#6760=CARTESIAN_POINT('Ctrl Pts',(-0.400079722532296,8.99010218048819,-36.6435177488333));
#6761=CARTESIAN_POINT('Ctrl Pts',(-0.400094541946399,8.99043518423603,-36.6435177488333));
#6762=CARTESIAN_POINT('Ctrl Pts',(-0.400109361360502,8.99076818798387,-36.6435177488333));
#6763=CARTESIAN_POINT('Ctrl Pts',(-0.400124180774604,8.99110119173171,-36.6435177488333));
#6764=CARTESIAN_POINT('',(-0.400079722532296,8.99010218048819,-36.6435177488333));
#6765=CARTESIAN_POINT('Ctrl Pts',(-0.720506047436408,8.97010992327338,-37.0980007366221));
#6766=CARTESIAN_POINT('Ctrl Pts',(-0.720506047436408,8.97010992327338,-36.9843799896749));
#6767=CARTESIAN_POINT('Ctrl Pts',(-0.693842634205753,8.97235541012844,-36.8909310420045));
#6768=CARTESIAN_POINT('Ctrl Pts',(-0.587095665300331,8.97997210590892,-36.7443767452176));
#6769=CARTESIAN_POINT('Ctrl Pts',(-0.506996048002681,8.98534416406417,-36.686331363625));
#6770=CARTESIAN_POINT('Ctrl Pts',(-0.400079722532296,8.99010218048819,-36.6435177488333));
#6771=CARTESIAN_POINT('',(-0.400124180774604,8.99110119173171,-36.6435177488333));
#6772=CARTESIAN_POINT('',(-0.400124180774604,8.99110119173171,-36.6435177488333));
#6773=CARTESIAN_POINT('Ctrl Pts',(-0.720586112560026,8.97110671290815,-37.0980007366221));
#6774=CARTESIAN_POINT('Ctrl Pts',(-0.720586112560026,8.97110671290815,-36.9843799896749));
#6775=CARTESIAN_POINT('Ctrl Pts',(-0.693919736398687,8.97335244928947,-36.8909310420045));
#6776=CARTESIAN_POINT('Ctrl Pts',(-0.58716090540093,8.98096999146353,-36.7443767452176));
#6777=CARTESIAN_POINT('Ctrl Pts',(-0.50705238715681,8.98634264658046,-36.686331363625));
#6778=CARTESIAN_POINT('Ctrl Pts',(-0.400124180774604,8.99110119173171,-36.6435177488333));
#6779=CARTESIAN_POINT('Ctrl Pts',(-0.400079722532296,8.99010218048819,-36.6435177488333));
#6780=CARTESIAN_POINT('Ctrl Pts',(-0.400094541946399,8.99043518423603,-36.6435177488333));
#6781=CARTESIAN_POINT('Ctrl Pts',(-0.400109361360502,8.99076818798387,-36.6435177488333));
#6782=CARTESIAN_POINT('Ctrl Pts',(-0.400124180774604,8.99110119173171,-36.6435177488333));
#6783=CARTESIAN_POINT('Ctrl Pts',(-0.296453130153311,8.99471379640685,-36.6023508115336));
#6784=CARTESIAN_POINT('Ctrl Pts',(-0.296464111403556,8.99504696962467,-36.6023508115336));
#6785=CARTESIAN_POINT('Ctrl Pts',(-0.296475091800071,8.99538014689127,-36.6023508115336));
#6786=CARTESIAN_POINT('Ctrl Pts',(-0.296486073050317,8.99571332010909,-36.6023508115336));
#6787=CARTESIAN_POINT('Ctrl Pts',(-0.165587479277317,8.9988420079058,-36.5743572941698));
#6788=CARTESIAN_POINT('Ctrl Pts',(-0.165593612794319,8.99917533581646,-36.5743572941698));
#6789=CARTESIAN_POINT('Ctrl Pts',(-0.165599746413641,8.99950866243852,-36.5743572941698));
#6790=CARTESIAN_POINT('Ctrl Pts',(-0.165605879930643,8.99984199034918,-36.5743572941698));
#6791=CARTESIAN_POINT('Ctrl Pts',(0.150533938036498,8.99912636314427,-36.5447170993141));
#6792=CARTESIAN_POINT('Ctrl Pts',(0.150539514129889,8.99945970128023,-36.5447170993141));
#6793=CARTESIAN_POINT('Ctrl Pts',(0.150545089794872,8.9997930390502,-36.5447170993141));
#6794=CARTESIAN_POINT('Ctrl Pts',(0.150550665888263,9.00012637718617,-36.5447170993141));
#6795=CARTESIAN_POINT('Ctrl Pts',(0.329225198252274,8.99518219400304,-36.5373070506001));
#6796=CARTESIAN_POINT('Ctrl Pts',(0.329237392694261,8.9955153850146,-36.5373070506001));
#6797=CARTESIAN_POINT('Ctrl Pts',(0.32924958845283,8.99584857874368,-36.5373070506001));
#6798=CARTESIAN_POINT('Ctrl Pts',(0.329261782894817,8.99618176975524,-36.5373070506001));
#6799=CARTESIAN_POINT('Ctrl Pts',(0.528107678623226,8.98349059551905,-36.5373070506001));
#6800=CARTESIAN_POINT('Ctrl Pts',(0.528127240340403,8.98382335436616,-36.5373070506001));
#6801=CARTESIAN_POINT('Ctrl Pts',(0.52814680205758,8.98415611321328,-36.5373070506001));
#6802=CARTESIAN_POINT('Ctrl Pts',(0.528166363774757,8.98448887206039,-36.5373070506001));
#6803=CARTESIAN_POINT('',(0.528107678623226,8.98349059551905,-36.5373070506001));
#6804=CARTESIAN_POINT('Ctrl Pts',(-0.400079722532296,8.99010218048819,-36.6435177488333));
#6805=CARTESIAN_POINT('Ctrl Pts',(-0.296453130153311,8.99471379640685,-36.6023508115336));
#6806=CARTESIAN_POINT('Ctrl Pts',(-0.165587479277317,8.9988420079058,-36.5743572941698));
#6807=CARTESIAN_POINT('Ctrl Pts',(0.150533938036498,8.99912636314427,-36.5447170993141));
#6808=CARTESIAN_POINT('Ctrl Pts',(0.329225198252274,8.99518219400304,-36.5373070506001));
#6809=CARTESIAN_POINT('Ctrl Pts',(0.528107678623226,8.98349059551905,-36.5373070506001));
#6810=CARTESIAN_POINT('',(0.528166363774757,8.98448887206039,-36.5373070506001));
#6811=CARTESIAN_POINT('',(0.528166363774757,8.98448887206039,-36.5373070506001));
#6812=CARTESIAN_POINT('Ctrl Pts',(-0.400124180774604,8.99110119173171,-36.6435177488333));
#6813=CARTESIAN_POINT('Ctrl Pts',(-0.296486073050317,8.99571332010909,-36.6023508115336));
#6814=CARTESIAN_POINT('Ctrl Pts',(-0.165605879930643,8.99984199034918,-36.5743572941698));
#6815=CARTESIAN_POINT('Ctrl Pts',(0.150550665888263,9.00012637718617,-36.5447170993141));
#6816=CARTESIAN_POINT('Ctrl Pts',(0.329261782894817,8.99618176975524,-36.5373070506001));
#6817=CARTESIAN_POINT('Ctrl Pts',(0.528166363774757,8.98448887206039,-36.5373070506001));
#6818=CARTESIAN_POINT('Ctrl Pts',(0.528107678623226,8.98349059551905,-36.5373070506001));
#6819=CARTESIAN_POINT('Ctrl Pts',(0.528127240340403,8.98382335436616,-36.5373070506001));
#6820=CARTESIAN_POINT('Ctrl Pts',(0.52814680205758,8.98415611321328,-36.5373070506001));
#6821=CARTESIAN_POINT('Ctrl Pts',(0.528166363774757,8.98448887206039,-36.5373070506001));
#6822=CARTESIAN_POINT('Ctrl Pts',(0.741783070757307,8.97092937400732,-36.5373070506001));
#6823=CARTESIAN_POINT('Ctrl Pts',(0.74181054774172,8.97126166539454,-36.5373070506001));
#6824=CARTESIAN_POINT('Ctrl Pts',(0.741838023272923,8.97159396331507,-36.5373070506001));
#6825=CARTESIAN_POINT('Ctrl Pts',(0.741865500257336,8.97192625470229,-36.5373070506001));
#6826=CARTESIAN_POINT('Ctrl Pts',(0.919630972617818,8.95298613864565,-36.543893760568));
#6827=CARTESIAN_POINT('Ctrl Pts',(0.919665036615437,8.95331776840798,-36.543893760568));
#6828=CARTESIAN_POINT('Ctrl Pts',(0.919699101194109,8.95364939566392,-36.543893760568));
#6829=CARTESIAN_POINT('Ctrl Pts',(0.919733165191728,8.95398102542625,-36.543893760568));
#6830=CARTESIAN_POINT('Ctrl Pts',(1.20410687460245,8.91924279678621,-36.5702406004398));
#6831=CARTESIAN_POINT('Ctrl Pts',(1.20415147614683,8.91957317571837,-36.5702406004398));
#6832=CARTESIAN_POINT('Ctrl Pts',(1.20419607757797,8.91990355495781,-36.5702406004398));
#6833=CARTESIAN_POINT('Ctrl Pts',(1.20424067912235,8.92023393388997,-36.5702406004398));
#6834=CARTESIAN_POINT('Ctrl Pts',(1.33040881934988,8.90081730963603,-36.5982341178036));
#6835=CARTESIAN_POINT('Ctrl Pts',(1.33045809937983,8.9011470053481,-36.5982341178036));
#6836=CARTESIAN_POINT('Ctrl Pts',(1.3305073789487,8.90147670352386,-36.5982341178036));
#6837=CARTESIAN_POINT('Ctrl Pts',(1.33055665897865,8.90180639923594,-36.5982341178036));
#6838=CARTESIAN_POINT('Ctrl Pts',(1.44092585657649,8.88288993942002,-36.6410477325953));
#6839=CARTESIAN_POINT('Ctrl Pts',(1.4409792301312,8.88321897190286,-36.6410477325953));
#6840=CARTESIAN_POINT('Ctrl Pts',(1.44103260368591,8.88354800438571,-36.6410477325953));
#6841=CARTESIAN_POINT('Ctrl Pts',(1.44108597724063,8.88387703686856,-36.6410477325953));
#6842=CARTESIAN_POINT('',(1.44092585657649,8.88288993942002,-36.6410477325953));
#6843=CARTESIAN_POINT('Ctrl Pts',(0.528107678623226,8.98349059551905,-36.5373070506001));
#6844=CARTESIAN_POINT('Ctrl Pts',(0.741783070757307,8.97092937400732,-36.5373070506001));
#6845=CARTESIAN_POINT('Ctrl Pts',(0.919630972617818,8.95298613864565,-36.543893760568));
#6846=CARTESIAN_POINT('Ctrl Pts',(1.20410687460245,8.91924279678621,-36.5702406004398));
#6847=CARTESIAN_POINT('Ctrl Pts',(1.33040881934988,8.90081730963603,-36.5982341178036));
#6848=CARTESIAN_POINT('Ctrl Pts',(1.44092585657649,8.88288993942002,-36.6410477325953));
#6849=CARTESIAN_POINT('',(1.44108597724063,8.88387703686856,-36.6410477325953));
#6850=CARTESIAN_POINT('',(1.44108597724063,8.88387703686856,-36.6410477325953));
#6851=CARTESIAN_POINT('Ctrl Pts',(0.528166363774757,8.98448887206039,-36.5373070506001));
#6852=CARTESIAN_POINT('Ctrl Pts',(0.741865500257336,8.97192625470229,-36.5373070506001));
#6853=CARTESIAN_POINT('Ctrl Pts',(0.919733165191728,8.95398102542625,-36.543893760568));
#6854=CARTESIAN_POINT('Ctrl Pts',(1.20424067912235,8.92023393388997,-36.5702406004398));
#6855=CARTESIAN_POINT('Ctrl Pts',(1.33055665897865,8.90180639923594,-36.5982341178036));
#6856=CARTESIAN_POINT('Ctrl Pts',(1.44108597724063,8.88387703686856,-36.6410477325953));
#6857=CARTESIAN_POINT('Ctrl Pts',(1.44092585657649,8.88288993942002,-36.6410477325953));
#6858=CARTESIAN_POINT('Ctrl Pts',(1.4409792301312,8.88321897190286,-36.6410477325953));
#6859=CARTESIAN_POINT('Ctrl Pts',(1.44103260368591,8.88354800438571,-36.6410477325953));
#6860=CARTESIAN_POINT('Ctrl Pts',(1.44108597724063,8.88387703686856,-36.6410477325953));
#6861=CARTESIAN_POINT('Ctrl Pts',(1.5449418916133,8.86601712039318,-36.680567992403));
#6862=CARTESIAN_POINT('Ctrl Pts',(1.5449991179196,8.86634552666051,-36.680567992403));
#6863=CARTESIAN_POINT('Ctrl Pts',(1.54505634459265,8.8666739366084,-36.680567992403));
#6864=CARTESIAN_POINT('Ctrl Pts',(1.54511357089895,8.86700234287573,-36.680567992403));
#6865=CARTESIAN_POINT('Ctrl Pts',(1.62469682075979,8.85129534914849,-36.7369666965036));
#6866=CARTESIAN_POINT('Ctrl Pts',(1.62475700140065,8.85162321157122,-36.7369666965036));
#6867=CARTESIAN_POINT('Ctrl Pts',(1.62481718204811,8.85195107327417,-36.7369666965036));
#6868=CARTESIAN_POINT('Ctrl Pts',(1.62487736268897,8.8522789356969,-36.7369666965036));
#6869=CARTESIAN_POINT('Ctrl Pts',(1.73630061818436,8.83006745669426,-36.8835209932906));
#6870=CARTESIAN_POINT('Ctrl Pts',(1.73636493285738,8.83039453299669,-36.8835209932906));
#6871=CARTESIAN_POINT('Ctrl Pts',(1.73642924724044,8.83072160802342,-36.8835209932906));
#6872=CARTESIAN_POINT('Ctrl Pts',(1.73649356191346,8.83104868432585,-36.8835209932906));
#6873=CARTESIAN_POINT('Ctrl Pts',(1.76413154480511,8.8243889812623,-36.9794399571989));
#6874=CARTESIAN_POINT('Ctrl Pts',(1.76419689000679,8.82471584530681,-36.9794399571989));
#6875=CARTESIAN_POINT('Ctrl Pts',(1.76426223600135,8.82504271383756,-36.9794399571989));
#6876=CARTESIAN_POINT('Ctrl Pts',(1.76432758120303,8.82536957788207,-36.9794399571989));
#6877=CARTESIAN_POINT('Ctrl Pts',(1.76413154480511,8.8243889812623,-37.0980007366221));
#6878=CARTESIAN_POINT('Ctrl Pts',(1.76419689027108,8.82471584680222,-37.0980007366221));
#6879=CARTESIAN_POINT('Ctrl Pts',(1.76426223573705,8.82504271234214,-37.0980007366221));
#6880=CARTESIAN_POINT('Ctrl Pts',(1.76432758120303,8.82536957788207,-37.0980007366221));
#6881=CARTESIAN_POINT('Ctrl Pts',(1.44092585657649,8.88288993942002,-36.6410477325953));
#6882=CARTESIAN_POINT('Ctrl Pts',(1.5449418916133,8.86601712039318,-36.680567992403));
#6883=CARTESIAN_POINT('Ctrl Pts',(1.62469682075979,8.85129534914849,-36.7369666965036));
#6884=CARTESIAN_POINT('Ctrl Pts',(1.73630061818436,8.83006745669426,-36.8835209932906));
#6885=CARTESIAN_POINT('Ctrl Pts',(1.76413154480511,8.8243889812623,-36.9794399571989));
#6886=CARTESIAN_POINT('Ctrl Pts',(1.76413154480511,8.8243889812623,-37.0980007366221));
#6887=CARTESIAN_POINT('Ctrl Pts',(1.44108597724063,8.88387703686856,-36.6410477325953));
#6888=CARTESIAN_POINT('Ctrl Pts',(1.54511357089895,8.86700234287573,-36.680567992403));
#6889=CARTESIAN_POINT('Ctrl Pts',(1.62487736268897,8.8522789356969,-36.7369666965036));
#6890=CARTESIAN_POINT('Ctrl Pts',(1.73649356191346,8.83104868432585,-36.8835209932906));
#6891=CARTESIAN_POINT('Ctrl Pts',(1.76432758120303,8.82536957788207,-36.9794399571989));
#6892=CARTESIAN_POINT('Ctrl Pts',(1.76432758120303,8.82536957788207,-37.0980007366221));
#6893=CARTESIAN_POINT('Origin',(0.,0.,-2.5));
#6894=CARTESIAN_POINT('',(-1.05718574290688,8.93668614783995,-37.0980007366221));
#6895=CARTESIAN_POINT('',(0.52564217347159,8.98363519436693,-38.0711871343871));
#6896=CARTESIAN_POINT('Ctrl Pts',(-1.05718574290688,8.93668614783995,-37.0980007366221));
#6897=CARTESIAN_POINT('Ctrl Pts',(-1.05718574290688,8.93668614783995,-37.4322762674957));
#6898=CARTESIAN_POINT('Ctrl Pts',(-0.926404899281722,8.95468424550018,-37.6780428831748));
#6899=CARTESIAN_POINT('Ctrl Pts',(-0.40145711685479,8.99353492507497,-37.9925582841447));
#6900=CARTESIAN_POINT('Ctrl Pts',(-0.00362385523914571,9.01460311989563,
-38.0711871343871));
#6901=CARTESIAN_POINT('Ctrl Pts',(0.52564217347159,8.98363519436693,-38.0711871343871));
#6902=CARTESIAN_POINT('',(0.528107678623226,8.98349059551905,-36.1223443226191));
#6903=CARTESIAN_POINT('Ctrl Pts',(0.528107678623226,8.98349059551905,-36.1223443226191));
#6904=CARTESIAN_POINT('Ctrl Pts',(-0.0208737134751098,9.0157632723261,-36.1223443226191));
#6905=CARTESIAN_POINT('Ctrl Pts',(-0.424093100988598,8.99200710361058,-36.2017965116075));
#6906=CARTESIAN_POINT('Ctrl Pts',(-0.930874698316855,8.95411105588068,-36.5196052675612));
#6907=CARTESIAN_POINT('Ctrl Pts',(-1.05718574290688,8.93668614783995,-36.7653718832404));
#6908=CARTESIAN_POINT('Ctrl Pts',(-1.05718574290688,8.93668614783995,-37.0980007366221));
#6909=CARTESIAN_POINT('',(2.09459595240264,8.75183802387695,-37.0980007366221));
#6910=CARTESIAN_POINT('Ctrl Pts',(2.09459595240264,8.75183802387695,-37.0980007366221));
#6911=CARTESIAN_POINT('Ctrl Pts',(2.09459595240264,8.75183802387695,-36.7620785282565));
#6912=CARTESIAN_POINT('Ctrl Pts',(1.96800721156661,8.78469569518901,-36.5154885738312));
#6913=CARTESIAN_POINT('Ctrl Pts',(1.45609373196498,8.88383064936412,-36.2009731728615));
#6914=CARTESIAN_POINT('Ctrl Pts',(1.06229615895843,8.95208754173973,-36.1223443226191));
#6915=CARTESIAN_POINT('Ctrl Pts',(0.528107678623226,8.98349059551905,-36.1223443226191));
#6916=CARTESIAN_POINT('Ctrl Pts',(0.52564217347159,8.98363519436693,-38.0711871343871));
#6917=CARTESIAN_POINT('Ctrl Pts',(1.0713450353721,8.95170553202056,-38.0711871343871));
#6918=CARTESIAN_POINT('Ctrl Pts',(1.46826464201356,8.88157018133399,-37.9917349453987));
#6919=CARTESIAN_POINT('Ctrl Pts',(1.97038961237305,8.78409441185679,-37.6739261894449));
#6920=CARTESIAN_POINT('Ctrl Pts',(2.09459595240264,8.75183802387695,-37.4289829125117));
#6921=CARTESIAN_POINT('Ctrl Pts',(2.09459595240264,8.75183802387695,-37.0980007366221));
#6922=CARTESIAN_POINT('Ctrl Pts',(-1.05718574290688,8.93668614783995,-37.0980007366221));
#6923=CARTESIAN_POINT('Ctrl Pts',(-1.05722490228544,8.93701717299637,-37.0980007366221));
#6924=CARTESIAN_POINT('Ctrl Pts',(-1.057264061664,8.93734819815279,-37.0980007366221));
#6925=CARTESIAN_POINT('Ctrl Pts',(-1.05730322104255,8.93767922330921,-37.0980007366221));
#6926=CARTESIAN_POINT('Ctrl Pts',(-1.05718574290688,8.93668614783995,-37.4322762674957));
#6927=CARTESIAN_POINT('Ctrl Pts',(-1.05722490208384,8.9370171368154,-37.4322762674957));
#6928=CARTESIAN_POINT('Ctrl Pts',(-1.0572640618656,8.93734823433376,-37.4322762674957));
#6929=CARTESIAN_POINT('Ctrl Pts',(-1.05730322104255,8.93767922330921,-37.4322762674957));
#6930=CARTESIAN_POINT('Ctrl Pts',(-0.926404899281722,8.95468424550018,-37.6780428831748));
#6931=CARTESIAN_POINT('Ctrl Pts',(-0.926439218028214,8.95501594619821,-37.6780428831748));
#6932=CARTESIAN_POINT('Ctrl Pts',(-0.926473525851299,8.95534762028225,-37.6780428831748));
#6933=CARTESIAN_POINT('Ctrl Pts',(-0.92650784459779,8.95567932098028,-37.6780428831748));
#6934=CARTESIAN_POINT('Ctrl Pts',(-0.40145711685479,8.99353492507497,-37.9925582841447));
#6935=CARTESIAN_POINT('Ctrl Pts',(-0.401471980526322,8.99386806506858,-37.9925582841447));
#6936=CARTESIAN_POINT('Ctrl Pts',(-0.401486864486385,8.99420117778333,-37.9925582841447));
#6937=CARTESIAN_POINT('Ctrl Pts',(-0.401501728157918,8.99453431777694,-37.9925582841447));
#6938=CARTESIAN_POINT('Ctrl Pts',(-0.00362385523914571,9.01460311989563,
-38.0711871343871));
#6939=CARTESIAN_POINT('Ctrl Pts',(-0.00362400230640953,9.014936994725,-38.0711871343871));
#6940=CARTESIAN_POINT('Ctrl Pts',(-0.00362411086720801,9.0152709789389,
-38.0711871343871));
#6941=CARTESIAN_POINT('Ctrl Pts',(-0.00362425793447183,9.01560485376827,
-38.0711871343871));
#6942=CARTESIAN_POINT('Ctrl Pts',(0.52564217347159,8.98363519436693,-38.0711871343871));
#6943=CARTESIAN_POINT('Ctrl Pts',(0.525661643863614,8.98396795857015,-38.0711871343871));
#6944=CARTESIAN_POINT('Ctrl Pts',(0.525681114255638,8.98430072277337,-38.0711871343871));
#6945=CARTESIAN_POINT('Ctrl Pts',(0.525700584647662,8.98463348697659,-38.0711871343871));
#6946=CARTESIAN_POINT('',(0.525700584647662,8.98463348697659,-38.0711871343871));
#6947=CARTESIAN_POINT('',(0.525700584647662,8.98463348697659,-38.0711871343871));
#6948=CARTESIAN_POINT('',(-1.05730322104255,8.93767922330921,-37.0980007366221));
#6949=CARTESIAN_POINT('Ctrl Pts',(-1.05730322104255,8.93767922330921,-37.0980007366221));
#6950=CARTESIAN_POINT('Ctrl Pts',(-1.05730322104255,8.93767922330921,-37.4322762674957));
#6951=CARTESIAN_POINT('Ctrl Pts',(-0.92650784459779,8.95567932098028,-37.6780428831748));
#6952=CARTESIAN_POINT('Ctrl Pts',(-0.401501728157918,8.99453431777694,-37.9925582841447));
#6953=CARTESIAN_POINT('Ctrl Pts',(-0.00362425793447183,9.01560485376827,
-38.0711871343871));
#6954=CARTESIAN_POINT('Ctrl Pts',(0.525700584647662,8.98463348697659,-38.0711871343871));
#6955=CARTESIAN_POINT('',(-1.05730322104255,8.93767922330921,-37.0980007366221));
#6956=CARTESIAN_POINT('Ctrl Pts',(0.528107678623226,8.98349059551905,-36.1223443226191));
#6957=CARTESIAN_POINT('Ctrl Pts',(0.528127240340403,8.98382335436616,-36.1223443226191));
#6958=CARTESIAN_POINT('Ctrl Pts',(0.52814680205758,8.98415611321328,-36.1223443226191));
#6959=CARTESIAN_POINT('Ctrl Pts',(0.528166363774757,8.98448887206039,-36.1223443226191));
#6960=CARTESIAN_POINT('Ctrl Pts',(-0.0208737134751098,9.0157632723261,-36.1223443226191));
#6961=CARTESIAN_POINT('Ctrl Pts',(-0.0208745012111162,9.0160971842782,-36.1223443226191));
#6962=CARTESIAN_POINT('Ctrl Pts',(-0.0208752452983294,9.0164312231668,-36.1223443226191));
#6963=CARTESIAN_POINT('Ctrl Pts',(-0.0208760330343358,9.01676513511889,
-36.1223443226191));
#6964=CARTESIAN_POINT('Ctrl Pts',(-0.424093100988598,8.99200710361058,-36.2017965116075));
#6965=CARTESIAN_POINT('Ctrl Pts',(-0.424108802765834,8.99234018973057,-36.2017965116075));
#6966=CARTESIAN_POINT('Ctrl Pts',(-0.424124525903327,8.99267324041575,-36.2017965116075));
#6967=CARTESIAN_POINT('Ctrl Pts',(-0.424140227680562,8.99300632653574,-36.2017965116075));
#6968=CARTESIAN_POINT('Ctrl Pts',(-0.930874698316855,8.95411105588068,-36.5196052675612));
#6969=CARTESIAN_POINT('Ctrl Pts',(-0.930909182731148,8.95444273388526,-36.5196052675612));
#6970=CARTESIAN_POINT('Ctrl Pts',(-0.930943655918154,8.95477438966139,-36.5196052675612));
#6971=CARTESIAN_POINT('Ctrl Pts',(-0.930978140332448,8.95510606766598,-36.5196052675612));
#6972=CARTESIAN_POINT('Ctrl Pts',(-1.05718574290688,8.93668614783995,-36.7653718832404));
#6973=CARTESIAN_POINT('Ctrl Pts',(-1.05722490249414,8.9370171367275,-36.7653718832404));
#6974=CARTESIAN_POINT('Ctrl Pts',(-1.0572640614553,8.93734823442166,-36.7653718832404));
#6975=CARTESIAN_POINT('Ctrl Pts',(-1.05730322104255,8.93767922330921,-36.7653718832404));
#6976=CARTESIAN_POINT('Ctrl Pts',(-1.05718574290688,8.93668614783995,-37.0980007366221));
#6977=CARTESIAN_POINT('Ctrl Pts',(-1.05722490228544,8.93701717299637,-37.0980007366221));
#6978=CARTESIAN_POINT('Ctrl Pts',(-1.057264061664,8.93734819815279,-37.0980007366221));
#6979=CARTESIAN_POINT('Ctrl Pts',(-1.05730322104255,8.93767922330921,-37.0980007366221));
#6980=CARTESIAN_POINT('',(0.528166363774757,8.98448887206039,-36.1223443226191));
#6981=CARTESIAN_POINT('Ctrl Pts',(0.528166363774757,8.98448887206039,-36.1223443226191));
#6982=CARTESIAN_POINT('Ctrl Pts',(-0.0208760330343358,9.01676513511889,
-36.1223443226191));
#6983=CARTESIAN_POINT('Ctrl Pts',(-0.424140227680562,8.99300632653574,-36.2017965116075));
#6984=CARTESIAN_POINT('Ctrl Pts',(-0.930978140332448,8.95510606766598,-36.5196052675612));
#6985=CARTESIAN_POINT('Ctrl Pts',(-1.05730322104255,8.93767922330921,-36.7653718832404));
#6986=CARTESIAN_POINT('Ctrl Pts',(-1.05730322104255,8.93767922330921,-37.0980007366221));
#6987=CARTESIAN_POINT('',(0.528166363774757,8.98448887206039,-36.1223443226191));
#6988=CARTESIAN_POINT('Ctrl Pts',(2.09459595240264,8.75183802387695,-37.0980007366221));
#6989=CARTESIAN_POINT('Ctrl Pts',(2.0946735386512,8.75216220204578,-37.0980007366221));
#6990=CARTESIAN_POINT('Ctrl Pts',(2.09475112489976,8.75248638021461,-37.0980007366221));
#6991=CARTESIAN_POINT('Ctrl Pts',(2.09482871114833,8.75281055838344,-37.0980007366221));
#6992=CARTESIAN_POINT('Ctrl Pts',(2.09459595240264,8.75183802387695,-36.7620785282565));
#6993=CARTESIAN_POINT('Ctrl Pts',(2.09467353432668,8.7521621663906,-36.7620785282565));
#6994=CARTESIAN_POINT('Ctrl Pts',(2.09475112922429,8.7524864158698,-36.7620785282565));
#6995=CARTESIAN_POINT('Ctrl Pts',(2.09482871114833,8.75281055838344,-36.7620785282565));
#6996=CARTESIAN_POINT('Ctrl Pts',(1.96800721156661,8.78469569518901,-36.5154885738312));
#6997=CARTESIAN_POINT('Ctrl Pts',(1.96808011348925,8.7850210982254,-36.5154885738312));
#6998=CARTESIAN_POINT('Ctrl Pts',(1.96815300141101,8.78534647791717,-36.5154885738312));
#6999=CARTESIAN_POINT('Ctrl Pts',(1.96822590333365,8.78567188095356,-36.5154885738312));
#7000=CARTESIAN_POINT('Ctrl Pts',(1.45609373196498,8.88383064936412,-36.2009731728615));
#7001=CARTESIAN_POINT('Ctrl Pts',(1.45614766159947,8.88415972747631,-36.2009731728615));
#7002=CARTESIAN_POINT('Ctrl Pts',(1.4562016085014,8.88448877323541,-36.2009731728615));
#7003=CARTESIAN_POINT('Ctrl Pts',(1.45625553813589,8.8848178513476,-36.2009731728615));
#7004=CARTESIAN_POINT('Ctrl Pts',(1.06229615895843,8.95208754173973,-36.1223443226191));
#7005=CARTESIAN_POINT('Ctrl Pts',(1.06233551637214,8.95241909795469,-36.1223443226191));
#7006=CARTESIAN_POINT('Ctrl Pts',(1.06237484756749,8.95275077245018,-36.1223443226191));
#7007=CARTESIAN_POINT('Ctrl Pts',(1.06241420498121,8.95308232866514,-36.1223443226191));
#7008=CARTESIAN_POINT('Ctrl Pts',(0.528107678623226,8.98349059551905,-36.1223443226191));
#7009=CARTESIAN_POINT('Ctrl Pts',(0.528127240340403,8.98382335436616,-36.1223443226191));
#7010=CARTESIAN_POINT('Ctrl Pts',(0.52814680205758,8.98415611321328,-36.1223443226191));
#7011=CARTESIAN_POINT('Ctrl Pts',(0.528166363774757,8.98448887206039,-36.1223443226191));
#7012=CARTESIAN_POINT('',(2.09482871114833,8.75281055838344,-37.0980007366221));
#7013=CARTESIAN_POINT('Ctrl Pts',(2.09482871114833,8.75281055838344,-37.0980007366221));
#7014=CARTESIAN_POINT('Ctrl Pts',(2.09482871114833,8.75281055838344,-36.7620785282565));
#7015=CARTESIAN_POINT('Ctrl Pts',(1.96822590333365,8.78567188095356,-36.5154885738312));
#7016=CARTESIAN_POINT('Ctrl Pts',(1.45625553813589,8.8848178513476,-36.2009731728615));
#7017=CARTESIAN_POINT('Ctrl Pts',(1.06241420498121,8.95308232866514,-36.1223443226191));
#7018=CARTESIAN_POINT('Ctrl Pts',(0.528166363774757,8.98448887206039,-36.1223443226191));
#7019=CARTESIAN_POINT('',(2.09482871114833,8.75281055838344,-37.0980007366221));
#7020=CARTESIAN_POINT('Ctrl Pts',(0.52564217347159,8.98363519436693,-38.0711871343871));
#7021=CARTESIAN_POINT('Ctrl Pts',(0.525661643863614,8.98396795857015,-38.0711871343871));
#7022=CARTESIAN_POINT('Ctrl Pts',(0.525681114255638,8.98430072277337,-38.0711871343871));
#7023=CARTESIAN_POINT('Ctrl Pts',(0.525700584647662,8.98463348697659,-38.0711871343871));
#7024=CARTESIAN_POINT('Ctrl Pts',(1.0713450353721,8.95170553202056,-38.0711871343871));
#7025=CARTESIAN_POINT('Ctrl Pts',(1.07138472857182,8.95203707007392,-38.0711871343871));
#7026=CARTESIAN_POINT('Ctrl Pts',(1.0714243937376,8.95236873844237,-38.0711871343871));
#7027=CARTESIAN_POINT('Ctrl Pts',(1.07146408693731,8.95270027649573,-38.0711871343871));
#7028=CARTESIAN_POINT('Ctrl Pts',(1.46826464201356,8.88157018133399,-37.9917349453987));
#7029=CARTESIAN_POINT('Ctrl Pts',(1.46831902221761,8.88189917791322,-37.9917349453987));
#7030=CARTESIAN_POINT('Ctrl Pts',(1.46837342045404,8.88222813554723,-37.9917349453987));
#7031=CARTESIAN_POINT('Ctrl Pts',(1.46842780065808,8.88255713212646,-37.9917349453987));
#7032=CARTESIAN_POINT('Ctrl Pts',(1.97038961237305,8.78409441185679,-37.6739261894449));
#7033=CARTESIAN_POINT('Ctrl Pts',(1.97046260259521,8.78441979131685,-37.6739261894449));
#7034=CARTESIAN_POINT('Ctrl Pts',(1.97053557865854,8.78474515134459,-37.6739261894449));
#7035=CARTESIAN_POINT('Ctrl Pts',(1.9706085688807,8.78507053080465,-37.6739261894449));
#7036=CARTESIAN_POINT('Ctrl Pts',(2.09459595240264,8.75183802387695,-37.4289829125117));
#7037=CARTESIAN_POINT('Ctrl Pts',(2.09467353454254,8.75216216678247,-37.4289829125117));
#7038=CARTESIAN_POINT('Ctrl Pts',(2.09475112900843,8.75248641547793,-37.4289829125117));
#7039=CARTESIAN_POINT('Ctrl Pts',(2.09482871114833,8.75281055838344,-37.4289829125117));
#7040=CARTESIAN_POINT('Ctrl Pts',(2.09459595240264,8.75183802387695,-37.0980007366221));
#7041=CARTESIAN_POINT('Ctrl Pts',(2.0946735386512,8.75216220204578,-37.0980007366221));
#7042=CARTESIAN_POINT('Ctrl Pts',(2.09475112489976,8.75248638021461,-37.0980007366221));
#7043=CARTESIAN_POINT('Ctrl Pts',(2.09482871114833,8.75281055838344,-37.0980007366221));
#7044=CARTESIAN_POINT('Ctrl Pts',(0.525700584647662,8.98463348697659,-38.0711871343871));
#7045=CARTESIAN_POINT('Ctrl Pts',(1.07146408693731,8.95270027649573,-38.0711871343871));
#7046=CARTESIAN_POINT('Ctrl Pts',(1.46842780065808,8.88255713212646,-37.9917349453987));
#7047=CARTESIAN_POINT('Ctrl Pts',(1.9706085688807,8.78507053080465,-37.6739261894449));
#7048=CARTESIAN_POINT('Ctrl Pts',(2.09482871114833,8.75281055838344,-37.4289829125117));
#7049=CARTESIAN_POINT('Ctrl Pts',(2.09482871114833,8.75281055838344,-37.0980007366221));
#7050=CARTESIAN_POINT('Ctrl Pts',(0.323353088243313,8.99318874372842,-30.4462472308909));
#7051=CARTESIAN_POINT('Ctrl Pts',(0.323365065614437,8.99352186180612,-30.4462472308909));
#7052=CARTESIAN_POINT('Ctrl Pts',(0.323377042985562,8.99385497988382,-30.4462472308909));
#7053=CARTESIAN_POINT('Ctrl Pts',(0.323389020356686,8.99418809796152,-30.4462472308909));
#7054=CARTESIAN_POINT('Ctrl Pts',(0.232854368054152,8.99644265527071,-30.5648080103141));
#7055=CARTESIAN_POINT('Ctrl Pts',(0.232862993279235,8.99677589380586,-30.5648080103141));
#7056=CARTESIAN_POINT('Ctrl Pts',(0.232871618411696,8.99710913255457,-30.5648080103141));
#7057=CARTESIAN_POINT('Ctrl Pts',(0.232880243636779,8.99744237108972,-30.5648080103141));
#7058=CARTESIAN_POINT('Ctrl Pts',(0.139424913417814,8.99843859106627,-30.6450835380485));
#7059=CARTESIAN_POINT('Ctrl Pts',(0.139430077885512,8.99877190356909,-30.6450835380485));
#7060=CARTESIAN_POINT('Ctrl Pts',(0.139435242328649,8.99910521617776,-30.6450835380485));
#7061=CARTESIAN_POINT('Ctrl Pts',(0.139440406796347,8.99943852868058,-30.6450835380485));
#7062=CARTESIAN_POINT('Ctrl Pts',(-0.053209777660527,8.99935070648373,-30.7290640901399));
#7063=CARTESIAN_POINT('Ctrl Pts',(-0.0532117486522305,8.99968405293469,
-30.7290640901399));
#7064=CARTESIAN_POINT('Ctrl Pts',(-0.0532137195233251,9.00001739900449,
-30.7290640901399));
#7065=CARTESIAN_POINT('Ctrl Pts',(-0.0532156905150286,9.00035074545544,
-30.7290640901399));
#7066=CARTESIAN_POINT('Ctrl Pts',(-0.163130596752455,8.99836865602303,-30.7500592281627));
#7067=CARTESIAN_POINT('Ctrl Pts',(-0.163136639198128,8.99870196566768,-30.7500592281627));
#7068=CARTESIAN_POINT('Ctrl Pts',(-0.163142681942825,8.99903527622125,-30.7500592281627));
#7069=CARTESIAN_POINT('Ctrl Pts',(-0.163148724388498,8.99936858586591,-30.7500592281627));
#7070=CARTESIAN_POINT('Ctrl Pts',(-0.286555063988714,8.99443645790565,-30.7500592281627));
#7071=CARTESIAN_POINT('Ctrl Pts',(-0.286565678318602,8.99476962220013,-30.7500592281627));
#7072=CARTESIAN_POINT('Ctrl Pts',(-0.28657629264849,8.9951027864946,-30.7500592281627));
#7073=CARTESIAN_POINT('Ctrl Pts',(-0.286586906978378,8.99543595078907,-30.7500592281627));
#7074=CARTESIAN_POINT('',(0.323353088243313,8.99318874372842,-30.4462472308909));
#7075=CARTESIAN_POINT('',(-0.286555063988714,8.99443645790565,-30.7500592281627));
#7076=CARTESIAN_POINT('Ctrl Pts',(0.323353088243313,8.99318874372842,-30.4462472308909));
#7077=CARTESIAN_POINT('Ctrl Pts',(0.232854368054152,8.99644265527071,-30.5648080103141));
#7078=CARTESIAN_POINT('Ctrl Pts',(0.139424913417814,8.99843859106627,-30.6450835380485));
#7079=CARTESIAN_POINT('Ctrl Pts',(-0.053209777660527,8.99935070648373,-30.7290640901399));
#7080=CARTESIAN_POINT('Ctrl Pts',(-0.163130596752455,8.99836865602303,-30.7500592281627));
#7081=CARTESIAN_POINT('Ctrl Pts',(-0.286555063988714,8.99443645790565,-30.7500592281627));
#7082=CARTESIAN_POINT('',(-0.286586906978378,8.99543595078907,-30.7500592281627));
#7083=CARTESIAN_POINT('',(-0.286586906978378,8.99543595078907,-30.7500592281627));
#7084=CARTESIAN_POINT('',(0.323389020356686,8.99418809796152,-30.4462472308909));
#7085=CARTESIAN_POINT('Ctrl Pts',(0.323389020356686,8.99418809796152,-30.4462472308909));
#7086=CARTESIAN_POINT('Ctrl Pts',(0.232880243636779,8.99744237108972,-30.5648080103141));
#7087=CARTESIAN_POINT('Ctrl Pts',(0.139440406796347,8.99943852868058,-30.6450835380485));
#7088=CARTESIAN_POINT('Ctrl Pts',(-0.0532156905150286,9.00035074545544,
-30.7290640901399));
#7089=CARTESIAN_POINT('Ctrl Pts',(-0.163148724388498,8.99936858586591,-30.7500592281627));
#7090=CARTESIAN_POINT('Ctrl Pts',(-0.286586906978378,8.99543595078907,-30.7500592281627));
#7091=CARTESIAN_POINT('',(0.323389020356686,8.99418809796152,-30.4462472308909));
#7092=CARTESIAN_POINT('Ctrl Pts',(-0.286555063988714,8.99443645790565,-30.7500592281627));
#7093=CARTESIAN_POINT('Ctrl Pts',(-0.286565678318602,8.99476962220013,-30.7500592281627));
#7094=CARTESIAN_POINT('Ctrl Pts',(-0.28657629264849,8.9951027864946,-30.7500592281627));
#7095=CARTESIAN_POINT('Ctrl Pts',(-0.286586906978378,8.99543595078907,-30.7500592281627));
#7096=CARTESIAN_POINT('Ctrl Pts',(-0.423144807730176,8.99008482532242,-30.7500592281627));
#7097=CARTESIAN_POINT('Ctrl Pts',(-0.423160481589743,8.99041782691202,-30.7500592281627));
#7098=CARTESIAN_POINT('Ctrl Pts',(-0.423176155184947,8.99075083304778,-30.7500592281627));
#7099=CARTESIAN_POINT('Ctrl Pts',(-0.423191829044514,8.99108383463738,-30.7500592281627));
#7100=CARTESIAN_POINT('Ctrl Pts',(-0.536999452695438,8.98344766858759,-30.7043639277601));
#7101=CARTESIAN_POINT('Ctrl Pts',(-0.537019343683798,8.9837804257421,-30.7043639277601));
#7102=CARTESIAN_POINT('Ctrl Pts',(-0.537039234943293,8.98411318320422,-30.7043639277601));
#7103=CARTESIAN_POINT('Ctrl Pts',(-0.537059125931653,8.98444594035873,-30.7043639277601));
#7104=CARTESIAN_POINT('Ctrl Pts',(-0.719302298941781,8.97059478768336,-30.5215827261494));
#7105=CARTESIAN_POINT('Ctrl Pts',(-0.719328942848577,8.97092707021188,-30.5215827261494));
#7106=CARTESIAN_POINT('Ctrl Pts',(-0.719355586393908,8.97125934866943,-30.5215827261494));
#7107=CARTESIAN_POINT('Ctrl Pts',(-0.719382230300704,8.97159163119795,-30.5215827261494));
#7108=CARTESIAN_POINT('Ctrl Pts',(-0.764809709968496,8.96644116177304,-30.3943768898933));
#7109=CARTESIAN_POINT('Ctrl Pts',(-0.764838039190849,8.96677328548966,-30.3943768898933));
#7110=CARTESIAN_POINT('Ctrl Pts',(-0.76486636904595,8.96710542000573,-30.3943768898933));
#7111=CARTESIAN_POINT('Ctrl Pts',(-0.764894698268303,8.96743754372234,-30.3943768898933));
#7112=CARTESIAN_POINT('Ctrl Pts',(-0.764809709968496,8.96644116177304,-30.2313558181865));
#7113=CARTESIAN_POINT('Ctrl Pts',(-0.764838039401765,8.96677328908948,-30.2313558181865));
#7114=CARTESIAN_POINT('Ctrl Pts',(-0.764866368835034,8.96710541640591,-30.2313558181865));
#7115=CARTESIAN_POINT('Ctrl Pts',(-0.764894698268303,8.96743754372234,-30.2313558181865));
#7116=CARTESIAN_POINT('',(-0.764809709968496,8.96644116177304,-30.2313558181865));
#7117=CARTESIAN_POINT('Ctrl Pts',(-0.286555063988714,8.99443645790565,-30.7500592281627));
#7118=CARTESIAN_POINT('Ctrl Pts',(-0.423144807730176,8.99008482532242,-30.7500592281627));
#7119=CARTESIAN_POINT('Ctrl Pts',(-0.536999452695438,8.98344766858759,-30.7043639277601));
#7120=CARTESIAN_POINT('Ctrl Pts',(-0.719302298941781,8.97059478768336,-30.5215827261494));
#7121=CARTESIAN_POINT('Ctrl Pts',(-0.764809709968496,8.96644116177304,-30.3943768898933));
#7122=CARTESIAN_POINT('Ctrl Pts',(-0.764809709968496,8.96644116177304,-30.2313558181865));
#7123=CARTESIAN_POINT('',(-0.764894698268303,8.96743754372234,-30.2313558181865));
#7124=CARTESIAN_POINT('',(-0.764894698268303,8.96743754372234,-30.2313558181865));
#7125=CARTESIAN_POINT('Ctrl Pts',(-0.286586906978378,8.99543595078907,-30.7500592281627));
#7126=CARTESIAN_POINT('Ctrl Pts',(-0.423191829044514,8.99108383463738,-30.7500592281627));
#7127=CARTESIAN_POINT('Ctrl Pts',(-0.537059125931653,8.98444594035873,-30.7043639277601));
#7128=CARTESIAN_POINT('Ctrl Pts',(-0.719382230300704,8.97159163119795,-30.5215827261494));
#7129=CARTESIAN_POINT('Ctrl Pts',(-0.764894698268303,8.96743754372234,-30.3943768898933));
#7130=CARTESIAN_POINT('Ctrl Pts',(-0.764894698268303,8.96743754372234,-30.2313558181865));
#7131=CARTESIAN_POINT('Ctrl Pts',(-0.764809709968496,8.96644116177304,-30.2313558181865));
#7132=CARTESIAN_POINT('Ctrl Pts',(-0.764838039401765,8.96677328908948,-30.2313558181865));
#7133=CARTESIAN_POINT('Ctrl Pts',(-0.764866368835034,8.96710541640591,-30.2313558181865));
#7134=CARTESIAN_POINT('Ctrl Pts',(-0.764894698268303,8.96743754372234,-30.2313558181865));
#7135=CARTESIAN_POINT('Ctrl Pts',(-0.764809709968496,8.96644116177304,-30.0831548439075));
#7136=CARTESIAN_POINT('Ctrl Pts',(-0.764838039231987,8.96677328608331,-30.0831548439075));
#7137=CARTESIAN_POINT('Ctrl Pts',(-0.764866369004812,8.96710541941207,-30.0831548439075));
#7138=CARTESIAN_POINT('Ctrl Pts',(-0.764894698268303,8.96743754372234,-30.0831548439075));
#7139=CARTESIAN_POINT('Ctrl Pts',(-0.724220308411393,8.97012835038404,-29.9617123788734));
#7140=CARTESIAN_POINT('Ctrl Pts',(-0.724247134470789,8.97046061525724,-29.9617123788734));
#7141=CARTESIAN_POINT('Ctrl Pts',(-0.724273960217139,8.97079287719329,-29.9617123788734));
#7142=CARTESIAN_POINT('Ctrl Pts',(-0.724300786276535,8.97112514206649,-29.9617123788734));
#7143=CARTESIAN_POINT('Ctrl Pts',(-0.561644843667479,8.98182289463631,-29.7723444672948));
#7144=CARTESIAN_POINT('Ctrl Pts',(-0.561665647552117,8.982155591945,-29.7723444672948));
#7145=CARTESIAN_POINT('Ctrl Pts',(-0.56168645170013,8.98248828854829,-29.7723444672948));
#7146=CARTESIAN_POINT('Ctrl Pts',(-0.561707255584767,8.98282098585697,-29.7723444672948));
#7147=CARTESIAN_POINT('Ctrl Pts',(-0.451107152684802,8.98877577364456,-29.7250024894001));
#7148=CARTESIAN_POINT('Ctrl Pts',(-0.451123862316034,8.98910872631654,-29.7250024894001));
#7149=CARTESIAN_POINT('Ctrl Pts',(-0.451140571640378,8.9894416848212,-29.7250024894001));
#7150=CARTESIAN_POINT('Ctrl Pts',(-0.45115728127161,8.98977463749317,-29.7250024894001));
#7151=CARTESIAN_POINT('Ctrl Pts',(-0.311238847271556,8.99361614590866,-29.7250024894001));
#7152=CARTESIAN_POINT('Ctrl Pts',(-0.311250375917231,8.99394927981784,-29.7250024894001));
#7153=CARTESIAN_POINT('Ctrl Pts',(-0.311261904562905,8.99428241372701,-29.7250024894001));
#7154=CARTESIAN_POINT('Ctrl Pts',(-0.311273433208579,8.99461554763618,-29.7250024894001));
#7155=CARTESIAN_POINT('',(-0.311238847271556,8.99361614590866,-29.7250024894001));
#7156=CARTESIAN_POINT('Ctrl Pts',(-0.764809709968496,8.96644116177304,-30.2313558181865));
#7157=CARTESIAN_POINT('Ctrl Pts',(-0.764809709968496,8.96644116177304,-30.0831548439075));
#7158=CARTESIAN_POINT('Ctrl Pts',(-0.724220308411393,8.97012835038404,-29.9617123788734));
#7159=CARTESIAN_POINT('Ctrl Pts',(-0.561644843667479,8.98182289463631,-29.7723444672948));
#7160=CARTESIAN_POINT('Ctrl Pts',(-0.451107152684802,8.98877577364456,-29.7250024894001));
#7161=CARTESIAN_POINT('Ctrl Pts',(-0.311238847271556,8.99361614590866,-29.7250024894001));
#7162=CARTESIAN_POINT('',(-0.311273433208579,8.99461554763618,-29.7250024894001));
#7163=CARTESIAN_POINT('',(-0.311273433208579,8.99461554763618,-29.7250024894001));
#7164=CARTESIAN_POINT('Ctrl Pts',(-0.764894698268303,8.96743754372234,-30.2313558181865));
#7165=CARTESIAN_POINT('Ctrl Pts',(-0.764894698268303,8.96743754372234,-30.0831548439075));
#7166=CARTESIAN_POINT('Ctrl Pts',(-0.724300786276535,8.97112514206649,-29.9617123788734));
#7167=CARTESIAN_POINT('Ctrl Pts',(-0.561707255584767,8.98282098585697,-29.7723444672948));
#7168=CARTESIAN_POINT('Ctrl Pts',(-0.45115728127161,8.98977463749317,-29.7250024894001));
#7169=CARTESIAN_POINT('Ctrl Pts',(-0.311273433208579,8.99461554763618,-29.7250024894001));
#7170=CARTESIAN_POINT('Ctrl Pts',(-0.311238847271556,8.99361614590866,-29.7250024894001));
#7171=CARTESIAN_POINT('Ctrl Pts',(-0.311250375917231,8.99394927981784,-29.7250024894001));
#7172=CARTESIAN_POINT('Ctrl Pts',(-0.311261904562905,8.99428241372701,-29.7250024894001));
#7173=CARTESIAN_POINT('Ctrl Pts',(-0.311273433208579,8.99461554763618,-29.7250024894001));
#7174=CARTESIAN_POINT('Ctrl Pts',(-0.210862769269111,8.99708982482761,-29.7250024894001));
#7175=CARTESIAN_POINT('Ctrl Pts',(-0.210870579794956,8.99742308701004,-29.7250024894001));
#7176=CARTESIAN_POINT('Ctrl Pts',(-0.210878390543384,8.99775635037991,-29.7250024894001));
#7177=CARTESIAN_POINT('Ctrl Pts',(-0.210886201069229,8.99808961256234,-29.7250024894001));
#7178=CARTESIAN_POINT('Ctrl Pts',(-0.125655446873294,8.9983860939955,-29.7492909824069));
#7179=CARTESIAN_POINT('Ctrl Pts',(-0.125660101324989,8.99871940474125,-29.7492909824069));
#7180=CARTESIAN_POINT('Ctrl Pts',(-0.125664755689393,8.99905271503039,-29.7492909824069));
#7181=CARTESIAN_POINT('Ctrl Pts',(-0.125669410141088,8.99938602577615,-29.7492909824069));
#7182=CARTESIAN_POINT('Ctrl Pts',(0.0142919539261461,8.99926317144495,-29.8464449544342));
#7183=CARTESIAN_POINT('Ctrl Pts',(0.0142924833208863,8.99959651450924,-29.8464449544342));
#7184=CARTESIAN_POINT('Ctrl Pts',(0.0142930127027502,8.99992985762517,-29.8464449544342));
#7185=CARTESIAN_POINT('Ctrl Pts',(0.0142935420974903,9.00026320068946,-29.8464449544342));
#7186=CARTESIAN_POINT('Ctrl Pts',(0.0772730455249508,8.99884235487906,-29.9193104334547));
#7187=CARTESIAN_POINT('Ctrl Pts',(0.0772759078345377,8.99917568221871,-29.9193104334547));
#7188=CARTESIAN_POINT('Ctrl Pts',(0.0772787700634053,8.99950901002134,-29.9193104334547));
#7189=CARTESIAN_POINT('Ctrl Pts',(0.0772816323729922,8.99984233736099,-29.9193104334547));
#7190=CARTESIAN_POINT('Ctrl Pts',(0.133247722358133,8.99801344989472,-30.016464405482));
#7191=CARTESIAN_POINT('Ctrl Pts',(0.133252658007367,8.9983467466851,-30.016464405482));
#7192=CARTESIAN_POINT('Ctrl Pts',(0.133257593656601,8.99868004347548,-30.016464405482));
#7193=CARTESIAN_POINT('Ctrl Pts',(0.133262529305834,8.99901334026586,-30.016464405482));
#7194=CARTESIAN_POINT('',(0.133247722358133,8.99801344989472,-30.016464405482));
#7195=CARTESIAN_POINT('Ctrl Pts',(-0.311238847271556,8.99361614590866,-29.7250024894001));
#7196=CARTESIAN_POINT('Ctrl Pts',(-0.210862769269111,8.99708982482761,-29.7250024894001));
#7197=CARTESIAN_POINT('Ctrl Pts',(-0.125655446873294,8.9983860939955,-29.7492909824069));
#7198=CARTESIAN_POINT('Ctrl Pts',(0.0142919539261461,8.99926317144495,-29.8464449544342));
#7199=CARTESIAN_POINT('Ctrl Pts',(0.0772730455249508,8.99884235487906,-29.9193104334547));
#7200=CARTESIAN_POINT('Ctrl Pts',(0.133247722358133,8.99801344989472,-30.016464405482));
#7201=CARTESIAN_POINT('',(0.133262529305834,8.99901334026586,-30.016464405482));
#7202=CARTESIAN_POINT('',(0.133262529305834,8.99901334026586,-30.016464405482));
#7203=CARTESIAN_POINT('Ctrl Pts',(-0.311273433208579,8.99461554763618,-29.7250024894001));
#7204=CARTESIAN_POINT('Ctrl Pts',(-0.210886201069229,8.99808961256234,-29.7250024894001));
#7205=CARTESIAN_POINT('Ctrl Pts',(-0.125669410141088,8.99938602577615,-29.7492909824069));
#7206=CARTESIAN_POINT('Ctrl Pts',(0.0142935420974903,9.00026320068946,-29.8464449544342));
#7207=CARTESIAN_POINT('Ctrl Pts',(0.0772816323729922,8.99984233736099,-29.9193104334547));
#7208=CARTESIAN_POINT('Ctrl Pts',(0.133262529305834,8.99901334026586,-30.016464405482));
#7209=CARTESIAN_POINT('Ctrl Pts',(0.133247722358133,8.99801344989472,-30.016464405482));
#7210=CARTESIAN_POINT('Ctrl Pts',(0.133252658007367,8.9983467466851,-30.016464405482));
#7211=CARTESIAN_POINT('Ctrl Pts',(0.133257593656601,8.99868004347548,-30.016464405482));
#7212=CARTESIAN_POINT('Ctrl Pts',(0.133262529305834,8.99901334026586,-30.016464405482));
#7213=CARTESIAN_POINT('Ctrl Pts',(0.156296118701208,8.99767213607764,-30.0576313427817));
#7214=CARTESIAN_POINT('Ctrl Pts',(0.156301908083005,8.99800542007838,-30.0576313427817));
#7215=CARTESIAN_POINT('Ctrl Pts',(0.156307697484619,8.99833870452007,-30.0576313427817));
#7216=CARTESIAN_POINT('Ctrl Pts',(0.156313486866416,8.99867198852081,-30.0576313427817));
#7217=CARTESIAN_POINT('Ctrl Pts',(0.187986822616752,8.99712506494811,-30.1218517649692));
#7218=CARTESIAN_POINT('Ctrl Pts',(0.187993785868265,8.99745832886771,-30.1218517649692));
#7219=CARTESIAN_POINT('Ctrl Pts',(0.188000749111057,8.99779159267924,-30.1218517649692));
#7220=CARTESIAN_POINT('Ctrl Pts',(0.18800771236257,8.99812485659884,-30.1218517649692));
#7221=CARTESIAN_POINT('Ctrl Pts',(0.268639393629749,8.99507817397854,-30.29639957912));
#7222=CARTESIAN_POINT('Ctrl Pts',(0.268649344341479,8.99541136207904,-30.29639957912));
#7223=CARTESIAN_POINT('Ctrl Pts',(0.268659295056437,8.99574455007117,-30.29639957912));
#7224=CARTESIAN_POINT('Ctrl Pts',(0.268669245768167,8.99607773817167,-30.29639957912));
#7225=CARTESIAN_POINT('Ctrl Pts',(0.300317050376982,8.994017012121,-30.3754400987354));
#7226=CARTESIAN_POINT('Ctrl Pts',(0.300328174465851,8.99435016073159,-30.3754400987354));
#7227=CARTESIAN_POINT('Ctrl Pts',(0.300339298557296,8.99468330978356,-30.3754400987354));
#7228=CARTESIAN_POINT('Ctrl Pts',(0.300350422646165,8.99501645839415,-30.3754400987354));
#7229=CARTESIAN_POINT('Ctrl Pts',(0.323353088243313,8.99318874372842,-30.4462472308909));
#7230=CARTESIAN_POINT('Ctrl Pts',(0.323365065614437,8.99352186180612,-30.4462472308909));
#7231=CARTESIAN_POINT('Ctrl Pts',(0.323377042985562,8.99385497988382,-30.4462472308909));
#7232=CARTESIAN_POINT('Ctrl Pts',(0.323389020356686,8.99418809796152,-30.4462472308909));
#7233=CARTESIAN_POINT('Ctrl Pts',(0.133247722358133,8.99801344989472,-30.016464405482));
#7234=CARTESIAN_POINT('Ctrl Pts',(0.156296118701208,8.99767213607764,-30.0576313427817));
#7235=CARTESIAN_POINT('Ctrl Pts',(0.187986822616752,8.99712506494811,-30.1218517649692));
#7236=CARTESIAN_POINT('Ctrl Pts',(0.268639393629749,8.99507817397854,-30.29639957912));
#7237=CARTESIAN_POINT('Ctrl Pts',(0.300317050376982,8.994017012121,-30.3754400987354));
#7238=CARTESIAN_POINT('Ctrl Pts',(0.323353088243313,8.99318874372842,-30.4462472308909));
#7239=CARTESIAN_POINT('Ctrl Pts',(0.133262529305834,8.99901334026586,-30.016464405482));
#7240=CARTESIAN_POINT('Ctrl Pts',(0.156313486866416,8.99867198852081,-30.0576313427817));
#7241=CARTESIAN_POINT('Ctrl Pts',(0.18800771236257,8.99812485659884,-30.1218517649692));
#7242=CARTESIAN_POINT('Ctrl Pts',(0.268669245768167,8.99607773817167,-30.29639957912));
#7243=CARTESIAN_POINT('Ctrl Pts',(0.300350422646165,8.99501645839415,-30.3754400987354));
#7244=CARTESIAN_POINT('Ctrl Pts',(0.323389020356686,8.99418809796152,-30.4462472308909));
#7245=CARTESIAN_POINT('Ctrl Pts',(1.8028635394582,8.81655738131909,-30.2387658669004));
#7246=CARTESIAN_POINT('Ctrl Pts',(1.8029303196019,8.81688395676753,-30.2387658669004));
#7247=CARTESIAN_POINT('Ctrl Pts',(1.8029970997456,8.81721053221596,-30.2387658669004));
#7248=CARTESIAN_POINT('Ctrl Pts',(1.8030638798893,8.81753710766439,-30.2387658669004));
#7249=CARTESIAN_POINT('Ctrl Pts',(1.8028635394582,8.81655738131909,-30.4100203260672));
#7250=CARTESIAN_POINT('Ctrl Pts',(1.80293031881056,8.81688395202016,-30.4100203260672));
#7251=CARTESIAN_POINT('Ctrl Pts',(1.80299710053693,8.81721053696333,-30.4100203260672));
#7252=CARTESIAN_POINT('Ctrl Pts',(1.8030638798893,8.81753710766439,-30.4100203260672));
#7253=CARTESIAN_POINT('Ctrl Pts',(1.75251515045826,8.82721854027137,-30.5475178966482));
#7254=CARTESIAN_POINT('Ctrl Pts',(1.75258006599475,8.82754551214082,-30.5475178966482));
#7255=CARTESIAN_POINT('Ctrl Pts',(1.75264498046576,8.82787247945207,-30.5475178966482));
#7256=CARTESIAN_POINT('Ctrl Pts',(1.75270989600225,8.82819945132152,-30.5475178966482));
#7257=CARTESIAN_POINT('Ctrl Pts',(1.55022744653094,8.8650587492857,-30.7549992606387));
#7258=CARTESIAN_POINT('Ctrl Pts',(1.55028486860299,8.86538712170429,-30.7549992606387));
#7259=CARTESIAN_POINT('Ctrl Pts',(1.5503422910937,8.86571549285215,-30.7549992606387));
#7260=CARTESIAN_POINT('Ctrl Pts',(1.55039971316574,8.86604386527073,-30.7549992606387));
#7261=CARTESIAN_POINT('Ctrl Pts',(1.41191630266592,8.88932583539194,-30.8068696016363));
#7262=CARTESIAN_POINT('Ctrl Pts',(1.41196860158515,8.88965510308876,-30.8068696016363));
#7263=CARTESIAN_POINT('Ctrl Pts',(1.41202090076889,8.88998438032267,-30.8068696016363));
#7264=CARTESIAN_POINT('Ctrl Pts',(1.41207319968811,8.8903136480195,-30.8068696016363));
#7265=CARTESIAN_POINT('Ctrl Pts',(1.23577954354189,8.91374499970486,-30.8068696016363));
#7266=CARTESIAN_POINT('Ctrl Pts',(1.23582531824069,8.91407517509471,-30.8068696016363));
#7267=CARTESIAN_POINT('Ctrl Pts',(1.23587109293949,8.91440535048455,-30.8068696016363));
#7268=CARTESIAN_POINT('Ctrl Pts',(1.23591686763829,8.9147355258744,-30.8068696016363));
#7269=CARTESIAN_POINT('',(1.8028635394582,8.81655738131909,-30.2387658669004));
#7270=CARTESIAN_POINT('',(1.23577954354189,8.91374499970486,-30.8068696016363));
#7271=CARTESIAN_POINT('Ctrl Pts',(1.8028635394582,8.81655738131909,-30.2387658669004));
#7272=CARTESIAN_POINT('Ctrl Pts',(1.8028635394582,8.81655738131909,-30.4100203260672));
#7273=CARTESIAN_POINT('Ctrl Pts',(1.75251515045826,8.82721854027137,-30.5475178966482));
#7274=CARTESIAN_POINT('Ctrl Pts',(1.55022744653094,8.8650587492857,-30.7549992606387));
#7275=CARTESIAN_POINT('Ctrl Pts',(1.41191630266592,8.88932583539194,-30.8068696016363));
#7276=CARTESIAN_POINT('Ctrl Pts',(1.23577954354189,8.91374499970486,-30.8068696016363));
#7277=CARTESIAN_POINT('',(1.23591686763829,8.9147355258744,-30.8068696016363));
#7278=CARTESIAN_POINT('',(1.23591686763829,8.9147355258744,-30.8068696016363));
#7279=CARTESIAN_POINT('',(1.8030638798893,8.81753710766439,-30.2387658669004));
#7280=CARTESIAN_POINT('Ctrl Pts',(1.8030638798893,8.81753710766439,-30.2387658669004));
#7281=CARTESIAN_POINT('Ctrl Pts',(1.8030638798893,8.81753710766439,-30.4100203260672));
#7282=CARTESIAN_POINT('Ctrl Pts',(1.75270989600225,8.82819945132152,-30.5475178966482));
#7283=CARTESIAN_POINT('Ctrl Pts',(1.55039971316574,8.86604386527073,-30.7549992606387));
#7284=CARTESIAN_POINT('Ctrl Pts',(1.41207319968811,8.8903136480195,-30.8068696016363));
#7285=CARTESIAN_POINT('Ctrl Pts',(1.23591686763829,8.9147355258744,-30.8068696016363));
#7286=CARTESIAN_POINT('',(1.8030638798893,8.81753710766439,-30.2387658669004));
#7287=CARTESIAN_POINT('Ctrl Pts',(1.23577954354189,8.91374499970486,-30.8068696016363));
#7288=CARTESIAN_POINT('Ctrl Pts',(1.23582531824069,8.91407517509471,-30.8068696016363));
#7289=CARTESIAN_POINT('Ctrl Pts',(1.23587109293949,8.91440535048455,-30.8068696016363));
#7290=CARTESIAN_POINT('Ctrl Pts',(1.23591686763829,8.9147355258744,-30.8068696016363));
#7291=CARTESIAN_POINT('Ctrl Pts',(1.11183145378794,8.93092885607321,-30.8068696016363));
#7292=CARTESIAN_POINT('Ctrl Pts',(1.11187263703095,8.93125966692622,-30.8068696016363));
#7293=CARTESIAN_POINT('Ctrl Pts',(1.11191382110096,8.93159048091928,-30.8068696016363));
#7294=CARTESIAN_POINT('Ctrl Pts',(1.11195500434398,8.93192129177229,-30.8068696016363));
#7295=CARTESIAN_POINT('Ctrl Pts',(1.012825977643,8.94210200123254,-30.7821694392565));
#7296=CARTESIAN_POINT('Ctrl Pts',(1.0128634940046,8.94243322744624,-30.7821694392565));
#7297=CARTESIAN_POINT('Ctrl Pts',(1.01290101000654,8.94276445231645,-30.7821694392565));
#7298=CARTESIAN_POINT('Ctrl Pts',(1.01293852636815,8.94309567853015,-30.7821694392565));
#7299=CARTESIAN_POINT('Ctrl Pts',(0.865460531402477,8.95760543828834,-30.6833687897372));
#7300=CARTESIAN_POINT('Ctrl Pts',(0.865492589017314,8.95793723817824,-30.6833687897372));
#7301=CARTESIAN_POINT('Ctrl Pts',(0.865524646754794,8.95826903849161,-30.6833687897372));
#7302=CARTESIAN_POINT('Ctrl Pts',(0.86555670436963,8.9586008383815,-30.6833687897372));
#7303=CARTESIAN_POINT('Ctrl Pts',(0.790855169849948,8.96450140600762,-30.5886848339479));
#7304=CARTESIAN_POINT('Ctrl Pts',(0.79088446399044,8.96483346126902,-30.5886848339479));
#7305=CARTESIAN_POINT('Ctrl Pts',(0.790913758270834,8.96516551714315,-30.5886848339479));
#7306=CARTESIAN_POINT('Ctrl Pts',(0.790943052411327,8.96549757240455,-30.5886848339479));
#7307=CARTESIAN_POINT('Ctrl Pts',(0.715356101636394,8.97052209449659,-30.4487172471289));
#7308=CARTESIAN_POINT('Ctrl Pts',(0.715382599251005,8.97085437297548,-30.4487172471289));
#7309=CARTESIAN_POINT('Ctrl Pts',(0.715409096865615,8.97118665145437,-30.4487172471289));
#7310=CARTESIAN_POINT('Ctrl Pts',(0.715435594480225,8.97151892993325,-30.4487172471289));
#7311=CARTESIAN_POINT('',(0.715356101636394,8.97052209449659,-30.4487172471289));
#7312=CARTESIAN_POINT('Ctrl Pts',(1.23577954354189,8.91374499970486,-30.8068696016363));
#7313=CARTESIAN_POINT('Ctrl Pts',(1.11183145378794,8.93092885607321,-30.8068696016363));
#7314=CARTESIAN_POINT('Ctrl Pts',(1.012825977643,8.94210200123254,-30.7821694392565));
#7315=CARTESIAN_POINT('Ctrl Pts',(0.865460531402477,8.95760543828834,-30.6833687897372));
#7316=CARTESIAN_POINT('Ctrl Pts',(0.790855169849948,8.96450140600762,-30.5886848339479));
#7317=CARTESIAN_POINT('Ctrl Pts',(0.715356101636394,8.97052209449659,-30.4487172471289));
#7318=CARTESIAN_POINT('',(0.715435594480225,8.97151892993325,-30.4487172471289));
#7319=CARTESIAN_POINT('',(0.715435594480225,8.97151892993325,-30.4487172471289));
#7320=CARTESIAN_POINT('Ctrl Pts',(1.23591686763829,8.9147355258744,-30.8068696016363));
#7321=CARTESIAN_POINT('Ctrl Pts',(1.11195500434398,8.93192129177229,-30.8068696016363));
#7322=CARTESIAN_POINT('Ctrl Pts',(1.01293852636815,8.94309567853015,-30.7821694392565));
#7323=CARTESIAN_POINT('Ctrl Pts',(0.86555670436963,8.9586008383815,-30.6833687897372));
#7324=CARTESIAN_POINT('Ctrl Pts',(0.790943052411327,8.96549757240455,-30.5886848339479));
#7325=CARTESIAN_POINT('Ctrl Pts',(0.715435594480225,8.97151892993325,-30.4487172471289));
#7326=CARTESIAN_POINT('Ctrl Pts',(0.715356101636394,8.97052209449659,-30.4487172471289));
#7327=CARTESIAN_POINT('Ctrl Pts',(0.715382599251005,8.97085437297548,-30.4487172471289));
#7328=CARTESIAN_POINT('Ctrl Pts',(0.715409096865615,8.97118665145437,-30.4487172471289));
#7329=CARTESIAN_POINT('Ctrl Pts',(0.715435594480225,8.97151892993325,-30.4487172471289));
#7330=CARTESIAN_POINT('Ctrl Pts',(0.689095556170811,8.9726162470145,-30.4026102773532));
#7331=CARTESIAN_POINT('Ctrl Pts',(0.689121081065056,8.97294860304962,-30.4026102773532));
#7332=CARTESIAN_POINT('Ctrl Pts',(0.689146605957772,8.97328095912551,-30.4026102773532));
#7333=CARTESIAN_POINT('Ctrl Pts',(0.689172130852017,8.97361331516062,-30.4026102773532));
#7334=CARTESIAN_POINT('Ctrl Pts',(0.660774173796931,8.97475962419807,-30.3408598714037));
#7335=CARTESIAN_POINT('Ctrl Pts',(0.660798649634017,8.97509205963834,-30.3408598714037));
#7336=CARTESIAN_POINT('Ctrl Pts',(0.6608231254711,8.97542449508341,-30.3408598714037));
#7337=CARTESIAN_POINT('Ctrl Pts',(0.660847601308187,8.97575693052368,-30.3408598714037));
#7338=CARTESIAN_POINT('Ctrl Pts',(0.600003549044998,8.97902615604076,-30.1860721871568));
#7339=CARTESIAN_POINT('Ctrl Pts',(0.600025773867708,8.97935874953347,-30.1860721871568));
#7340=CARTESIAN_POINT('Ctrl Pts',(0.600047998691568,8.97969134298543,-30.1860721871568));
#7341=CARTESIAN_POINT('Ctrl Pts',(0.600070223514278,8.98002393647815,-30.1860721871568));
#7342=CARTESIAN_POINT('Ctrl Pts',(0.565090573127047,8.98132702600454,-30.0987982800814));
#7343=CARTESIAN_POINT('Ctrl Pts',(0.565111504734315,8.98165970467526,-30.0987982800814));
#7344=CARTESIAN_POINT('Ctrl Pts',(0.56513243633844,8.98199238345182,-30.0987982800814));
#7345=CARTESIAN_POINT('Ctrl Pts',(0.565153367945708,8.98232506212255,-30.0987982800814));
#7346=CARTESIAN_POINT('Ctrl Pts',(0.52564217347159,8.98363519436692,-30.0016443080541));
#7347=CARTESIAN_POINT('Ctrl Pts',(0.525661643863614,8.98396795857014,-30.0016443080541));
#7348=CARTESIAN_POINT('Ctrl Pts',(0.525681114255638,8.98430072277337,-30.0016443080541));
#7349=CARTESIAN_POINT('Ctrl Pts',(0.525700584647662,8.98463348697659,-30.0016443080541));
#7350=CARTESIAN_POINT('',(0.52564217347159,8.98363519436692,-30.0016443080541));
#7351=CARTESIAN_POINT('Ctrl Pts',(0.715356101636394,8.97052209449659,-30.4487172471289));
#7352=CARTESIAN_POINT('Ctrl Pts',(0.689095556170811,8.9726162470145,-30.4026102773532));
#7353=CARTESIAN_POINT('Ctrl Pts',(0.660774173796931,8.97475962419807,-30.3408598714037));
#7354=CARTESIAN_POINT('Ctrl Pts',(0.600003549044998,8.97902615604076,-30.1860721871568));
#7355=CARTESIAN_POINT('Ctrl Pts',(0.565090573127047,8.98132702600454,-30.0987982800814));
#7356=CARTESIAN_POINT('Ctrl Pts',(0.52564217347159,8.98363519436692,-30.0016443080541));
#7357=CARTESIAN_POINT('',(0.525700584647662,8.98463348697659,-30.0016443080541));
#7358=CARTESIAN_POINT('',(0.525700584647662,8.98463348697659,-30.0016443080541));
#7359=CARTESIAN_POINT('Ctrl Pts',(0.715435594480225,8.97151892993325,-30.4487172471289));
#7360=CARTESIAN_POINT('Ctrl Pts',(0.689172130852017,8.97361331516062,-30.4026102773532));
#7361=CARTESIAN_POINT('Ctrl Pts',(0.660847601308187,8.97575693052368,-30.3408598714037));
#7362=CARTESIAN_POINT('Ctrl Pts',(0.600070223514278,8.98002393647815,-30.1860721871568));
#7363=CARTESIAN_POINT('Ctrl Pts',(0.565153367945708,8.98232506212255,-30.0987982800814));
#7364=CARTESIAN_POINT('Ctrl Pts',(0.525700584647662,8.98463348697659,-30.0016443080541));
#7365=CARTESIAN_POINT('Ctrl Pts',(0.52564217347159,8.98363519436692,-30.0016443080541));
#7366=CARTESIAN_POINT('Ctrl Pts',(0.525661643863614,8.98396795857014,-30.0016443080541));
#7367=CARTESIAN_POINT('Ctrl Pts',(0.525681114255638,8.98430072277337,-30.0016443080541));
#7368=CARTESIAN_POINT('Ctrl Pts',(0.525700584647662,8.98463348697659,-30.0016443080541));
#7369=CARTESIAN_POINT('Ctrl Pts',(0.599607922825574,8.97930737868745,-29.8896702385989));
#7370=CARTESIAN_POINT('Ctrl Pts',(0.599630132843388,8.97963998198416,-29.8896702385989));
#7371=CARTESIAN_POINT('Ctrl Pts',(0.599652343313686,8.97997258707855,-29.8896702385989));
#7372=CARTESIAN_POINT('Ctrl Pts',(0.5996745533315,8.98030519037527,-29.8896702385989));
#7373=CARTESIAN_POINT('Ctrl Pts',(0.69161125693335,8.97305267367862,-29.8036313396425));
#7374=CARTESIAN_POINT('Ctrl Pts',(0.691636875038205,8.97338504607541,-29.8036313396425));
#7375=CARTESIAN_POINT('Ctrl Pts',(0.691662493063069,8.97371741792519,-29.8036313396425));
#7376=CARTESIAN_POINT('Ctrl Pts',(0.691688111167924,8.97404979032198,-29.8036313396425));
#7377=CARTESIAN_POINT('Ctrl Pts',(0.911363226013211,8.95340942514348,-29.6834238827274));
#7378=CARTESIAN_POINT('Ctrl Pts',(0.911396984015823,8.953741069823,-29.6834238827274));
#7379=CARTESIAN_POINT('Ctrl Pts',(0.911430741843915,8.95407271428163,-29.6834238827274));
#7380=CARTESIAN_POINT('Ctrl Pts',(0.911464499846527,8.95440435896115,-29.6834238827274));
#7381=CARTESIAN_POINT('Ctrl Pts',(1.03583758698835,8.94028120729124,-29.6533720184986));
#7382=CARTESIAN_POINT('Ctrl Pts',(1.03587595541157,8.94061236516855,-29.6533720184986));
#7383=CARTESIAN_POINT('Ctrl Pts',(1.03591432441988,8.94094352437863,-29.6533720184986));
#7384=CARTESIAN_POINT('Ctrl Pts',(1.03595269284311,8.94127468225594,-29.6533720184986));
#7385=CARTESIAN_POINT('Ctrl Pts',(1.1745923391336,8.9220140011574,-29.6533720184986));
#7386=CARTESIAN_POINT('Ctrl Pts',(1.17463584738782,8.92234448284059,-29.6533720184986));
#7387=CARTESIAN_POINT('Ctrl Pts',(1.17467935564204,8.92267496452378,-29.6533720184986));
#7388=CARTESIAN_POINT('Ctrl Pts',(1.17472286389625,8.92300544620698,-29.6533720184986));
#7389=CARTESIAN_POINT('',(1.1745923391336,8.9220140011574,-29.6533720184986));
#7390=CARTESIAN_POINT('Ctrl Pts',(0.52564217347159,8.98363519436692,-30.0016443080541));
#7391=CARTESIAN_POINT('Ctrl Pts',(0.599607922825574,8.97930737868745,-29.8896702385989));
#7392=CARTESIAN_POINT('Ctrl Pts',(0.69161125693335,8.97305267367862,-29.8036313396425));
#7393=CARTESIAN_POINT('Ctrl Pts',(0.911363226013211,8.95340942514348,-29.6834238827274));
#7394=CARTESIAN_POINT('Ctrl Pts',(1.03583758698835,8.94028120729124,-29.6533720184986));
#7395=CARTESIAN_POINT('Ctrl Pts',(1.1745923391336,8.9220140011574,-29.6533720184986));
#7396=CARTESIAN_POINT('',(1.17472286389625,8.92300544620698,-29.6533720184986));
#7397=CARTESIAN_POINT('',(1.17472286389625,8.92300544620698,-29.6533720184986));
#7398=CARTESIAN_POINT('Ctrl Pts',(0.525700584647662,8.98463348697659,-30.0016443080541));
#7399=CARTESIAN_POINT('Ctrl Pts',(0.5996745533315,8.98030519037527,-29.8896702385989));
#7400=CARTESIAN_POINT('Ctrl Pts',(0.691688111167924,8.97404979032198,-29.8036313396425));
#7401=CARTESIAN_POINT('Ctrl Pts',(0.911464499846527,8.95440435896115,-29.6834238827274));
#7402=CARTESIAN_POINT('Ctrl Pts',(1.03595269284311,8.94127468225594,-29.6533720184986));
#7403=CARTESIAN_POINT('Ctrl Pts',(1.17472286389625,8.92300544620698,-29.6533720184986));
#7404=CARTESIAN_POINT('Ctrl Pts',(1.1745923391336,8.9220140011574,-29.6533720184986));
#7405=CARTESIAN_POINT('Ctrl Pts',(1.17463584738782,8.92234448284059,-29.6533720184986));
#7406=CARTESIAN_POINT('Ctrl Pts',(1.17467935564204,8.92267496452378,-29.6533720184986));
#7407=CARTESIAN_POINT('Ctrl Pts',(1.17472286389625,8.92300544620698,-29.6533720184986));
#7408=CARTESIAN_POINT('Ctrl Pts',(1.35742213019558,8.89794427072221,-29.6533720184986));
#7409=CARTESIAN_POINT('Ctrl Pts',(1.35747241064768,8.89827385796051,-29.6533720184986));
#7410=CARTESIAN_POINT('Ctrl Pts',(1.35752269118478,8.89860345382181,-29.6533720184986));
#7411=CARTESIAN_POINT('Ctrl Pts',(1.35757297163688,8.89893304106011,-29.6533720184986));
#7412=CARTESIAN_POINT('Ctrl Pts',(1.50767688528966,8.87264652139418,-29.7089473838533));
#7413=CARTESIAN_POINT('Ctrl Pts',(1.5077327311558,8.87297517439914,-29.7089473838533));
#7414=CARTESIAN_POINT('Ctrl Pts',(1.5077885776928,8.87330382755372,-29.7089473838533));
#7415=CARTESIAN_POINT('Ctrl Pts',(1.50784442355894,8.87363248055868,-29.7089473838533));
#7416=CARTESIAN_POINT('Ctrl Pts',(1.74406637591399,8.82906185748748,-29.9312488452716));
#7417=CARTESIAN_POINT('Ctrl Pts',(1.74413097862743,8.82938889839015,-29.9312488452716));
#7418=CARTESIAN_POINT('Ctrl Pts',(1.74419557988751,8.82971593247076,-29.9312488452716));
#7419=CARTESIAN_POINT('Ctrl Pts',(1.74426018260094,8.83004297337342,-29.9312488452716));
#7420=CARTESIAN_POINT('Ctrl Pts',(1.8028635394582,8.81655738131909,-30.0708047627176));
#7421=CARTESIAN_POINT('Ctrl Pts',(1.80293031856629,8.81688395056971,-30.0708047627176));
#7422=CARTESIAN_POINT('Ctrl Pts',(1.80299710078121,8.81721053841378,-30.0708047627176));
#7423=CARTESIAN_POINT('Ctrl Pts',(1.8030638798893,8.81753710766439,-30.0708047627176));
#7424=CARTESIAN_POINT('Ctrl Pts',(1.8028635394582,8.81655738131909,-30.2387658669004));
#7425=CARTESIAN_POINT('Ctrl Pts',(1.8029303196019,8.81688395676753,-30.2387658669004));
#7426=CARTESIAN_POINT('Ctrl Pts',(1.8029970997456,8.81721053221596,-30.2387658669004));
#7427=CARTESIAN_POINT('Ctrl Pts',(1.8030638798893,8.81753710766439,-30.2387658669004));
#7428=CARTESIAN_POINT('Ctrl Pts',(1.1745923391336,8.9220140011574,-29.6533720184986));
#7429=CARTESIAN_POINT('Ctrl Pts',(1.35742213019558,8.89794427072221,-29.6533720184986));
#7430=CARTESIAN_POINT('Ctrl Pts',(1.50767688528966,8.87264652139418,-29.7089473838533));
#7431=CARTESIAN_POINT('Ctrl Pts',(1.74406637591399,8.82906185748748,-29.9312488452716));
#7432=CARTESIAN_POINT('Ctrl Pts',(1.8028635394582,8.81655738131909,-30.0708047627176));
#7433=CARTESIAN_POINT('Ctrl Pts',(1.8028635394582,8.81655738131909,-30.2387658669004));
#7434=CARTESIAN_POINT('Ctrl Pts',(1.17472286389625,8.92300544620698,-29.6533720184986));
#7435=CARTESIAN_POINT('Ctrl Pts',(1.35757297163688,8.89893304106011,-29.6533720184986));
#7436=CARTESIAN_POINT('Ctrl Pts',(1.50784442355894,8.87363248055868,-29.7089473838533));
#7437=CARTESIAN_POINT('Ctrl Pts',(1.74426018260094,8.83004297337342,-29.9312488452716));
#7438=CARTESIAN_POINT('Ctrl Pts',(1.8030638798893,8.81753710766439,-30.0708047627176));
#7439=CARTESIAN_POINT('Ctrl Pts',(1.8030638798893,8.81753710766439,-30.2387658669004));
#7440=CARTESIAN_POINT('Origin',(0.,0.,-2.5));
#7441=CARTESIAN_POINT('',(1.19662625310307,8.9190855254552,-31.2267723620933));
#7442=CARTESIAN_POINT('',(2.09939945485754,8.75068699754161,-30.2338258344244));
#7443=CARTESIAN_POINT('Ctrl Pts',(1.19662625310307,8.9190855254552,-31.2267723620933));
#7444=CARTESIAN_POINT('Ctrl Pts',(1.45446219384238,8.88449304904026,-31.2267723620933));
#7445=CARTESIAN_POINT('Ctrl Pts',(1.66915766680993,8.84468031625163,-31.132088406304));
#7446=CARTESIAN_POINT('Ctrl Pts',(2.01393902404855,8.77222213292678,-30.7533525831467));
#7447=CARTESIAN_POINT('Ctrl Pts',(2.09939945485754,8.75068699754161,-30.5170543630464));
#7448=CARTESIAN_POINT('Ctrl Pts',(2.09939945485754,8.75068699754161,-30.2338258344244));
#7449=CARTESIAN_POINT('',(0.439325876471279,8.98826978757662,-30.6858388059752));
#7450=CARTESIAN_POINT('Ctrl Pts',(0.439325876471279,8.98826978757662,-30.6858388059752));
#7451=CARTESIAN_POINT('Ctrl Pts',(0.521552440644167,8.98425074295199,-30.8636799751099));
#7452=CARTESIAN_POINT('Ctrl Pts',(0.621830694046793,8.97828206020924,-30.99829586008));
#7453=CARTESIAN_POINT('Ctrl Pts',(0.858104111767808,8.95873532614462,-31.1810770616907));
#7454=CARTESIAN_POINT('Ctrl Pts',(1.01059272624053,8.94404465400776,-31.2267723620933));
#7455=CARTESIAN_POINT('Ctrl Pts',(1.19662625310307,8.9190855254552,-31.2267723620933));
#7456=CARTESIAN_POINT('',(0.426991482086869,8.98886418154292,-30.6858388059752));
#7457=CARTESIAN_POINT('Origin',(0.,0.,-30.6858388059752));
#7458=CARTESIAN_POINT('',(-0.291491999263182,8.99427781505361,-31.1502018587159));
#7459=CARTESIAN_POINT('Ctrl Pts',(-0.291491999263182,8.99427781505361,-31.1502018587159));
#7460=CARTESIAN_POINT('Ctrl Pts',(-0.154904664676158,8.99870442006309,-31.1502018587159));
#7461=CARTESIAN_POINT('Ctrl Pts',(-0.0198649523863911,8.99998247014671,
-31.1102699295352));
#7462=CARTESIAN_POINT('Ctrl Pts',(0.246850292606356,8.99656775957202,-30.9505422128123));
#7463=CARTESIAN_POINT('Ctrl Pts',(0.351338040419189,8.99245789199735,-30.8356864577461));
#7464=CARTESIAN_POINT('Ctrl Pts',(0.426991482086871,8.98886418154292,-30.6858388059752));
#7465=CARTESIAN_POINT('',(-1.06454330371583,8.93581269692431,-30.2338258344244));
#7466=CARTESIAN_POINT('Ctrl Pts',(-1.06454330371583,8.93581269692431,-30.2338258344244));
#7467=CARTESIAN_POINT('Ctrl Pts',(-1.06454330371583,8.93581269692431,-30.5104676530785));
#7468=CARTESIAN_POINT('Ctrl Pts',(-0.992663710116194,8.9450694241473,-30.7323574451238));
#7469=CARTESIAN_POINT('Ctrl Pts',(-0.704219887679547,8.97260559335512,-31.0666329759975));
#7470=CARTESIAN_POINT('Ctrl Pts',(-0.518589013395823,8.98691791756796,-31.1502018587159));
#7471=CARTESIAN_POINT('Ctrl Pts',(-0.291491999263182,8.99427781505361,-31.1502018587159));
#7472=CARTESIAN_POINT('',(-0.264337808343544,8.99511681542158,-29.314979793895));
#7473=CARTESIAN_POINT('Ctrl Pts',(-0.264337808343544,8.99511681542158,-29.314979793895));
#7474=CARTESIAN_POINT('Ctrl Pts',(-0.493101790486714,8.98839417124602,-29.314979793895));
#7475=CARTESIAN_POINT('Ctrl Pts',(-0.683710970984995,8.97435125412322,-29.4014303622244));
#7476=CARTESIAN_POINT('Ctrl Pts',(-0.988582948566737,8.94562764119648,-29.7472326355419));
#7477=CARTESIAN_POINT('Ctrl Pts',(-1.06454330371583,8.93581269692431,-29.9670640807224));
#7478=CARTESIAN_POINT('Ctrl Pts',(-1.06454330371583,8.93581269692431,-30.2338258344244));
#7479=CARTESIAN_POINT('',(0.409721984376529,8.98966789684238,-29.7571127004939));
#7480=CARTESIAN_POINT('Ctrl Pts',(0.409721984376529,8.98966789684238,-29.7571127004939));
#7481=CARTESIAN_POINT('Ctrl Pts',(0.322548268746809,8.99364101221918,-29.6072650487229));
#7482=CARTESIAN_POINT('Ctrl Pts',(0.227087293766401,8.99674204848582,-29.4961143180138));
#7483=CARTESIAN_POINT('Ctrl Pts',(0.0196559311609505,8.99955071807269,-29.3512066987188));
#7484=CARTESIAN_POINT('Ctrl Pts',(-0.109634108189172,8.99966306400074,-29.314979793895));
#7485=CARTESIAN_POINT('Ctrl Pts',(-0.264337808343544,8.99511681542158,-29.314979793895));
#7486=CARTESIAN_POINT('',(0.422057497903228,8.98909719985626,-29.7571127004939));
#7487=CARTESIAN_POINT('Origin',(0.,0.,-29.7571127004939));
#7488=CARTESIAN_POINT('',(1.20396927537686,8.91809727374335,-29.2408793067556));
#7489=CARTESIAN_POINT('Ctrl Pts',(1.20396927537686,8.91809727374335,-29.2408793067556));
#7490=CARTESIAN_POINT('Ctrl Pts',(1.04080005257648,8.94012559715233,-29.2408793067556));
#7491=CARTESIAN_POINT('Ctrl Pts',(0.890098569709844,8.95594794366253,-29.2849279296663));
#7492=CARTESIAN_POINT('Ctrl Pts',(0.614452792466258,8.97903384798323,-29.461122421309));
#7493=CARTESIAN_POINT('Ctrl Pts',(0.504291631415991,8.98523612995558,-29.5891515963111));
#7494=CARTESIAN_POINT('Ctrl Pts',(0.422057497903228,8.98909719985626,-29.7571127004939));
#7495=CARTESIAN_POINT('',(1.84397817685921,8.80805003864459,-29.5027010279817));
#7496=CARTESIAN_POINT('Ctrl Pts',(1.84397817685921,8.80805003864459,-29.5027010279817));
#7497=CARTESIAN_POINT('Ctrl Pts',(1.76340030048731,8.82491913508654,-29.4170737983983));
#7498=CARTESIAN_POINT('Ctrl Pts',(1.66808645955555,8.84374797588378,-29.3520300374647));
#7499=CARTESIAN_POINT('Ctrl Pts',(1.44754520646405,8.88252142092682,-29.2631094528974));
#7500=CARTESIAN_POINT('Ctrl Pts',(1.32960957693316,8.90113546471843,-29.2408793067556));
#7501=CARTESIAN_POINT('Ctrl Pts',(1.20396927537686,8.91809727374335,-29.2408793067556));
#7502=CARTESIAN_POINT('Ctrl Pts',(2.09939945485754,8.75068699754161,-30.2338258344244));
#7503=CARTESIAN_POINT('Ctrl Pts',(2.09939945485754,8.75068699754161,-30.0823315051615));
#7504=CARTESIAN_POINT('Ctrl Pts',(2.07740048218264,8.75603823959668,-29.9444222652075));
#7505=CARTESIAN_POINT('Ctrl Pts',(1.98918872869096,8.776507212679,-29.6957739639173));
#7506=CARTESIAN_POINT('Ctrl Pts',(1.92616761075854,8.7908435602738,-29.5899749350571));
#7507=CARTESIAN_POINT('Ctrl Pts',(1.84397817685921,8.80805003864459,-29.5027010279817));
#7508=CARTESIAN_POINT('Ctrl Pts',(1.19662625310307,8.9190855254552,-31.2267723620933));
#7509=CARTESIAN_POINT('Ctrl Pts',(1.19667057751886,8.91941589866428,-31.2267723620933));
#7510=CARTESIAN_POINT('Ctrl Pts',(1.19671490193465,8.91974627187335,-31.2267723620933));
#7511=CARTESIAN_POINT('Ctrl Pts',(1.19675922635044,8.92007664508243,-31.2267723620933));
#7512=CARTESIAN_POINT('Ctrl Pts',(1.45446219384238,8.88449304904026,-31.2267723620933));
#7513=CARTESIAN_POINT('Ctrl Pts',(1.45451606899746,8.88482213544721,-31.2267723620933));
#7514=CARTESIAN_POINT('Ctrl Pts',(1.45456994355605,8.88515123822493,-31.2267723620933));
#7515=CARTESIAN_POINT('Ctrl Pts',(1.45462381871112,8.88548032463188,-31.2267723620933));
#7516=CARTESIAN_POINT('Ctrl Pts',(1.66915766680993,8.84468031625163,-31.132088406304));
#7517=CARTESIAN_POINT('Ctrl Pts',(1.66921949367799,8.84500793300621,-31.132088406304));
#7518=CARTESIAN_POINT('Ctrl Pts',(1.66928132251402,8.84533555096013,-31.132088406304));
#7519=CARTESIAN_POINT('Ctrl Pts',(1.66934314938208,8.84566316771471,-31.132088406304));
#7520=CARTESIAN_POINT('Ctrl Pts',(2.01393902404855,8.77222213292678,-30.7533525831467));
#7521=CARTESIAN_POINT('Ctrl Pts',(2.01401362388095,8.77254707110003,-30.7533525831467));
#7522=CARTESIAN_POINT('Ctrl Pts',(2.01408822008504,8.7728719944127,-30.7533525831467));
#7523=CARTESIAN_POINT('Ctrl Pts',(2.01416281991743,8.77319693258595,-30.7533525831467));
#7524=CARTESIAN_POINT('Ctrl Pts',(2.09939945485754,8.75068699754161,-30.5170543630464));
#7525=CARTESIAN_POINT('Ctrl Pts',(2.09947721657612,8.75101111995075,-30.5170543630464));
#7526=CARTESIAN_POINT('Ctrl Pts',(2.09955498566644,8.75133528173294,-30.5170543630464));
#7527=CARTESIAN_POINT('Ctrl Pts',(2.09963274738502,8.75165940414207,-30.5170543630464));
#7528=CARTESIAN_POINT('Ctrl Pts',(2.09939945485754,8.75068699754161,-30.2338258344244));
#7529=CARTESIAN_POINT('Ctrl Pts',(2.09947721903337,8.7510111330751,-30.2338258344244));
#7530=CARTESIAN_POINT('Ctrl Pts',(2.0995549832092,8.75133526860859,-30.2338258344244));
#7531=CARTESIAN_POINT('Ctrl Pts',(2.09963274738502,8.75165940414207,-30.2338258344244));
#7532=CARTESIAN_POINT('',(2.09963274738502,8.75165940414207,-30.2338258344244));
#7533=CARTESIAN_POINT('',(2.09963274738502,8.75165940414207,-30.2338258344244));
#7534=CARTESIAN_POINT('',(1.19675922635044,8.92007664508243,-31.2267723620933));
#7535=CARTESIAN_POINT('Ctrl Pts',(1.19675922635044,8.92007664508243,-31.2267723620933));
#7536=CARTESIAN_POINT('Ctrl Pts',(1.45462381871112,8.88548032463188,-31.2267723620933));
#7537=CARTESIAN_POINT('Ctrl Pts',(1.66934314938208,8.84566316771471,-31.132088406304));
#7538=CARTESIAN_POINT('Ctrl Pts',(2.01416281991743,8.77319693258595,-30.7533525831467));
#7539=CARTESIAN_POINT('Ctrl Pts',(2.09963274738502,8.75165940414207,-30.5170543630464));
#7540=CARTESIAN_POINT('Ctrl Pts',(2.09963274738502,8.75165940414207,-30.2338258344244));
#7541=CARTESIAN_POINT('',(1.19675922635044,8.92007664508243,-31.2267723620933));
#7542=CARTESIAN_POINT('Ctrl Pts',(0.439325876471279,8.98826978757662,-30.6858388059752));
#7543=CARTESIAN_POINT('Ctrl Pts',(0.439342149608164,8.98860272345052,-30.6858388059752));
#7544=CARTESIAN_POINT('Ctrl Pts',(0.439358422745048,8.98893565932442,-30.6858388059752));
#7545=CARTESIAN_POINT('Ctrl Pts',(0.439374695881933,8.98926859519831,-30.6858388059752));
#7546=CARTESIAN_POINT('Ctrl Pts',(0.521552440644167,8.98425074295199,-30.8636799751099));
#7547=CARTESIAN_POINT('Ctrl Pts',(0.521571759298015,8.98458352905349,-30.8636799751099));
#7548=CARTESIAN_POINT('Ctrl Pts',(0.521591078701137,8.98491631786204,-30.8636799751099));
#7549=CARTESIAN_POINT('Ctrl Pts',(0.521610397354984,8.98524910396355,-30.8636799751099));
#7550=CARTESIAN_POINT('Ctrl Pts',(0.621830694046793,8.97828206020924,-30.99829586008));
#7551=CARTESIAN_POINT('Ctrl Pts',(0.621853727329286,8.9786146260981,-30.99829586008));
#7552=CARTESIAN_POINT('Ctrl Pts',(0.621876760741413,8.97894719207126,-30.99829586008));
#7553=CARTESIAN_POINT('Ctrl Pts',(0.621899794023907,8.97927975796012,-30.99829586008));
#7554=CARTESIAN_POINT('Ctrl Pts',(0.858104111767808,8.95873532614462,-31.1810770616907));
#7555=CARTESIAN_POINT('Ctrl Pts',(0.858135897210606,8.95906716876802,-31.1810770616907));
#7556=CARTESIAN_POINT('Ctrl Pts',(0.858167681821372,8.95939900917141,-31.1810770616907));
#7557=CARTESIAN_POINT('Ctrl Pts',(0.85819946726417,8.95973085179481,-31.1810770616907));
#7558=CARTESIAN_POINT('Ctrl Pts',(1.01059272624053,8.94404465400776,-31.2267723620933));
#7559=CARTESIAN_POINT('Ctrl Pts',(1.01063015905447,8.9443759497296,-31.2267723620933));
#7560=CARTESIAN_POINT('Ctrl Pts',(1.01066759398512,8.94470725145782,-31.2267723620933));
#7561=CARTESIAN_POINT('Ctrl Pts',(1.01070502679906,8.94503854717966,-31.2267723620933));
#7562=CARTESIAN_POINT('Ctrl Pts',(1.19662625310307,8.9190855254552,-31.2267723620933));
#7563=CARTESIAN_POINT('Ctrl Pts',(1.19667057751886,8.91941589866428,-31.2267723620933));
#7564=CARTESIAN_POINT('Ctrl Pts',(1.19671490193465,8.91974627187335,-31.2267723620933));
#7565=CARTESIAN_POINT('Ctrl Pts',(1.19675922635044,8.92007664508243,-31.2267723620933));
#7566=CARTESIAN_POINT('',(0.439374695881933,8.98926859519831,-30.6858388059752));
#7567=CARTESIAN_POINT('Ctrl Pts',(0.439374695881933,8.98926859519831,-30.6858388059752));
#7568=CARTESIAN_POINT('Ctrl Pts',(0.521610397354984,8.98524910396355,-30.8636799751099));
#7569=CARTESIAN_POINT('Ctrl Pts',(0.621899794023907,8.97927975796012,-30.99829586008));
#7570=CARTESIAN_POINT('Ctrl Pts',(0.85819946726417,8.95973085179481,-31.1810770616907));
#7571=CARTESIAN_POINT('Ctrl Pts',(1.01070502679906,8.94503854717966,-31.2267723620933));
#7572=CARTESIAN_POINT('Ctrl Pts',(1.19675922635044,8.92007664508243,-31.2267723620933));
#7573=CARTESIAN_POINT('',(0.439374695881933,8.98926859519831,-30.6858388059752));
#7574=CARTESIAN_POINT('Origin',(0.433206915336529,8.98956794114737,-30.6858388059752));
#7575=CARTESIAN_POINT('',(0.427038930856964,8.98986305521572,-30.6858388059752));
#7576=CARTESIAN_POINT('Origin',(0.,0.,-30.6858388059752));
#7577=CARTESIAN_POINT('',(0.427038930856964,8.98986305521572,-30.6858388059752));
#7578=CARTESIAN_POINT('Ctrl Pts',(-0.291491999263182,8.99427781505361,-31.1502018587159));
#7579=CARTESIAN_POINT('Ctrl Pts',(-0.291502796462843,8.99461097347177,-31.1502018587159));
#7580=CARTESIAN_POINT('Ctrl Pts',(-0.291513593662505,8.99494413188993,-31.1502018587159));
#7581=CARTESIAN_POINT('Ctrl Pts',(-0.291524390862167,8.99527729030809,-31.1502018587159));
#7582=CARTESIAN_POINT('Ctrl Pts',(-0.154904664676158,8.99870442006309,-31.1502018587159));
#7583=CARTESIAN_POINT('Ctrl Pts',(-0.154910402478051,8.999037742183,-31.1502018587159));
#7584=CARTESIAN_POINT('Ctrl Pts',(-0.154916140416289,8.99937106509731,-31.1502018587159));
#7585=CARTESIAN_POINT('Ctrl Pts',(-0.154921878218182,8.99970438721723,-31.1502018587159));
#7586=CARTESIAN_POINT('Ctrl Pts',(-0.0198649523863911,8.99998247014671,
-31.1102699295352));
#7587=CARTESIAN_POINT('Ctrl Pts',(-0.0198656882012791,9.00031583968507,
-31.1102699295352));
#7588=CARTESIAN_POINT('Ctrl Pts',(-0.0198664240337085,9.00064920978383,
-31.1102699295352));
#7589=CARTESIAN_POINT('Ctrl Pts',(-0.0198671598485964,9.00098257932219,
-31.1102699295352));
#7590=CARTESIAN_POINT('Ctrl Pts',(0.246850292606356,8.99656775957202,-30.9505422128123));
#7591=CARTESIAN_POINT('Ctrl Pts',(0.246859436178816,8.9969010034005,-30.9505422128123));
#7592=CARTESIAN_POINT('Ctrl Pts',(0.246868579892059,8.99723424546456,-30.9505422128123));
#7593=CARTESIAN_POINT('Ctrl Pts',(0.246877723464519,8.99756748929305,-30.9505422128123));
#7594=CARTESIAN_POINT('Ctrl Pts',(0.351338040419189,8.99245789199735,-30.8356864577461));
#7595=CARTESIAN_POINT('Ctrl Pts',(0.351351054507237,8.99279098163153,-30.8356864577461));
#7596=CARTESIAN_POINT('Ctrl Pts',(0.351364068229177,8.99312407538149,-30.8356864577461));
#7597=CARTESIAN_POINT('Ctrl Pts',(0.351377082317224,8.99345716501568,-30.8356864577461));
#7598=CARTESIAN_POINT('Ctrl Pts',(0.426991482086871,8.98886418154292,-30.6858388059752));
#7599=CARTESIAN_POINT('Ctrl Pts',(0.427007298343569,8.98919713943385,-30.6858388059752));
#7600=CARTESIAN_POINT('Ctrl Pts',(0.427023114600268,8.98953009732478,-30.6858388059752));
#7601=CARTESIAN_POINT('Ctrl Pts',(0.427038930856966,8.98986305521572,-30.6858388059752));
#7602=CARTESIAN_POINT('',(-0.291524390862167,8.99527729030809,-31.1502018587159));
#7603=CARTESIAN_POINT('Ctrl Pts',(-0.291524390862167,8.99527729030809,-31.1502018587159));
#7604=CARTESIAN_POINT('Ctrl Pts',(-0.154921878218182,8.99970438721723,-31.1502018587159));
#7605=CARTESIAN_POINT('Ctrl Pts',(-0.0198671598485964,9.00098257932219,
-31.1102699295352));
#7606=CARTESIAN_POINT('Ctrl Pts',(0.246877723464519,8.99756748929305,-30.9505422128123));
#7607=CARTESIAN_POINT('Ctrl Pts',(0.351377082317224,8.99345716501568,-30.8356864577461));
#7608=CARTESIAN_POINT('Ctrl Pts',(0.427038930856966,8.98986305521572,-30.6858388059752));
#7609=CARTESIAN_POINT('',(-0.291524390862167,8.99527729030809,-31.1502018587159));
#7610=CARTESIAN_POINT('Ctrl Pts',(-1.06454330371583,8.93581269692431,-30.2338258344244));
#7611=CARTESIAN_POINT('Ctrl Pts',(-1.06458273562692,8.9361436897271,-30.2338258344244));
#7612=CARTESIAN_POINT('Ctrl Pts',(-1.06462216753801,8.93647468252989,-30.2338258344244));
#7613=CARTESIAN_POINT('Ctrl Pts',(-1.0646615994491,8.93680567533268,-30.2338258344244));
#7614=CARTESIAN_POINT('Ctrl Pts',(-1.06454330371583,8.93581269692431,-30.5104676530785));
#7615=CARTESIAN_POINT('Ctrl Pts',(-1.06458273495,8.93614368055936,-30.5104676530785));
#7616=CARTESIAN_POINT('Ctrl Pts',(-1.06462216821493,8.93647469169764,-30.5104676530785));
#7617=CARTESIAN_POINT('Ctrl Pts',(-1.0646615994491,8.93680567533268,-30.5104676530785));
#7618=CARTESIAN_POINT('Ctrl Pts',(-0.992663710116194,8.9450694241473,-30.7323574451238));
#7619=CARTESIAN_POINT('Ctrl Pts',(-0.99270047996593,8.9454007631402,-30.7323574451238));
#7620=CARTESIAN_POINT('Ctrl Pts',(-0.992737248490718,8.94573209220231,-30.7323574451238));
#7621=CARTESIAN_POINT('Ctrl Pts',(-0.992774018340454,8.94606343119522,-30.7323574451238));
#7622=CARTESIAN_POINT('Ctrl Pts',(-0.704219887679547,8.97260559335512,-31.0666329759975));
#7623=CARTESIAN_POINT('Ctrl Pts',(-0.704245972392351,8.97293794904767,-31.0666329759975));
#7624=CARTESIAN_POINT('Ctrl Pts',(-0.704272058315968,8.97327030462483,-31.0666329759975));
#7625=CARTESIAN_POINT('Ctrl Pts',(-0.704298143028773,8.97360266031738,-31.0666329759975));
#7626=CARTESIAN_POINT('Ctrl Pts',(-0.518589013395823,8.98691791756796,-31.1502018587159));
#7627=CARTESIAN_POINT('Ctrl Pts',(-0.518608223052396,8.98725079887651,-31.1502018587159));
#7628=CARTESIAN_POINT('Ctrl Pts',(-0.518627431143784,8.98758369365664,-31.1502018587159));
#7629=CARTESIAN_POINT('Ctrl Pts',(-0.518646640800357,8.98791657496518,-31.1502018587159));
#7630=CARTESIAN_POINT('Ctrl Pts',(-0.291491999263182,8.99427781505361,-31.1502018587159));
#7631=CARTESIAN_POINT('Ctrl Pts',(-0.291502796462843,8.99461097347177,-31.1502018587159));
#7632=CARTESIAN_POINT('Ctrl Pts',(-0.291513593662505,8.99494413188993,-31.1502018587159));
#7633=CARTESIAN_POINT('Ctrl Pts',(-0.291524390862167,8.99527729030809,-31.1502018587159));
#7634=CARTESIAN_POINT('',(-1.0646615994491,8.93680567533268,-30.2338258344244));
#7635=CARTESIAN_POINT('Ctrl Pts',(-1.0646615994491,8.93680567533268,-30.2338258344244));
#7636=CARTESIAN_POINT('Ctrl Pts',(-1.0646615994491,8.93680567533268,-30.5104676530785));
#7637=CARTESIAN_POINT('Ctrl Pts',(-0.992774018340454,8.94606343119522,-30.7323574451238));
#7638=CARTESIAN_POINT('Ctrl Pts',(-0.704298143028773,8.97360266031738,-31.0666329759975));
#7639=CARTESIAN_POINT('Ctrl Pts',(-0.518646640800357,8.98791657496518,-31.1502018587159));
#7640=CARTESIAN_POINT('Ctrl Pts',(-0.291524390862167,8.99527729030809,-31.1502018587159));
#7641=CARTESIAN_POINT('',(-1.0646615994491,8.93680567533268,-30.2338258344244));
#7642=CARTESIAN_POINT('Ctrl Pts',(-0.264337808343544,8.99511681542158,-29.314979793895));
#7643=CARTESIAN_POINT('Ctrl Pts',(-0.264347599720673,8.99545000491728,-29.314979793895));
#7644=CARTESIAN_POINT('Ctrl Pts',(-0.264357391097801,8.99578319441298,-29.314979793895));
#7645=CARTESIAN_POINT('Ctrl Pts',(-0.26436718247493,8.99611638390868,-29.314979793895));
#7646=CARTESIAN_POINT('Ctrl Pts',(-0.493101790486714,8.98839417124602,-29.314979793895));
#7647=CARTESIAN_POINT('Ctrl Pts',(-0.493120056060666,8.98872710747447,-29.314979793895));
#7648=CARTESIAN_POINT('Ctrl Pts',(-0.493138320088947,8.98906005646121,-29.314979793895));
#7649=CARTESIAN_POINT('Ctrl Pts',(-0.493156585662899,8.98939299268966,-29.314979793895));
#7650=CARTESIAN_POINT('Ctrl Pts',(-0.683710970984995,8.97435125412322,-29.4014303622244));
#7651=CARTESIAN_POINT('Ctrl Pts',(-0.683736296010032,8.97468367415309,-29.4014303622244));
#7652=CARTESIAN_POINT('Ctrl Pts',(-0.683761622287437,8.97501609503946,-29.4014303622244));
#7653=CARTESIAN_POINT('Ctrl Pts',(-0.683786947312474,8.97534851506933,-29.4014303622244));
#7654=CARTESIAN_POINT('Ctrl Pts',(-0.988582948566737,8.94562764119648,-29.7472326355419));
#7655=CARTESIAN_POINT('Ctrl Pts',(-0.988619567293531,8.94595900135975,-29.7472326355419));
#7656=CARTESIAN_POINT('Ctrl Pts',(-0.988656184595869,8.94629035011214,-29.7472326355419));
#7657=CARTESIAN_POINT('Ctrl Pts',(-0.988692803322662,8.94662171027541,-29.7472326355419));
#7658=CARTESIAN_POINT('Ctrl Pts',(-1.06454330371583,8.93581269692431,-29.9670640807224));
#7659=CARTESIAN_POINT('Ctrl Pts',(-1.06458273487772,8.93614367963407,-29.9670640807224));
#7660=CARTESIAN_POINT('Ctrl Pts',(-1.06462216828721,8.93647469262292,-29.9670640807224));
#7661=CARTESIAN_POINT('Ctrl Pts',(-1.0646615994491,8.93680567533268,-29.9670640807224));
#7662=CARTESIAN_POINT('Ctrl Pts',(-1.06454330371583,8.93581269692431,-30.2338258344244));
#7663=CARTESIAN_POINT('Ctrl Pts',(-1.06458273562692,8.9361436897271,-30.2338258344244));
#7664=CARTESIAN_POINT('Ctrl Pts',(-1.06462216753801,8.93647468252989,-30.2338258344244));
#7665=CARTESIAN_POINT('Ctrl Pts',(-1.0646615994491,8.93680567533268,-30.2338258344244));
#7666=CARTESIAN_POINT('',(-0.26436718247493,8.99611638390868,-29.314979793895));
#7667=CARTESIAN_POINT('Ctrl Pts',(-0.26436718247493,8.99611638390868,-29.314979793895));
#7668=CARTESIAN_POINT('Ctrl Pts',(-0.493156585662899,8.98939299268966,-29.314979793895));
#7669=CARTESIAN_POINT('Ctrl Pts',(-0.683786947312474,8.97534851506933,-29.4014303622244));
#7670=CARTESIAN_POINT('Ctrl Pts',(-0.988692803322662,8.94662171027541,-29.7472326355419));
#7671=CARTESIAN_POINT('Ctrl Pts',(-1.0646615994491,8.93680567533268,-29.9670640807224));
#7672=CARTESIAN_POINT('Ctrl Pts',(-1.0646615994491,8.93680567533268,-30.2338258344244));
#7673=CARTESIAN_POINT('',(-0.26436718247493,8.99611638390868,-29.314979793895));
#7674=CARTESIAN_POINT('Ctrl Pts',(0.409721984376529,8.98966789684238,-29.7571127004939));
#7675=CARTESIAN_POINT('Ctrl Pts',(0.409737160951125,8.99000088450386,-29.7571127004939));
#7676=CARTESIAN_POINT('Ctrl Pts',(0.409752337525722,8.99033387216533,-29.7571127004939));
#7677=CARTESIAN_POINT('Ctrl Pts',(0.409767514100318,8.99066685982681,-29.7571127004939));
#7678=CARTESIAN_POINT('Ctrl Pts',(0.322548268746809,8.99364101221918,-29.6072650487229));
#7679=CARTESIAN_POINT('Ctrl Pts',(0.322560216386981,8.99397414673058,-29.6072650487229));
#7680=CARTESIAN_POINT('Ctrl Pts',(0.322572163785685,8.99430728219853,-29.6072650487229));
#7681=CARTESIAN_POINT('Ctrl Pts',(0.322584111425857,8.99464041670993,-29.6072650487229));
#7682=CARTESIAN_POINT('Ctrl Pts',(0.227087293766401,8.99674204848582,-29.4961143180138));
#7683=CARTESIAN_POINT('Ctrl Pts',(0.227095705363493,8.99707529808468,-29.4961143180138));
#7684=CARTESIAN_POINT('Ctrl Pts',(0.227104116894697,8.99740854797558,-29.4961143180138));
#7685=CARTESIAN_POINT('Ctrl Pts',(0.227112528491789,8.99774179757443,-29.4961143180138));
#7686=CARTESIAN_POINT('Ctrl Pts',(0.0196559311609505,8.99955071807269,-29.3512066987188));
#7687=CARTESIAN_POINT('Ctrl Pts',(0.0196566591334373,8.99988407224796,-29.3512066987188));
#7688=CARTESIAN_POINT('Ctrl Pts',(0.0196573874235079,9.00021742509513,-29.3512066987188));
#7689=CARTESIAN_POINT('Ctrl Pts',(0.0196581153959947,9.00055077927039,-29.3512066987188));
#7690=CARTESIAN_POINT('Ctrl Pts',(-0.109634108189172,8.99966306400074,-29.314979793895));
#7691=CARTESIAN_POINT('Ctrl Pts',(-0.109638168901433,8.99999642080609,-29.314979793895));
#7692=CARTESIAN_POINT('Ctrl Pts',(-0.109642230398146,9.00032978087734,-29.314979793895));
#7693=CARTESIAN_POINT('Ctrl Pts',(-0.109646291110406,9.0006631376827,-29.314979793895));
#7694=CARTESIAN_POINT('Ctrl Pts',(-0.264337808343544,8.99511681542158,-29.314979793895));
#7695=CARTESIAN_POINT('Ctrl Pts',(-0.264347599720673,8.99545000491728,-29.314979793895));
#7696=CARTESIAN_POINT('Ctrl Pts',(-0.264357391097801,8.99578319441298,-29.314979793895));
#7697=CARTESIAN_POINT('Ctrl Pts',(-0.26436718247493,8.99611638390868,-29.314979793895));
#7698=CARTESIAN_POINT('',(0.409767514100318,8.99066685982681,-29.7571127004939));
#7699=CARTESIAN_POINT('Ctrl Pts',(0.409767514100318,8.99066685982681,-29.7571127004939));
#7700=CARTESIAN_POINT('Ctrl Pts',(0.322584111425857,8.99464041670993,-29.6072650487229));
#7701=CARTESIAN_POINT('Ctrl Pts',(0.227112528491789,8.99774179757443,-29.4961143180138));
#7702=CARTESIAN_POINT('Ctrl Pts',(0.0196581153959947,9.00055077927039,-29.3512066987188));
#7703=CARTESIAN_POINT('Ctrl Pts',(-0.109646291110406,9.0006631376827,-29.314979793895));
#7704=CARTESIAN_POINT('Ctrl Pts',(-0.26436718247493,8.99611638390868,-29.314979793895));
#7705=CARTESIAN_POINT('',(0.409767514100318,8.99066685982681,-29.7571127004939));
#7706=CARTESIAN_POINT('Origin',(0.415936054148039,8.99038359575717,-29.7571127004939));
#7707=CARTESIAN_POINT('',(0.422104398391938,8.99009609942286,-29.7571127004939));
#7708=CARTESIAN_POINT('Origin',(0.,0.,-29.7571127004939));
#7709=CARTESIAN_POINT('',(0.422104398391938,8.99009609942286,-29.7571127004939));
#7710=CARTESIAN_POINT('Ctrl Pts',(1.20396927537686,8.91809727374335,-29.2408793067556));
#7711=CARTESIAN_POINT('Ctrl Pts',(1.20401387178666,8.91842761034644,-29.2408793067556));
#7712=CARTESIAN_POINT('Ctrl Pts',(1.20405846819646,8.91875794694953,-29.2408793067556));
#7713=CARTESIAN_POINT('Ctrl Pts',(1.20410306460626,8.91908828355263,-29.2408793067556));
#7714=CARTESIAN_POINT('Ctrl Pts',(1.04080005257648,8.94012559715233,-29.2408793067556));
#7715=CARTESIAN_POINT('Ctrl Pts',(1.04083860475548,8.94045674920615,-29.2408793067556));
#7716=CARTESIAN_POINT('Ctrl Pts',(1.04087715769858,8.94078790277126,-29.2408793067556));
#7717=CARTESIAN_POINT('Ctrl Pts',(1.04091570987758,8.94111905482509,-29.2408793067556));
#7718=CARTESIAN_POINT('Ctrl Pts',(0.890098569709844,8.95594794366253,-29.2849279296663));
#7719=CARTESIAN_POINT('Ctrl Pts',(0.890131540040751,8.95627968223395,-29.2849279296663));
#7720=CARTESIAN_POINT('Ctrl Pts',(0.890164510210108,8.95661142099772,-29.2849279296663));
#7721=CARTESIAN_POINT('Ctrl Pts',(0.890197480541015,8.95694315956915,-29.2849279296663));
#7722=CARTESIAN_POINT('Ctrl Pts',(0.614452792466258,8.97903384798323,-29.461122421309));
#7723=CARTESIAN_POINT('Ctrl Pts',(0.614475552586974,8.97936644226046,-29.461122421309));
#7724=CARTESIAN_POINT('Ctrl Pts',(0.614498312464719,8.97969903499815,-29.461122421309));
#7725=CARTESIAN_POINT('Ctrl Pts',(0.614521072585434,8.98003162927538,-29.461122421309));
#7726=CARTESIAN_POINT('Ctrl Pts',(0.504291631415991,8.98523612995558,-29.5891515963111));
#7727=CARTESIAN_POINT('Ctrl Pts',(0.504310310664455,8.98556895213269,-29.5891515963111));
#7728=CARTESIAN_POINT('Ctrl Pts',(0.504328990797531,8.98590177828964,-29.5891515963111));
#7729=CARTESIAN_POINT('Ctrl Pts',(0.504347670045996,8.98623460046674,-29.5891515963111));
#7730=CARTESIAN_POINT('Ctrl Pts',(0.422057497903228,8.98909719985626,-29.7571127004939));
#7731=CARTESIAN_POINT('Ctrl Pts',(0.422073131399465,8.98943016637846,-29.7571127004939));
#7732=CARTESIAN_POINT('Ctrl Pts',(0.422088764895702,8.98976313290066,-29.7571127004939));
#7733=CARTESIAN_POINT('Ctrl Pts',(0.422104398391938,8.99009609942286,-29.7571127004939));
#7734=CARTESIAN_POINT('',(1.20410306460626,8.91908828355263,-29.2408793067556));
#7735=CARTESIAN_POINT('Ctrl Pts',(1.20410306460626,8.91908828355263,-29.2408793067556));
#7736=CARTESIAN_POINT('Ctrl Pts',(1.04091570987758,8.94111905482509,-29.2408793067556));
#7737=CARTESIAN_POINT('Ctrl Pts',(0.890197480541015,8.95694315956915,-29.2849279296663));
#7738=CARTESIAN_POINT('Ctrl Pts',(0.614521072585434,8.98003162927538,-29.461122421309));
#7739=CARTESIAN_POINT('Ctrl Pts',(0.504347670045996,8.98623460046674,-29.5891515963111));
#7740=CARTESIAN_POINT('Ctrl Pts',(0.422104398391938,8.99009609942286,-29.7571127004939));
#7741=CARTESIAN_POINT('',(1.20410306460626,8.91908828355263,-29.2408793067556));
#7742=CARTESIAN_POINT('Ctrl Pts',(1.84397817685921,8.80805003864459,-29.5027010279817));
#7743=CARTESIAN_POINT('Ctrl Pts',(1.84404647993647,8.80837629897124,-29.5027010279817));
#7744=CARTESIAN_POINT('Ctrl Pts',(1.84411478301373,8.8087025592979,-29.5027010279817));
#7745=CARTESIAN_POINT('Ctrl Pts',(1.84418308609099,8.80902881962455,-29.5027010279817));
#7746=CARTESIAN_POINT('Ctrl Pts',(1.76340030048731,8.82491913508654,-29.4170737983983));
#7747=CARTESIAN_POINT('Ctrl Pts',(1.76346561887957,8.82524601987708,-29.4170737983983));
#7748=CARTESIAN_POINT('Ctrl Pts',(1.76353093723456,8.8255729058283,-29.4170737983983));
#7749=CARTESIAN_POINT('Ctrl Pts',(1.76359625562682,8.82589979061883,-29.4170737983983));
#7750=CARTESIAN_POINT('Ctrl Pts',(1.66808645955555,8.84374797588378,-29.3520300374647));
#7751=CARTESIAN_POINT('Ctrl Pts',(1.66814824740582,8.84407555864814,-29.3520300374647));
#7752=CARTESIAN_POINT('Ctrl Pts',(1.66821003524117,8.84440314097761,-29.3520300374647));
#7753=CARTESIAN_POINT('Ctrl Pts',(1.66827182309144,8.84473072374197,-29.3520300374647));
#7754=CARTESIAN_POINT('Ctrl Pts',(1.44754520646405,8.88252142092682,-29.2631094528974));
#7755=CARTESIAN_POINT('Ctrl Pts',(1.44759882518753,8.88285043975013,-29.2631094528974));
#7756=CARTESIAN_POINT('Ctrl Pts',(1.44765244396975,8.88317945860099,-29.2631094528974));
#7757=CARTESIAN_POINT('Ctrl Pts',(1.44770606269324,8.88350847742431,-29.2631094528974));
#7758=CARTESIAN_POINT('Ctrl Pts',(1.32960957693316,8.90113546471843,-29.2408793067556));
#7759=CARTESIAN_POINT('Ctrl Pts',(1.32965882725166,8.9014651728698,-29.2408793067556));
#7760=CARTESIAN_POINT('Ctrl Pts',(1.32970807742885,8.90179488152147,-29.2408793067556));
#7761=CARTESIAN_POINT('Ctrl Pts',(1.32975732774735,8.90212458967284,-29.2408793067556));
#7762=CARTESIAN_POINT('Ctrl Pts',(1.20396927537686,8.91809727374335,-29.2408793067556));
#7763=CARTESIAN_POINT('Ctrl Pts',(1.20401387178666,8.91842761034644,-29.2408793067556));
#7764=CARTESIAN_POINT('Ctrl Pts',(1.20405846819646,8.91875794694953,-29.2408793067556));
#7765=CARTESIAN_POINT('Ctrl Pts',(1.20410306460626,8.91908828355263,-29.2408793067556));
#7766=CARTESIAN_POINT('',(1.84418308609099,8.80902881962455,-29.5027010279817));
#7767=CARTESIAN_POINT('Ctrl Pts',(1.84418308609099,8.80902881962455,-29.5027010279817));
#7768=CARTESIAN_POINT('Ctrl Pts',(1.76359625562682,8.82589979061883,-29.4170737983983));
#7769=CARTESIAN_POINT('Ctrl Pts',(1.66827182309144,8.84473072374197,-29.3520300374647));
#7770=CARTESIAN_POINT('Ctrl Pts',(1.44770606269324,8.88350847742431,-29.2631094528974));
#7771=CARTESIAN_POINT('Ctrl Pts',(1.32975732774735,8.90212458967284,-29.2408793067556));
#7772=CARTESIAN_POINT('Ctrl Pts',(1.20410306460626,8.91908828355263,-29.2408793067556));
#7773=CARTESIAN_POINT('',(1.84418308609099,8.80902881962455,-29.5027010279817));
#7774=CARTESIAN_POINT('Ctrl Pts',(2.09939945485754,8.75068699754161,-30.2338258344244));
#7775=CARTESIAN_POINT('Ctrl Pts',(2.09947721903337,8.7510111330751,-30.2338258344244));
#7776=CARTESIAN_POINT('Ctrl Pts',(2.0995549832092,8.75133526860859,-30.2338258344244));
#7777=CARTESIAN_POINT('Ctrl Pts',(2.09963274738502,8.75165940414207,-30.2338258344244));
#7778=CARTESIAN_POINT('Ctrl Pts',(2.09939945485754,8.75068699754161,-30.0823315051615));
#7779=CARTESIAN_POINT('Ctrl Pts',(2.09947721882506,8.75101113213311,-30.0823315051615));
#7780=CARTESIAN_POINT('Ctrl Pts',(2.0995549834175,8.75133526955058,-30.0823315051615));
#7781=CARTESIAN_POINT('Ctrl Pts',(2.09963274738502,8.75165940414207,-30.0823315051615));
#7782=CARTESIAN_POINT('Ctrl Pts',(2.07740048218264,8.75603823959668,-29.9444222652075));
#7783=CARTESIAN_POINT('Ctrl Pts',(2.07747743156187,8.75636257361573,-29.9444222652075));
#7784=CARTESIAN_POINT('Ctrl Pts',(2.07755438072898,8.75668690682664,-29.9444222652075));
#7785=CARTESIAN_POINT('Ctrl Pts',(2.07763133010821,8.75701124084569,-29.9444222652075));
#7786=CARTESIAN_POINT('Ctrl Pts',(1.98918872869096,8.776507212679,-29.6957739639173));
#7787=CARTESIAN_POINT('Ctrl Pts',(1.98926241054485,8.77683230477388,-29.6957739639173));
#7788=CARTESIAN_POINT('Ctrl Pts',(1.98933609236754,8.77715739641616,-29.6957739639173));
#7789=CARTESIAN_POINT('Ctrl Pts',(1.98940977422143,8.77748248851104,-29.6957739639173));
#7790=CARTESIAN_POINT('Ctrl Pts',(1.92616761075854,8.7908435602738,-29.5899749350571));
#7791=CARTESIAN_POINT('Ctrl Pts',(1.92623895810466,8.79116918248032,-29.5899749350571));
#7792=CARTESIAN_POINT('Ctrl Pts',(1.92631030581834,8.79149480700386,-29.5899749350571));
#7793=CARTESIAN_POINT('Ctrl Pts',(1.92638165316445,8.79182042921038,-29.5899749350571));
#7794=CARTESIAN_POINT('Ctrl Pts',(1.84397817685921,8.80805003864459,-29.5027010279817));
#7795=CARTESIAN_POINT('Ctrl Pts',(1.84404647993647,8.80837629897124,-29.5027010279817));
#7796=CARTESIAN_POINT('Ctrl Pts',(1.84411478301373,8.8087025592979,-29.5027010279817));
#7797=CARTESIAN_POINT('Ctrl Pts',(1.84418308609099,8.80902881962455,-29.5027010279817));
#7798=CARTESIAN_POINT('Ctrl Pts',(2.09963274738502,8.75165940414207,-30.2338258344244));
#7799=CARTESIAN_POINT('Ctrl Pts',(2.09963274738502,8.75165940414207,-30.0823315051615));
#7800=CARTESIAN_POINT('Ctrl Pts',(2.07763133010821,8.75701124084569,-29.9444222652075));
#7801=CARTESIAN_POINT('Ctrl Pts',(1.98940977422143,8.77748248851104,-29.6957739639173));
#7802=CARTESIAN_POINT('Ctrl Pts',(1.92638165316445,8.79182042921038,-29.5899749350571));
#7803=CARTESIAN_POINT('Ctrl Pts',(1.84418308609099,8.80902881962455,-29.5027010279817));
#7804=CARTESIAN_POINT('Origin',(0.,0.,-2.5));
#7805=CARTESIAN_POINT('',(1.72778939212747,8.83157657592639,-28.7518161660201));
#7806=CARTESIAN_POINT('',(2.03209352051961,8.76656129413707,-28.7518161660201));
#7807=CARTESIAN_POINT('Origin',(0.,0.,-28.7518161660201));
#7808=CARTESIAN_POINT('',(1.72778939212747,8.83157657592639,-28.210882609902));
#7809=CARTESIAN_POINT('',(1.72778939212747,8.83157657592639,-28.210882609902));
#7810=CARTESIAN_POINT('',(-1.00566303035128,8.94263064592207,-28.210882609902));
#7811=CARTESIAN_POINT('Origin',(0.,0.,-28.210882609902));
#7812=CARTESIAN_POINT('',(-1.00566303035128,8.94263064592207,-27.8947205314403));
#7813=CARTESIAN_POINT('',(-1.00566303035128,8.94263064592207,-27.8947205314403));
#7814=CARTESIAN_POINT('',(-0.58256485341948,8.98012356215438,-27.2648663907548));
#7815=CARTESIAN_POINT('Ctrl Pts',(-0.58256485341948,8.98012356215438,-27.2648663907548));
#7816=CARTESIAN_POINT('Ctrl Pts',(-0.58256485341948,8.98012356215438,-27.4739944322373));
#7817=CARTESIAN_POINT('Ctrl Pts',(-0.612156770024992,8.97836798249912,-27.6279587777382));
#7818=CARTESIAN_POINT('Ctrl Pts',(-0.730349752757875,8.96941100637368,-27.8255600767768));
#7819=CARTESIAN_POINT('Ctrl Pts',(-0.842044934753466,8.96103067566212,-27.8815471115044));
#7820=CARTESIAN_POINT('Ctrl Pts',(-1.00566303035128,8.94263064592207,-27.8947205314403));
#7821=CARTESIAN_POINT('',(-0.303833949976301,8.99386935255576,-27.2648663907548));
#7822=CARTESIAN_POINT('Origin',(0.,0.,-27.2648663907548));
#7823=CARTESIAN_POINT('',(-0.3038339499763,8.99386935255576,-27.8181500280628));
#7824=CARTESIAN_POINT('',(-0.3038339499763,8.99386935255576,-27.8181500280628));
#7825=CARTESIAN_POINT('',(1.72778939212747,8.83157657592639,-27.8181500280628));
#7826=CARTESIAN_POINT('Origin',(0.,0.,-27.8181500280628));
#7827=CARTESIAN_POINT('',(1.72778939212747,8.83157657592639,-27.2648663907548));
#7828=CARTESIAN_POINT('',(1.72778939212747,8.83157657592639,-27.2648663907548));
#7829=CARTESIAN_POINT('',(2.03209352051961,8.76656129413707,-27.2648663907548));
#7830=CARTESIAN_POINT('Origin',(0.,0.,-27.2648663907548));
#7831=CARTESIAN_POINT('',(2.03209352051961,8.76656129413707,-28.7518161660201));
#7832=CARTESIAN_POINT('Origin',(1.88043143055353,8.80136226018373,-28.7518161660201));
#7833=CARTESIAN_POINT('',(2.03231933377892,8.76753546474426,-28.7518161660201));
#7834=CARTESIAN_POINT('',(2.03231933377892,8.76753546474426,-28.7518161660201));
#7835=CARTESIAN_POINT('',(1.72798139005969,8.83255797125653,-28.7518161660201));
#7836=CARTESIAN_POINT('Origin',(0.,0.,-28.7518161660201));
#7837=CARTESIAN_POINT('',(1.72798139005969,8.83255797125653,-28.7518161660201));
#7838=CARTESIAN_POINT('Origin',(1.72798139005969,8.83255797125653,-28.4813493879611));
#7839=CARTESIAN_POINT('',(1.72798139005969,8.83255797125653,-28.210882609902));
#7840=CARTESIAN_POINT('',(1.72798139005969,8.83255797125654,-2.5));
#7841=CARTESIAN_POINT('',(1.72798139005969,8.83255797125653,-28.210882609902));
#7842=CARTESIAN_POINT('Origin',(0.365348508521871,8.99258141288256,-28.210882609902));
#7843=CARTESIAN_POINT('',(-1.00577478310496,8.94362438196451,-28.210882609902));
#7844=CARTESIAN_POINT('Origin',(0.,0.,-28.210882609902));
#7845=CARTESIAN_POINT('',(-1.00577478310496,8.94362438196451,-28.210882609902));
#7846=CARTESIAN_POINT('Origin',(-1.00577478310496,8.94362438196451,-28.0528015706711));
#7847=CARTESIAN_POINT('',(-1.00577478310496,8.94362438196451,-27.8947205314403));
#7848=CARTESIAN_POINT('',(-1.00577478310496,8.94362438196451,-2.5));
#7849=CARTESIAN_POINT('',(-1.00577478310496,8.94362438196451,-27.8947205314403));
#7850=CARTESIAN_POINT('Ctrl Pts',(-0.58256485341948,8.98012356215438,-27.2648663907548));
#7851=CARTESIAN_POINT('Ctrl Pts',(-0.582586432293185,8.9804561962827,-27.2648663907548));
#7852=CARTESIAN_POINT('Ctrl Pts',(-0.582608011166891,8.98078883041102,-27.2648663907548));
#7853=CARTESIAN_POINT('Ctrl Pts',(-0.582629590040596,8.98112146453933,-27.2648663907548));
#7854=CARTESIAN_POINT('Ctrl Pts',(-0.58256485341948,8.98012356215438,-27.4739944322373));
#7855=CARTESIAN_POINT('Ctrl Pts',(-0.582586432043946,8.98045619396103,-27.4739944322373));
#7856=CARTESIAN_POINT('Ctrl Pts',(-0.582608011416129,8.98078883273269,-27.4739944322373));
#7857=CARTESIAN_POINT('Ctrl Pts',(-0.582629590040596,8.98112146453933,-27.4739944322373));
#7858=CARTESIAN_POINT('Ctrl Pts',(-0.612156770024992,8.97836798249912,-27.6279587777382));
#7859=CARTESIAN_POINT('Ctrl Pts',(-0.612179444939931,8.97870055160227,-27.6279587777382));
#7860=CARTESIAN_POINT('Ctrl Pts',(-0.612202120087277,8.97903312069483,-27.6279587777382));
#7861=CARTESIAN_POINT('Ctrl Pts',(-0.612224795002215,8.97936568979799,-27.6279587777382));
#7862=CARTESIAN_POINT('Ctrl Pts',(-0.730349752757875,8.96941100637368,-27.8255600767768));
#7863=CARTESIAN_POINT('Ctrl Pts',(-0.730376806101536,8.96974324544085,-27.8255600767768));
#7864=CARTESIAN_POINT('Ctrl Pts',(-0.730403858404408,8.97007547927522,-27.8255600767768));
#7865=CARTESIAN_POINT('Ctrl Pts',(-0.730430911748069,8.97040771834239,-27.8255600767768));
#7866=CARTESIAN_POINT('Ctrl Pts',(-0.842044934753466,8.96103067566212,-27.8815471115044));
#7867=CARTESIAN_POINT('Ctrl Pts',(-0.842076124220096,8.961362597771,-27.8815471115044));
#7868=CARTESIAN_POINT('Ctrl Pts',(-0.842107316231914,8.96169453427062,-27.8815471115044));
#7869=CARTESIAN_POINT('Ctrl Pts',(-0.842138505698544,8.9620264563795,-27.8815471115044));
#7870=CARTESIAN_POINT('Ctrl Pts',(-1.00566303035128,8.94263064592207,-27.8947205314403));
#7871=CARTESIAN_POINT('Ctrl Pts',(-1.00570028126918,8.94296189126955,-27.8947205314403));
#7872=CARTESIAN_POINT('Ctrl Pts',(-1.00573753218707,8.94329313661703,-27.8947205314403));
#7873=CARTESIAN_POINT('Ctrl Pts',(-1.00577478310496,8.94362438196451,-27.8947205314403));
#7874=CARTESIAN_POINT('',(-0.582629590040596,8.98112146453933,-27.2648663907548));
#7875=CARTESIAN_POINT('Ctrl Pts',(-0.582629590040596,8.98112146453933,-27.2648663907548));
#7876=CARTESIAN_POINT('Ctrl Pts',(-0.582629590040596,8.98112146453933,-27.4739944322373));
#7877=CARTESIAN_POINT('Ctrl Pts',(-0.612224795002215,8.97936568979799,-27.6279587777382));
#7878=CARTESIAN_POINT('Ctrl Pts',(-0.730430911748069,8.97040771834239,-27.8255600767768));
#7879=CARTESIAN_POINT('Ctrl Pts',(-0.842138505698544,8.9620264563795,-27.8815471115044));
#7880=CARTESIAN_POINT('Ctrl Pts',(-1.00577478310496,8.94362438196451,-27.8947205314403));
#7881=CARTESIAN_POINT('',(-0.582629590040596,8.98112146453933,-27.2648663907548));
#7882=CARTESIAN_POINT('Origin',(-0.44330194482588,8.98907578039665,-27.2648663907548));
#7883=CARTESIAN_POINT('',(-0.30386771305553,8.99486878242048,-27.2648663907548));
#7884=CARTESIAN_POINT('Origin',(0.,0.,-27.2648663907548));
#7885=CARTESIAN_POINT('',(-0.30386771305553,8.99486878242048,-27.2648663907548));
#7886=CARTESIAN_POINT('Origin',(-0.303867713055529,8.99486878242048,-27.5415082094088));
#7887=CARTESIAN_POINT('',(-0.303867713055529,8.99486878242048,-27.8181500280628));
#7888=CARTESIAN_POINT('',(-0.303867713055529,8.99486878242048,-2.5));
#7889=CARTESIAN_POINT('',(-0.303867713055529,8.99486878242048,-27.8181500280628));
#7890=CARTESIAN_POINT('Origin',(0.716666687598046,8.97142067115834,-27.8181500280628));
#7891=CARTESIAN_POINT('',(1.72798139005969,8.83255797125653,-27.8181500280628));
#7892=CARTESIAN_POINT('Origin',(0.,0.,-27.8181500280628));
#7893=CARTESIAN_POINT('',(1.72798139005969,8.83255797125653,-27.8181500280628));
#7894=CARTESIAN_POINT('Origin',(1.72798139005969,8.83255797125653,-27.5415082094088));
#7895=CARTESIAN_POINT('',(1.72798139005969,8.83255797125653,-27.2648663907548));
#7896=CARTESIAN_POINT('',(1.72798139005969,8.83255797125654,-2.5));
#7897=CARTESIAN_POINT('',(1.72798139005969,8.83255797125653,-27.2648663907548));
#7898=CARTESIAN_POINT('Origin',(1.88043143055353,8.80136226018373,-27.2648663907548));
#7899=CARTESIAN_POINT('',(2.03231933377892,8.76753546474426,-27.2648663907548));
#7900=CARTESIAN_POINT('Origin',(0.,0.,-27.2648663907548));
#7901=CARTESIAN_POINT('',(2.03231933377892,8.76753546474426,-27.2648663907548));
#7902=CARTESIAN_POINT('Origin',(2.03231933377892,8.76753546474426,-28.0083412783875));
#7903=CARTESIAN_POINT('',(2.03231933377892,8.76753546474426,-2.5));
#7904=CARTESIAN_POINT('Ctrl Pts',(1.76897491971583,8.82341933342264,-32.5605810562187));
#7905=CARTESIAN_POINT('Ctrl Pts',(1.76904044458599,8.82374616304568,-32.5605810562187));
#7906=CARTESIAN_POINT('Ctrl Pts',(1.76910596945615,8.82407299266873,-32.5605810562187));
#7907=CARTESIAN_POINT('Ctrl Pts',(1.76917149432631,8.82439982229178,-32.5605810562187));
#7908=CARTESIAN_POINT('Ctrl Pts',(1.76897491971583,8.82341933342264,-32.7252488054175));
#7909=CARTESIAN_POINT('Ctrl Pts',(1.76904044360602,8.82374615639484,-32.7252488054175));
#7910=CARTESIAN_POINT('Ctrl Pts',(1.76910597043612,8.82407299931957,-32.7252488054175));
#7911=CARTESIAN_POINT('Ctrl Pts',(1.76917149432631,8.82439982229178,-32.7252488054175));
#7912=CARTESIAN_POINT('Ctrl Pts',(1.71174061008862,8.83539690677656,-32.8582180128956));
#7913=CARTESIAN_POINT('Ctrl Pts',(1.71180401540827,8.83572418165989,-32.8582180128956));
#7914=CARTESIAN_POINT('Ctrl Pts',(1.71186741930503,8.83605145175175,-32.8582180128956));
#7915=CARTESIAN_POINT('Ctrl Pts',(1.71193082462469,8.83637872663508,-32.8582180128956));
#7916=CARTESIAN_POINT('Ctrl Pts',(1.48168735354804,8.87687574324652,-33.0607593444101));
#7917=CARTESIAN_POINT('Ctrl Pts',(1.48174223671129,8.87720455464991,-33.0607593444101));
#7918=CARTESIAN_POINT('Ctrl Pts',(1.48179712060743,8.8775333609734,-33.0607593444101));
#7919=CARTESIAN_POINT('Ctrl Pts',(1.48185200377068,8.87786217237678,-33.0607593444101));
#7920=CARTESIAN_POINT('Ctrl Pts',(1.30870209239729,8.90640013208545,-33.1113946772888));
#7921=CARTESIAN_POINT('Ctrl Pts',(1.30875056827225,8.90673002862531,-33.1113946772888));
#7922=CARTESIAN_POINT('Ctrl Pts',(1.30879904402455,8.90705994552803,-33.1113946772888));
#7923=CARTESIAN_POINT('Ctrl Pts',(1.30884751989951,8.9073898420679,-33.1113946772888));
#7924=CARTESIAN_POINT('Ctrl Pts',(1.0765789992399,8.9343706358308,-33.1113946772888));
#7925=CARTESIAN_POINT('Ctrl Pts',(1.07661887696702,8.93470157521798,-33.1113946772888));
#7926=CARTESIAN_POINT('Ctrl Pts',(1.07665875469415,8.93503251460517,-33.1113946772888));
#7927=CARTESIAN_POINT('Ctrl Pts',(1.07669863242128,8.93536345399235,-33.1113946772888));
#7928=CARTESIAN_POINT('',(1.76897491971583,8.82341933342264,-32.5605810562187));
#7929=CARTESIAN_POINT('',(1.0765789992399,8.9343706358308,-33.1113946772888));
#7930=CARTESIAN_POINT('Ctrl Pts',(1.76897491971583,8.82341933342264,-32.5605810562187));
#7931=CARTESIAN_POINT('Ctrl Pts',(1.76897491971583,8.82341933342264,-32.7252488054175));
#7932=CARTESIAN_POINT('Ctrl Pts',(1.71174061008862,8.83539690677656,-32.8582180128956));
#7933=CARTESIAN_POINT('Ctrl Pts',(1.48168735354804,8.87687574324652,-33.0607593444101));
#7934=CARTESIAN_POINT('Ctrl Pts',(1.30870209239729,8.90640013208545,-33.1113946772888));
#7935=CARTESIAN_POINT('Ctrl Pts',(1.0765789992399,8.9343706358308,-33.1113946772888));
#7936=CARTESIAN_POINT('',(1.07669863242128,8.93536345399235,-33.1113946772888));
#7937=CARTESIAN_POINT('',(1.07669863242128,8.93536345399235,-33.1113946772888));
#7938=CARTESIAN_POINT('',(1.76917149432631,8.82439982229178,-32.5605810562187));
#7939=CARTESIAN_POINT('Ctrl Pts',(1.76917149432631,8.82439982229178,-32.5605810562187));
#7940=CARTESIAN_POINT('Ctrl Pts',(1.76917149432631,8.82439982229178,-32.7252488054175));
#7941=CARTESIAN_POINT('Ctrl Pts',(1.71193082462469,8.83637872663508,-32.8582180128956));
#7942=CARTESIAN_POINT('Ctrl Pts',(1.48185200377068,8.87786217237678,-33.0607593444101));
#7943=CARTESIAN_POINT('Ctrl Pts',(1.30884751989951,8.9073898420679,-33.1113946772888));
#7944=CARTESIAN_POINT('Ctrl Pts',(1.07669863242128,8.93536345399235,-33.1113946772888));
#7945=CARTESIAN_POINT('',(1.76917149432631,8.82439982229178,-32.5605810562187));
#7946=CARTESIAN_POINT('Ctrl Pts',(1.0765789992399,8.9343706358308,-33.1113946772888));
#7947=CARTESIAN_POINT('Ctrl Pts',(1.07661887696702,8.93470157521798,-33.1113946772888));
#7948=CARTESIAN_POINT('Ctrl Pts',(1.07665875469415,8.93503251460517,-33.1113946772888));
#7949=CARTESIAN_POINT('Ctrl Pts',(1.07669863242128,8.93536345399235,-33.1113946772888));
#7950=CARTESIAN_POINT('Ctrl Pts',(0.952344104310584,8.94934076459591,-33.1113946772888));
#7951=CARTESIAN_POINT('Ctrl Pts',(0.952379380027203,8.9496722577906,-33.1113946772888));
#7952=CARTESIAN_POINT('Ctrl Pts',(0.952414656364196,8.95000375309526,-33.1113946772888));
#7953=CARTESIAN_POINT('Ctrl Pts',(0.952449932080815,8.95033524628995,-33.1113946772888));
#7954=CARTESIAN_POINT('Ctrl Pts',(0.847837961697363,8.95935913373469,-33.0949279023689));
#7955=CARTESIAN_POINT('Ctrl Pts',(0.847869366670261,8.95969099896719,-33.0949279023689));
#7956=CARTESIAN_POINT('Ctrl Pts',(0.84790077141073,8.96002286347206,-33.0949279023689));
#7957=CARTESIAN_POINT('Ctrl Pts',(0.847932176383628,8.96035472870456,-33.0949279023689));
#7958=CARTESIAN_POINT('Ctrl Pts',(0.678865145273415,8.97375911098865,-33.0290608026893));
#7959=CARTESIAN_POINT('Ctrl Pts',(0.678890291215919,8.97409150939597,-33.0290608026893));
#7960=CARTESIAN_POINT('Ctrl Pts',(0.678915437173479,8.97442390772644,-33.0290608026893));
#7961=CARTESIAN_POINT('Ctrl Pts',(0.678940583115982,8.97475630613377,-33.0290608026893));
#7962=CARTESIAN_POINT('Ctrl Pts',(0.606994139415719,8.97870104739195,-32.9763671229457));
#7963=CARTESIAN_POINT('Ctrl Pts',(0.607016623089229,8.97903362843697,-32.9763671229457));
#7964=CARTESIAN_POINT('Ctrl Pts',(0.607039107030066,8.97936621065711,-32.9763671229457));
#7965=CARTESIAN_POINT('Ctrl Pts',(0.607061590703575,8.97969879170214,-32.9763671229457));
#7966=CARTESIAN_POINT('Ctrl Pts',(0.547830272249176,8.98230944650692,-32.9039133132982));
#7967=CARTESIAN_POINT('Ctrl Pts',(0.547850564513955,8.98264216160291,-32.9039133132982));
#7968=CARTESIAN_POINT('Ctrl Pts',(0.547870856778735,8.9829748766989,-32.9039133132982));
#7969=CARTESIAN_POINT('Ctrl Pts',(0.547891149043514,8.98330759179489,-32.9039133132982));
#7970=CARTESIAN_POINT('',(0.547830272249176,8.98230944650692,-32.9039133132982));
#7971=CARTESIAN_POINT('Ctrl Pts',(1.0765789992399,8.9343706358308,-33.1113946772888));
#7972=CARTESIAN_POINT('Ctrl Pts',(0.952344104310584,8.94934076459591,-33.1113946772888));
#7973=CARTESIAN_POINT('Ctrl Pts',(0.847837961697363,8.95935913373469,-33.0949279023689));
#7974=CARTESIAN_POINT('Ctrl Pts',(0.678865145273415,8.97375911098865,-33.0290608026893));
#7975=CARTESIAN_POINT('Ctrl Pts',(0.606994139415719,8.97870104739195,-32.9763671229457));
#7976=CARTESIAN_POINT('Ctrl Pts',(0.547830272249176,8.98230944650692,-32.9039133132982));
#7977=CARTESIAN_POINT('',(0.547891149043514,8.98330759179489,-32.9039133132982));
#7978=CARTESIAN_POINT('',(0.547891149043514,8.98330759179489,-32.9039133132982));
#7979=CARTESIAN_POINT('Ctrl Pts',(1.07669863242128,8.93536345399235,-33.1113946772888));
#7980=CARTESIAN_POINT('Ctrl Pts',(0.952449932080815,8.95033524628995,-33.1113946772888));
#7981=CARTESIAN_POINT('Ctrl Pts',(0.847932176383628,8.96035472870456,-33.0949279023689));
#7982=CARTESIAN_POINT('Ctrl Pts',(0.678940583115982,8.97475630613377,-33.0290608026893));
#7983=CARTESIAN_POINT('Ctrl Pts',(0.607061590703575,8.97969879170214,-32.9763671229457));
#7984=CARTESIAN_POINT('Ctrl Pts',(0.547891149043514,8.98330759179489,-32.9039133132982));
#7985=CARTESIAN_POINT('Ctrl Pts',(0.547830272249176,8.98230944650692,-32.9039133132982));
#7986=CARTESIAN_POINT('Ctrl Pts',(0.547850564513955,8.98264216160291,-32.9039133132982));
#7987=CARTESIAN_POINT('Ctrl Pts',(0.547870856778735,8.9829748766989,-32.9039133132982));
#7988=CARTESIAN_POINT('Ctrl Pts',(0.547891149043514,8.98330759179489,-32.9039133132982));
#7989=CARTESIAN_POINT('Ctrl Pts',(0.505100812628894,8.98491551253439,-32.8495729560626));
#7990=CARTESIAN_POINT('Ctrl Pts',(0.505119522118099,8.98524832380511,-32.8495729560626));
#7991=CARTESIAN_POINT('Ctrl Pts',(0.50513823168871,8.98558113614672,-32.8495729560626));
#7992=CARTESIAN_POINT('Ctrl Pts',(0.505156941177914,8.98591394741744,-32.8495729560626));
#7993=CARTESIAN_POINT('Ctrl Pts',(0.476735028513273,8.98636648237359,-32.7886458888591));
#7994=CARTESIAN_POINT('Ctrl Pts',(0.476752687339079,8.98669934788185,-32.7886458888591));
#7995=CARTESIAN_POINT('Ctrl Pts',(0.476770346132463,8.98703221298517,-32.7886458888591));
#7996=CARTESIAN_POINT('Ctrl Pts',(0.476788004958269,8.98736507849343,-32.7886458888591));
#7997=CARTESIAN_POINT('Ctrl Pts',(0.448782431858655,8.98781547855724,-32.653618334516));
#7998=CARTESIAN_POINT('Ctrl Pts',(0.448799055275266,8.98814839759142,-32.653618334516));
#7999=CARTESIAN_POINT('Ctrl Pts',(0.448815678697835,8.98848131666035,-32.653618334516));
#8000=CARTESIAN_POINT('Ctrl Pts',(0.448832302114445,8.98881423569454,-32.653618334516));
#8001=CARTESIAN_POINT('Ctrl Pts',(0.441792656820324,8.98814887773782,-32.5844578798525));
#8002=CARTESIAN_POINT('Ctrl Pts',(0.44180902132072,8.9884818089863,-32.5844578798525));
#8003=CARTESIAN_POINT('Ctrl Pts',(0.441825385847745,8.98881474067511,-32.5844578798525));
#8004=CARTESIAN_POINT('Ctrl Pts',(0.441841750348141,8.98914767192359,-32.5844578798525));
#8005=CARTESIAN_POINT('Ctrl Pts',(0.441792656820324,8.98814887773782,-32.513650747697));
#8006=CARTESIAN_POINT('Ctrl Pts',(0.441809021329597,8.98848180913308,-32.513650747697));
#8007=CARTESIAN_POINT('Ctrl Pts',(0.441825385838869,8.98881474052833,-32.513650747697));
#8008=CARTESIAN_POINT('Ctrl Pts',(0.441841750348141,8.98914767192359,-32.513650747697));
#8009=CARTESIAN_POINT('',(0.441792656820324,8.98814887773782,-32.513650747697));
#8010=CARTESIAN_POINT('Ctrl Pts',(0.547830272249176,8.98230944650692,-32.9039133132982));
#8011=CARTESIAN_POINT('Ctrl Pts',(0.505100812628894,8.98491551253439,-32.8495729560626));
#8012=CARTESIAN_POINT('Ctrl Pts',(0.476735028513273,8.98636648237359,-32.7886458888591));
#8013=CARTESIAN_POINT('Ctrl Pts',(0.448782431858655,8.98781547855724,-32.653618334516));
#8014=CARTESIAN_POINT('Ctrl Pts',(0.441792656820324,8.98814887773782,-32.5844578798525));
#8015=CARTESIAN_POINT('Ctrl Pts',(0.441792656820324,8.98814887773782,-32.513650747697));
#8016=CARTESIAN_POINT('',(0.441841750348141,8.98914767192359,-32.513650747697));
#8017=CARTESIAN_POINT('',(0.441841750348141,8.98914767192359,-32.513650747697));
#8018=CARTESIAN_POINT('Ctrl Pts',(0.547891149043514,8.98330759179489,-32.9039133132982));
#8019=CARTESIAN_POINT('Ctrl Pts',(0.505156941177914,8.98591394741744,-32.8495729560626));
#8020=CARTESIAN_POINT('Ctrl Pts',(0.476788004958269,8.98736507849343,-32.7886458888591));
#8021=CARTESIAN_POINT('Ctrl Pts',(0.448832302114445,8.98881423569454,-32.653618334516));
#8022=CARTESIAN_POINT('Ctrl Pts',(0.441841750348141,8.98914767192359,-32.5844578798525));
#8023=CARTESIAN_POINT('Ctrl Pts',(0.441841750348141,8.98914767192359,-32.513650747697));
#8024=CARTESIAN_POINT('Ctrl Pts',(0.441792656820324,8.98814887773782,-32.513650747697));
#8025=CARTESIAN_POINT('Ctrl Pts',(0.441809021329597,8.98848180913308,-32.513650747697));
#8026=CARTESIAN_POINT('Ctrl Pts',(0.441825385838869,8.98881474052833,-32.513650747697));
#8027=CARTESIAN_POINT('Ctrl Pts',(0.441841750348141,8.98914767192359,-32.513650747697));
#8028=CARTESIAN_POINT('Ctrl Pts',(0.441792656820324,8.98814887773782,-32.4181434531617));
#8029=CARTESIAN_POINT('Ctrl Pts',(0.441809021305658,8.98848180873951,-32.4181434531617));
#8030=CARTESIAN_POINT('Ctrl Pts',(0.441825385862807,8.9888147409219,-32.4181434531617));
#8031=CARTESIAN_POINT('Ctrl Pts',(0.441841750348141,8.98914767192359,-32.4181434531617));
#8032=CARTESIAN_POINT('Ctrl Pts',(0.456183823227928,8.98747067982574,-32.3255178442374));
#8033=CARTESIAN_POINT('Ctrl Pts',(0.456200720806331,8.98780358620984,-32.3255178442374));
#8034=CARTESIAN_POINT('Ctrl Pts',(0.45621761837352,8.98813649226373,-32.3255178442374));
#8035=CARTESIAN_POINT('Ctrl Pts',(0.456234515951923,8.98846939864782,-32.3255178442374));
#8036=CARTESIAN_POINT('Ctrl Pts',(0.513727064099371,8.98436789976328,-32.1460299976107));
#8037=CARTESIAN_POINT('Ctrl Pts',(0.513746093152251,8.9847006911748,-32.1460299976107));
#8038=CARTESIAN_POINT('Ctrl Pts',(0.513765122174405,8.98503348238218,-32.1460299976107));
#8039=CARTESIAN_POINT('Ctrl Pts',(0.513784151227285,8.9853662737937,-32.1460299976107));
#8040=CARTESIAN_POINT('Ctrl Pts',(0.555236348471006,8.9820190277912,-32.0575210824163));
#8041=CARTESIAN_POINT('Ctrl Pts',(0.555256915032266,8.98235173179639,-32.0575210824163));
#8042=CARTESIAN_POINT('Ctrl Pts',(0.555277481692885,8.98268443680166,-32.0575210824163));
#8043=CARTESIAN_POINT('Ctrl Pts',(0.555298048254145,8.98301714080685,-32.0575210824163));
#8044=CARTESIAN_POINT('Ctrl Pts',(0.609445922381223,8.97833930455365,-31.9702471753409));
#8045=CARTESIAN_POINT('Ctrl Pts',(0.609468496960708,8.97867187259101,-31.9702471753409));
#8046=CARTESIAN_POINT('Ctrl Pts',(0.609491071540194,8.97900444062836,-31.9702471753409));
#8047=CARTESIAN_POINT('Ctrl Pts',(0.60951364611968,8.97933700866572,-31.9702471753409));
#8048=CARTESIAN_POINT('',(0.609445922381223,8.97833930455365,-31.9702471753409));
#8049=CARTESIAN_POINT('Ctrl Pts',(0.441792656820324,8.98814887773782,-32.513650747697));
#8050=CARTESIAN_POINT('Ctrl Pts',(0.441792656820324,8.98814887773782,-32.4181434531617));
#8051=CARTESIAN_POINT('Ctrl Pts',(0.456183823227928,8.98747067982574,-32.3255178442374));
#8052=CARTESIAN_POINT('Ctrl Pts',(0.513727064099371,8.98436789976328,-32.1460299976107));
#8053=CARTESIAN_POINT('Ctrl Pts',(0.555236348471006,8.9820190277912,-32.0575210824163));
#8054=CARTESIAN_POINT('Ctrl Pts',(0.609445922381223,8.97833930455365,-31.9702471753409));
#8055=CARTESIAN_POINT('',(0.60951364611968,8.97933700866572,-31.9702471753409));
#8056=CARTESIAN_POINT('',(0.60951364611968,8.97933700866572,-31.9702471753409));
#8057=CARTESIAN_POINT('Ctrl Pts',(0.441841750348141,8.98914767192359,-32.513650747697));
#8058=CARTESIAN_POINT('Ctrl Pts',(0.441841750348141,8.98914767192359,-32.4181434531617));
#8059=CARTESIAN_POINT('Ctrl Pts',(0.456234515951923,8.98846939864782,-32.3255178442374));
#8060=CARTESIAN_POINT('Ctrl Pts',(0.513784151227285,8.9853662737937,-32.1460299976107));
#8061=CARTESIAN_POINT('Ctrl Pts',(0.555298048254145,8.98301714080685,-32.0575210824163));
#8062=CARTESIAN_POINT('Ctrl Pts',(0.60951364611968,8.97933700866572,-31.9702471753409));
#8063=CARTESIAN_POINT('Ctrl Pts',(0.609445922381223,8.97833930455365,-31.9702471753409));
#8064=CARTESIAN_POINT('Ctrl Pts',(0.609468496960708,8.97867187259101,-31.9702471753409));
#8065=CARTESIAN_POINT('Ctrl Pts',(0.609491071540194,8.97900444062836,-31.9702471753409));
#8066=CARTESIAN_POINT('Ctrl Pts',(0.60951364611968,8.97933700866572,-31.9702471753409));
#8067=CARTESIAN_POINT('Ctrl Pts',(0.639014780877707,8.97633218278771,-31.968600497849));
#8068=CARTESIAN_POINT('Ctrl Pts',(0.639038450719733,8.97666467646044,-31.968600497849));
#8069=CARTESIAN_POINT('Ctrl Pts',(0.639062120567949,8.97699717018874,-31.968600497849));
#8070=CARTESIAN_POINT('Ctrl Pts',(0.639085790409975,8.97732966386147,-31.968600497849));
#8071=CARTESIAN_POINT('Ctrl Pts',(0.667752491925816,8.97423588632734,-31.966953820357));
#8072=CARTESIAN_POINT('Ctrl Pts',(0.667777226245909,8.97456830235771,-31.966953820357));
#8073=CARTESIAN_POINT('Ctrl Pts',(0.667801960571822,8.97490071842303,-31.966953820357));
#8074=CARTESIAN_POINT('Ctrl Pts',(0.667826694891915,8.9752331344534,-31.966953820357));
#8075=CARTESIAN_POINT('Ctrl Pts',(0.723565312661703,8.96990506641397,-31.963660465373));
#8076=CARTESIAN_POINT('Ctrl Pts',(0.723592114360538,8.97023732207566,-31.963660465373));
#8077=CARTESIAN_POINT('Ctrl Pts',(0.723618916042616,8.97056957762265,-31.963660465373));
#8078=CARTESIAN_POINT('Ctrl Pts',(0.723645717741451,8.97090183328434,-31.963660465373));
#8079=CARTESIAN_POINT('Ctrl Pts',(0.758850459109973,8.96704965855594,-31.962837126627));
#8080=CARTESIAN_POINT('Ctrl Pts',(0.758878567792906,8.96738180832183,-31.962837126627));
#8081=CARTESIAN_POINT('Ctrl Pts',(0.758906676514283,8.96771395835762,-31.962837126627));
#8082=CARTESIAN_POINT('Ctrl Pts',(0.758934785197217,8.96804610812351,-31.962837126627));
#8083=CARTESIAN_POINT('Ctrl Pts',(0.801489189417538,8.963236919732,-31.962837126627));
#8084=CARTESIAN_POINT('Ctrl Pts',(0.801518877501007,8.96356892835962,-31.962837126627));
#8085=CARTESIAN_POINT('Ctrl Pts',(0.801548565584476,8.96390093698723,-31.962837126627));
#8086=CARTESIAN_POINT('Ctrl Pts',(0.801578253667945,8.96423294561485,-31.962837126627));
#8087=CARTESIAN_POINT('',(0.801489189417538,8.963236919732,-31.962837126627));
#8088=CARTESIAN_POINT('Ctrl Pts',(0.609445922381223,8.97833930455365,-31.9702471753409));
#8089=CARTESIAN_POINT('Ctrl Pts',(0.639014780877707,8.97633218278771,-31.968600497849));
#8090=CARTESIAN_POINT('Ctrl Pts',(0.667752491925816,8.97423588632734,-31.966953820357));
#8091=CARTESIAN_POINT('Ctrl Pts',(0.723565312661703,8.96990506641397,-31.963660465373));
#8092=CARTESIAN_POINT('Ctrl Pts',(0.758850459109973,8.96704965855594,-31.962837126627));
#8093=CARTESIAN_POINT('Ctrl Pts',(0.801489189417538,8.963236919732,-31.962837126627));
#8094=CARTESIAN_POINT('',(0.801578253667945,8.96423294561485,-31.962837126627));
#8095=CARTESIAN_POINT('',(0.801578253667945,8.96423294561485,-31.962837126627));
#8096=CARTESIAN_POINT('Ctrl Pts',(0.60951364611968,8.97933700866572,-31.9702471753409));
#8097=CARTESIAN_POINT('Ctrl Pts',(0.639085790409975,8.97732966386147,-31.968600497849));
#8098=CARTESIAN_POINT('Ctrl Pts',(0.667826694891915,8.9752331344534,-31.966953820357));
#8099=CARTESIAN_POINT('Ctrl Pts',(0.723645717741451,8.97090183328434,-31.963660465373));
#8100=CARTESIAN_POINT('Ctrl Pts',(0.758934785197217,8.96804610812351,-31.962837126627));
#8101=CARTESIAN_POINT('Ctrl Pts',(0.801578253667945,8.96423294561485,-31.962837126627));
#8102=CARTESIAN_POINT('Ctrl Pts',(0.801489189417538,8.963236919732,-31.962837126627));
#8103=CARTESIAN_POINT('Ctrl Pts',(0.801518877501007,8.96356892835962,-31.962837126627));
#8104=CARTESIAN_POINT('Ctrl Pts',(0.801548565584476,8.96390093698723,-31.962837126627));
#8105=CARTESIAN_POINT('Ctrl Pts',(0.801578253667945,8.96423294561485,-31.962837126627));
#8106=CARTESIAN_POINT('Ctrl Pts',(1.01140293862401,8.94446651321416,-31.962837126627));
#8107=CARTESIAN_POINT('Ctrl Pts',(1.01144040250082,8.94479782347441,-31.962837126627));
#8108=CARTESIAN_POINT('Ctrl Pts',(1.01147786533934,8.94512914300427,-31.962837126627));
#8109=CARTESIAN_POINT('Ctrl Pts',(1.01151532921615,8.94546045326452,-31.962837126627));
#8110=CARTESIAN_POINT('Ctrl Pts',(1.18003683252883,8.92218142724429,-31.9834205952769));
#8111=CARTESIAN_POINT('Ctrl Pts',(1.180080542276,8.92251191610699,-31.9834205952769));
#8112=CARTESIAN_POINT('Ctrl Pts',(1.18012425255526,8.92284240203614,-31.9834205952769));
#8113=CARTESIAN_POINT('Ctrl Pts',(1.18016796230242,8.92317289089883,-31.9834205952769));
#8114=CARTESIAN_POINT('Ctrl Pts',(1.43577688692628,8.884655900939,-32.0657544698763));
#8115=CARTESIAN_POINT('Ctrl Pts',(1.43583006986339,8.88498499913162,-32.0657544698763));
#8116=CARTESIAN_POINT('Ctrl Pts',(1.435883252482,8.88531409643467,-32.0657544698763));
#8117=CARTESIAN_POINT('Ctrl Pts',(1.43593643541911,8.8856431946273,-32.0657544698763));
#8118=CARTESIAN_POINT('Ctrl Pts',(1.53271825779763,8.86776932714562,-32.1176248108739));
#8119=CARTESIAN_POINT('Ctrl Pts',(1.5327750313934,8.86809779743078,-32.1176248108739));
#8120=CARTESIAN_POINT('Ctrl Pts',(1.53283180515506,8.86842627405427,-32.1176248108739));
#8121=CARTESIAN_POINT('Ctrl Pts',(1.53288857875083,8.86875474433943,-32.1176248108739));
#8122=CARTESIAN_POINT('Ctrl Pts',(1.5991501135872,8.85577325331978,-32.1801985555694));
#8123=CARTESIAN_POINT('Ctrl Pts',(1.59920934795078,8.85610128136932,-32.1801985555694));
#8124=CARTESIAN_POINT('Ctrl Pts',(1.59926858231436,8.85642930941885,-32.1801985555694));
#8125=CARTESIAN_POINT('Ctrl Pts',(1.59932781667794,8.85675733746839,-32.1801985555694));
#8126=CARTESIAN_POINT('',(1.5991501135872,8.85577325331978,-32.1801985555694));
#8127=CARTESIAN_POINT('Ctrl Pts',(0.801489189417538,8.963236919732,-31.962837126627));
#8128=CARTESIAN_POINT('Ctrl Pts',(1.01140293862401,8.94446651321416,-31.962837126627));
#8129=CARTESIAN_POINT('Ctrl Pts',(1.18003683252883,8.92218142724429,-31.9834205952769));
#8130=CARTESIAN_POINT('Ctrl Pts',(1.43577688692628,8.884655900939,-32.0657544698763));
#8131=CARTESIAN_POINT('Ctrl Pts',(1.53271825779763,8.86776932714562,-32.1176248108739));
#8132=CARTESIAN_POINT('Ctrl Pts',(1.5991501135872,8.85577325331978,-32.1801985555694));
#8133=CARTESIAN_POINT('',(1.59932781667794,8.85675733746839,-32.1801985555694));
#8134=CARTESIAN_POINT('',(1.59932781667794,8.85675733746839,-32.1801985555694));
#8135=CARTESIAN_POINT('Ctrl Pts',(0.801578253667945,8.96423294561485,-31.962837126627));
#8136=CARTESIAN_POINT('Ctrl Pts',(1.01151532921615,8.94546045326452,-31.962837126627));
#8137=CARTESIAN_POINT('Ctrl Pts',(1.18016796230242,8.92317289089883,-31.9834205952769));
#8138=CARTESIAN_POINT('Ctrl Pts',(1.43593643541911,8.8856431946273,-32.0657544698763));
#8139=CARTESIAN_POINT('Ctrl Pts',(1.53288857875083,8.86875474433943,-32.1176248108739));
#8140=CARTESIAN_POINT('Ctrl Pts',(1.59932781667794,8.85675733746839,-32.1801985555694));
#8141=CARTESIAN_POINT('Ctrl Pts',(1.5991501135872,8.85577325331978,-32.1801985555694));
#8142=CARTESIAN_POINT('Ctrl Pts',(1.59920934795078,8.85610128136932,-32.1801985555694));
#8143=CARTESIAN_POINT('Ctrl Pts',(1.59926858231436,8.85642930941885,-32.1801985555694));
#8144=CARTESIAN_POINT('Ctrl Pts',(1.59932781667794,8.85675733746839,-32.1801985555694));
#8145=CARTESIAN_POINT('Ctrl Pts',(1.66234139104556,8.84436235382691,-32.237832267789));
#8146=CARTESIAN_POINT('Ctrl Pts',(1.66240296598593,8.84468995854166,-32.237832267789));
#8147=CARTESIAN_POINT('Ctrl Pts',(1.66246454122922,8.84501756524216,-32.237832267789));
#8148=CARTESIAN_POINT('Ctrl Pts',(1.66252611616958,8.84534516995691,-32.237832267789));
#8149=CARTESIAN_POINT('Ctrl Pts',(1.70637932581357,8.83576251225482,-32.2979359962466));
#8150=CARTESIAN_POINT('Ctrl Pts',(1.70644253210235,8.83608979930882,-32.2979359962466));
#8151=CARTESIAN_POINT('Ctrl Pts',(1.70650573829641,8.83641708568666,-32.2979359962466));
#8152=CARTESIAN_POINT('Ctrl Pts',(1.70656894458519,8.83674437274066,-32.2979359962466));
#8153=CARTESIAN_POINT('Ctrl Pts',(1.75646859426789,8.82595486594365,-32.4230834856377));
#8154=CARTESIAN_POINT('Ctrl Pts',(1.7565336558997,8.82628178951592,-32.4230834856377));
#8155=CARTESIAN_POINT('Ctrl Pts',(1.75659871750043,8.82660871299769,-32.4230834856377));
#8156=CARTESIAN_POINT('Ctrl Pts',(1.75666377913224,8.82693563656996,-32.4230834856377));
#8157=CARTESIAN_POINT('Ctrl Pts',(1.76897491971583,8.82341933342264,-32.4897739240632));
#8158=CARTESIAN_POINT('Ctrl Pts',(1.76904044451574,8.82374616266404,-32.4897739240632));
#8159=CARTESIAN_POINT('Ctrl Pts',(1.76910596952641,8.82407299305038,-32.4897739240632));
#8160=CARTESIAN_POINT('Ctrl Pts',(1.76917149432631,8.82439982229178,-32.4897739240632));
#8161=CARTESIAN_POINT('Ctrl Pts',(1.76897491971583,8.82341933342264,-32.5605810562187));
#8162=CARTESIAN_POINT('Ctrl Pts',(1.76904044458599,8.82374616304568,-32.5605810562187));
#8163=CARTESIAN_POINT('Ctrl Pts',(1.76910596945615,8.82407299266873,-32.5605810562187));
#8164=CARTESIAN_POINT('Ctrl Pts',(1.76917149432631,8.82439982229178,-32.5605810562187));
#8165=CARTESIAN_POINT('Ctrl Pts',(1.5991501135872,8.85577325331978,-32.1801985555694));
#8166=CARTESIAN_POINT('Ctrl Pts',(1.66234139104556,8.84436235382691,-32.237832267789));
#8167=CARTESIAN_POINT('Ctrl Pts',(1.70637932581357,8.83576251225482,-32.2979359962466));
#8168=CARTESIAN_POINT('Ctrl Pts',(1.75646859426789,8.82595486594365,-32.4230834856377));
#8169=CARTESIAN_POINT('Ctrl Pts',(1.76897491971583,8.82341933342264,-32.4897739240632));
#8170=CARTESIAN_POINT('Ctrl Pts',(1.76897491971583,8.82341933342264,-32.5605810562187));
#8171=CARTESIAN_POINT('Ctrl Pts',(1.59932781667794,8.85675733746839,-32.1801985555694));
#8172=CARTESIAN_POINT('Ctrl Pts',(1.66252611616958,8.84534516995691,-32.237832267789));
#8173=CARTESIAN_POINT('Ctrl Pts',(1.70656894458519,8.83674437274066,-32.2979359962466));
#8174=CARTESIAN_POINT('Ctrl Pts',(1.75666377913224,8.82693563656996,-32.4230834856377));
#8175=CARTESIAN_POINT('Ctrl Pts',(1.76917149432631,8.82439982229178,-32.4897739240632));
#8176=CARTESIAN_POINT('Ctrl Pts',(1.76917149432631,8.82439982229178,-32.5605810562187));
#8177=CARTESIAN_POINT('Origin',(0.,0.,-2.5));
#8178=CARTESIAN_POINT('',(0.283859747064793,8.99452192414896,-33.1953752293801));
#8179=CARTESIAN_POINT('',(1.05941299158825,8.93642238892355,-33.5263574052698));
#8180=CARTESIAN_POINT('Ctrl Pts',(0.283859747064793,8.99452192414896,-33.1953752293801));
#8181=CARTESIAN_POINT('Ctrl Pts',(0.367789182285705,8.99187317989618,-33.3073492988353));
#8182=CARTESIAN_POINT('Ctrl Pts',(0.474737831419312,8.98739762090064,-33.3905065121807));
#8183=CARTESIAN_POINT('Ctrl Pts',(0.734290260551824,8.96992528327345,-33.499187226652));
#8184=CARTESIAN_POINT('Ctrl Pts',(0.886098214442201,8.95696885803073,-33.5263574052698));
#8185=CARTESIAN_POINT('Ctrl Pts',(1.05941299158825,8.93642238892355,-33.5263574052698));
#8186=CARTESIAN_POINT('',(0.103613400871491,8.99840348412761,-32.6050413485024));
#8187=CARTESIAN_POINT('Ctrl Pts',(0.103613400871491,8.99840348412761,-32.6050413485024));
#8188=CARTESIAN_POINT('Ctrl Pts',(0.103613400871491,8.99840348412761,-32.7236021279255));
#8189=CARTESIAN_POINT('Ctrl Pts',(0.115550578957949,8.99829530698117,-32.8273428099208));
#8190=CARTESIAN_POINT('Ctrl Pts',(0.163291407566866,8.99752832359787,-33.0051839790555));
#8191=CARTESIAN_POINT('Ctrl Pts',(0.211450038246753,8.99680711526901,-33.0982212573528));
#8192=CARTESIAN_POINT('Ctrl Pts',(0.283859747064793,8.99452192414896,-33.1953752293801));
#8193=CARTESIAN_POINT('',(0.315948538738758,8.99345192464322,-31.9702471753409));
#8194=CARTESIAN_POINT('Ctrl Pts',(0.315948538738758,8.99345192464322,-31.9702471753409));
#8195=CARTESIAN_POINT('Ctrl Pts',(0.248483882156191,8.99582202233678,-32.0674011473682));
#8196=CARTESIAN_POINT('Ctrl Pts',(0.196216231665027,8.99693387631488,-32.1670251356335));
#8197=CARTESIAN_POINT('Ctrl Pts',(0.12213633578738,8.99823763545549,-32.37121314464));
#8198=CARTESIAN_POINT('Ctrl Pts',(0.103613400871491,8.99840348412761,-32.4831872140953));
#8199=CARTESIAN_POINT('Ctrl Pts',(0.103613400871491,8.99840348412761,-32.6050413485024));
#8200=CARTESIAN_POINT('',(-0.700809822502028,8.97167022313486,-32.8619230372525));
#8201=CARTESIAN_POINT('Ctrl Pts',(-0.700809822502028,8.97167022313486,-32.8619230372525));
#8202=CARTESIAN_POINT('Ctrl Pts',(-0.700809822502028,8.97167022313486,-32.6083347034864));
#8203=CARTESIAN_POINT('Ctrl Pts',(-0.615469149733288,8.97938499625895,-32.4037350251068));
#8204=CARTESIAN_POINT('Ctrl Pts',(-0.273533817429622,8.99633560853204,-32.0925129791211));
#8205=CARTESIAN_POINT('Ctrl Pts',(-0.0197292647452333,9.00524460585022,
-31.9998873701967));
#8206=CARTESIAN_POINT('Ctrl Pts',(0.315948538738758,8.99345192464322,-31.9702471753409));
#8207=CARTESIAN_POINT('',(-0.619528230958891,8.97764923412833,-33.2447755541398));
#8208=CARTESIAN_POINT('Ctrl Pts',(-0.619528230958891,8.97764923412833,-33.2447755541398));
#8209=CARTESIAN_POINT('Ctrl Pts',(-0.639239288191964,8.9762890165369,-33.2069019718241));
#8210=CARTESIAN_POINT('Ctrl Pts',(-0.657714026723437,8.97495053405499,-33.1533849533345));
#8211=CARTESIAN_POINT('Ctrl Pts',(-0.692192683461783,8.97235274981189,-33.0150640440074));
#8212=CARTESIAN_POINT('Ctrl Pts',(-0.700809822502028,8.97167022313486,-32.940963556868));
#8213=CARTESIAN_POINT('Ctrl Pts',(-0.700809822502028,8.97167022313486,-32.8619230372525));
#8214=CARTESIAN_POINT('',(-0.619528230958891,8.97764923412833,-33.2620656678057));
#8215=CARTESIAN_POINT('',(-0.619528230958891,8.97764923412833,-33.2620656678057));
#8216=CARTESIAN_POINT('',(-1.01057142147818,8.94207729792645,-33.2620656678057));
#8217=CARTESIAN_POINT('Origin',(0.,0.,-33.2620656678057));
#8218=CARTESIAN_POINT('',(-1.05228030391963,8.93726508289772,-32.9162633944882));
#8219=CARTESIAN_POINT('Ctrl Pts',(-1.05228030391963,8.93726508289772,-32.9162633944882));
#8220=CARTESIAN_POINT('Ctrl Pts',(-1.05228030391963,8.93726508289772,-32.9837771716597));
#8221=CARTESIAN_POINT('Ctrl Pts',(-1.04901009743263,8.93765181701907,-33.0471742551012));
#8222=CARTESIAN_POINT('Ctrl Pts',(-1.03592678809991,8.93917732184065,-33.1657350345244));
#8223=CARTESIAN_POINT('Ctrl Pts',(-1.02529613889629,8.94041321271265,-33.217605375522));
#8224=CARTESIAN_POINT('Ctrl Pts',(-1.01057142147818,8.94207729792645,-33.2620656678057));
#8225=CARTESIAN_POINT('',(-0.562846975332294,8.98138097857781,-31.8837966070116));
#8226=CARTESIAN_POINT('Ctrl Pts',(-0.562846975332294,8.98138097857781,-31.8837966070116));
#8227=CARTESIAN_POINT('Ctrl Pts',(-0.717314437889305,8.97170078081147,-31.9941239989748));
#8228=CARTESIAN_POINT('Ctrl Pts',(-0.837425070195317,8.96035573776013,-32.1365616020317));
#8229=CARTESIAN_POINT('Ctrl Pts',(-1.00937958619907,8.9425742970464,-32.4856572303332));
#8230=CARTESIAN_POINT('Ctrl Pts',(-1.05228030391963,8.93726508289772,-32.6873752231018));
#8231=CARTESIAN_POINT('Ctrl Pts',(-1.05228030391963,8.93726508289772,-32.9162633944882));
#8232=CARTESIAN_POINT('',(0.710432141846537,8.97091339674123,-31.550344414884));
#8233=CARTESIAN_POINT('Ctrl Pts',(0.710432141846537,8.97091339674123,-31.550344414884));
#8234=CARTESIAN_POINT('Ctrl Pts',(0.446173876418623,8.99184076023321,-31.5503444148839));
#8235=CARTESIAN_POINT('Ctrl Pts',(0.206917482289143,8.99913562623108,-31.5775145935017));
#8236=CARTESIAN_POINT('Ctrl Pts',(-0.2195110595667,8.99882938672559,-31.686195307973));
#8237=CARTESIAN_POINT('Ctrl Pts',(-0.405092971018745,8.99126713799875,-31.7701758600644));
#8238=CARTESIAN_POINT('Ctrl Pts',(-0.562846975332294,8.98138097857781,-31.8837966070116));
#8239=CARTESIAN_POINT('',(1.82463505759502,8.81207738882241,-31.8862666232495));
#8240=CARTESIAN_POINT('Ctrl Pts',(1.82463505759502,8.81207738882241,-31.8862666232495));
#8241=CARTESIAN_POINT('Ctrl Pts',(1.71661133358538,8.83444485851009,-31.7808792637623));
#8242=CARTESIAN_POINT('Ctrl Pts',(1.57149021268236,8.86263433093515,-31.6985453891629));
#8243=CARTESIAN_POINT('Ctrl Pts',(1.20549498746229,8.91976844294314,-31.5799846097398));
#8244=CARTESIAN_POINT('Ctrl Pts',(0.979614474332117,8.94959608237674,-31.550344414884));
#8245=CARTESIAN_POINT('Ctrl Pts',(0.710432141846537,8.97091339674123,-31.550344414884));
#8246=CARTESIAN_POINT('',(2.09459595240264,8.75183802387695,-32.5581110399807));
#8247=CARTESIAN_POINT('Ctrl Pts',(2.09459595240264,8.75183802387695,-32.5581110399807));
#8248=CARTESIAN_POINT('Ctrl Pts',(2.09459595240264,8.75183802387695,-32.4214368081457));
#8249=CARTESIAN_POINT('Ctrl Pts',(2.07219472295633,8.75727832128751,-32.2967009881276));
#8250=CARTESIAN_POINT('Ctrl Pts',(1.9823635530515,8.77804932418715,-32.0711061717252));
#8251=CARTESIAN_POINT('Ctrl Pts',(1.91492354333441,8.79338219027749,-31.9718938528329));
#8252=CARTESIAN_POINT('Ctrl Pts',(1.82463505759502,8.81207738882241,-31.8862666232495));
#8253=CARTESIAN_POINT('',(1.81496019374598,8.81407513554982,-33.2398355216638));
#8254=CARTESIAN_POINT('Ctrl Pts',(1.81496019374598,8.81407513554982,-33.2398355216638));
#8255=CARTESIAN_POINT('Ctrl Pts',(1.9068818082892,8.79514699291714,-33.1492682596045));
#8256=CARTESIAN_POINT('Ctrl Pts',(1.97634373199,8.77942190316619,-33.0471742551012));
#8257=CARTESIAN_POINT('Ctrl Pts',(2.07099528727811,8.75757253449649,-32.8199327612068));
#8258=CARTESIAN_POINT('Ctrl Pts',(2.09459595240264,8.75183802387695,-32.6947852718157));
#8259=CARTESIAN_POINT('Ctrl Pts',(2.09459595240264,8.75183802387695,-32.5581110399807));
#8260=CARTESIAN_POINT('Ctrl Pts',(1.05941299158825,8.93642238892355,-33.5263574052698));
#8261=CARTESIAN_POINT('Ctrl Pts',(1.21474227299272,8.91800810057277,-33.5263574052698));
#8262=CARTESIAN_POINT('Ctrl Pts',(1.35772891398866,8.89697725878072,-33.500422234771));
#8263=CARTESIAN_POINT('Ctrl Pts',(1.61915964635638,8.85311149778063,-33.3966815527757));
#8264=CARTESIAN_POINT('Ctrl Pts',(1.72787655891556,8.83200706014919,-33.3271094287392));
#8265=CARTESIAN_POINT('Ctrl Pts',(1.81496019374598,8.81407513554982,-33.2398355216638));
#8266=CARTESIAN_POINT('Ctrl Pts',(0.283859747064793,8.99452192414896,-33.1953752293801));
#8267=CARTESIAN_POINT('Ctrl Pts',(0.283870261557036,8.9948550916092,-33.1953752293801));
#8268=CARTESIAN_POINT('Ctrl Pts',(0.283880776049278,8.99518825906944,-33.1953752293801));
#8269=CARTESIAN_POINT('Ctrl Pts',(0.28389129054152,8.99552142652969,-33.1953752293801));
#8270=CARTESIAN_POINT('Ctrl Pts',(0.367789182285705,8.99187317989618,-33.3073492988353));
#8271=CARTESIAN_POINT('Ctrl Pts',(0.367802805375298,8.99220624822589,-33.3073492988353));
#8272=CARTESIAN_POINT('Ctrl Pts',(0.367816429201923,8.99253931960957,-33.3073492988353));
#8273=CARTESIAN_POINT('Ctrl Pts',(0.367830052291516,8.99287238793928,-33.3073492988353));
#8274=CARTESIAN_POINT('Ctrl Pts',(0.474737831419312,8.98739762090064,-33.3905065121807));
#8275=CARTESIAN_POINT('Ctrl Pts',(0.474755416279294,8.98773052473492,-33.3905065121807));
#8276=CARTESIAN_POINT('Ctrl Pts',(0.474773001068876,8.98806342776987,-33.3905065121807));
#8277=CARTESIAN_POINT('Ctrl Pts',(0.474790585928859,8.98839633160415,-33.3905065121807));
#8278=CARTESIAN_POINT('Ctrl Pts',(0.734290260551824,8.96992528327345,-33.499187226652));
#8279=CARTESIAN_POINT('Ctrl Pts',(0.734317459645445,8.97025753985926,-33.499187226652));
#8280=CARTESIAN_POINT('Ctrl Pts',(0.73434465833125,8.97058979580457,-33.499187226652));
#8281=CARTESIAN_POINT('Ctrl Pts',(0.734371857424872,8.97092205239038,-33.499187226652));
#8282=CARTESIAN_POINT('Ctrl Pts',(0.886098214442201,8.95696885803073,-33.5263574052698));
#8283=CARTESIAN_POINT('Ctrl Pts',(0.886131036136093,8.95730063353988,-33.5263574052698));
#8284=CARTESIAN_POINT('Ctrl Pts',(0.88616385904617,8.95763241187573,-33.5263574052698));
#8285=CARTESIAN_POINT('Ctrl Pts',(0.886196680740061,8.95796418738488,-33.5263574052698));
#8286=CARTESIAN_POINT('Ctrl Pts',(1.05941299158825,8.93642238892355,-33.5263574052698));
#8287=CARTESIAN_POINT('Ctrl Pts',(1.05945223346666,8.93675340431003,-33.5263574052698));
#8288=CARTESIAN_POINT('Ctrl Pts',(1.05949147534508,8.93708441969652,-33.5263574052698));
#8289=CARTESIAN_POINT('Ctrl Pts',(1.05953071722349,8.937415435083,-33.5263574052698));
#8290=CARTESIAN_POINT('',(1.05953071722349,8.937415435083,-33.5263574052698));
#8291=CARTESIAN_POINT('',(1.05953071722349,8.937415435083,-33.5263574052698));
#8292=CARTESIAN_POINT('',(0.28389129054152,8.99552142652969,-33.1953752293801));
#8293=CARTESIAN_POINT('Ctrl Pts',(0.28389129054152,8.99552142652969,-33.1953752293801));
#8294=CARTESIAN_POINT('Ctrl Pts',(0.367830052291516,8.99287238793928,-33.3073492988353));
#8295=CARTESIAN_POINT('Ctrl Pts',(0.474790585928859,8.98839633160415,-33.3905065121807));
#8296=CARTESIAN_POINT('Ctrl Pts',(0.734371857424872,8.97092205239038,-33.499187226652));
#8297=CARTESIAN_POINT('Ctrl Pts',(0.886196680740061,8.95796418738488,-33.5263574052698));
#8298=CARTESIAN_POINT('Ctrl Pts',(1.05953071722349,8.937415435083,-33.5263574052698));
#8299=CARTESIAN_POINT('',(0.28389129054152,8.99552142652969,-33.1953752293801));
#8300=CARTESIAN_POINT('Ctrl Pts',(0.103613400871491,8.99840348412761,-32.6050413485024));
#8301=CARTESIAN_POINT('Ctrl Pts',(0.103617238831297,8.9987367953653,-32.6050413485024));
#8302=CARTESIAN_POINT('Ctrl Pts',(0.103621076791102,8.999070106603,-32.6050413485024));
#8303=CARTESIAN_POINT('Ctrl Pts',(0.103624914750908,8.9994034178407,-32.6050413485024));
#8304=CARTESIAN_POINT('Ctrl Pts',(0.103613400871491,8.99840348412761,-32.7236021279255));
#8305=CARTESIAN_POINT('Ctrl Pts',(0.103617238818351,8.99873679494214,-32.7236021279255));
#8306=CARTESIAN_POINT('Ctrl Pts',(0.103621076804048,8.99907010702617,-32.7236021279255));
#8307=CARTESIAN_POINT('Ctrl Pts',(0.103624914750908,8.9994034178407,-32.7236021279255));
#8308=CARTESIAN_POINT('Ctrl Pts',(0.115550578957949,8.99829530698117,-32.8273428099208));
#8309=CARTESIAN_POINT('Ctrl Pts',(0.115554859077405,8.99862861418123,-32.8273428099208));
#8310=CARTESIAN_POINT('Ctrl Pts',(0.115559139218419,8.99896192147317,-32.8273428099208));
#8311=CARTESIAN_POINT('Ctrl Pts',(0.115563419337875,8.99929522867324,-32.8273428099208));
#8312=CARTESIAN_POINT('Ctrl Pts',(0.163291407566866,8.99752832359787,-33.0051839790555));
#8313=CARTESIAN_POINT('Ctrl Pts',(0.163297456093412,8.99786160280204,-33.0051839790555));
#8314=CARTESIAN_POINT('Ctrl Pts',(0.163303504546217,8.99819488085596,-33.0051839790555));
#8315=CARTESIAN_POINT('Ctrl Pts',(0.163309553072763,8.99852816006011,-33.0051839790555));
#8316=CARTESIAN_POINT('Ctrl Pts',(0.211450038246753,8.99680711526901,-33.0982212573528));
#8317=CARTESIAN_POINT('Ctrl Pts',(0.211457870541833,8.99714036635837,-33.0982212573528));
#8318=CARTESIAN_POINT('Ctrl Pts',(0.211465703011151,8.99747362049871,-33.0982212573528));
#8319=CARTESIAN_POINT('Ctrl Pts',(0.211473535306231,8.99780687158807,-33.0982212573528));
#8320=CARTESIAN_POINT('Ctrl Pts',(0.283859747064793,8.99452192414896,-33.1953752293801));
#8321=CARTESIAN_POINT('Ctrl Pts',(0.283870261557036,8.9948550916092,-33.1953752293801));
#8322=CARTESIAN_POINT('Ctrl Pts',(0.283880776049278,8.99518825906944,-33.1953752293801));
#8323=CARTESIAN_POINT('Ctrl Pts',(0.28389129054152,8.99552142652969,-33.1953752293801));
#8324=CARTESIAN_POINT('',(0.103624914750908,8.9994034178407,-32.6050413485024));
#8325=CARTESIAN_POINT('Ctrl Pts',(0.103624914750908,8.9994034178407,-32.6050413485024));
#8326=CARTESIAN_POINT('Ctrl Pts',(0.103624914750908,8.9994034178407,-32.7236021279255));
#8327=CARTESIAN_POINT('Ctrl Pts',(0.115563419337875,8.99929522867324,-32.8273428099208));
#8328=CARTESIAN_POINT('Ctrl Pts',(0.163309553072763,8.99852816006011,-33.0051839790555));
#8329=CARTESIAN_POINT('Ctrl Pts',(0.211473535306231,8.99780687158807,-33.0982212573528));
#8330=CARTESIAN_POINT('Ctrl Pts',(0.28389129054152,8.99552142652969,-33.1953752293801));
#8331=CARTESIAN_POINT('',(0.103624914750908,8.9994034178407,-32.6050413485024));
#8332=CARTESIAN_POINT('Ctrl Pts',(0.315948538738758,8.99345192464322,-31.9702471753409));
#8333=CARTESIAN_POINT('Ctrl Pts',(0.315960241836833,8.99378505246944,-31.9702471753409));
#8334=CARTESIAN_POINT('Ctrl Pts',(0.315971944934908,8.99411818029567,-31.9702471753409));
#8335=CARTESIAN_POINT('Ctrl Pts',(0.315983648032984,8.9944513081219,-31.9702471753409));
#8336=CARTESIAN_POINT('Ctrl Pts',(0.248483882156191,8.99582202233678,-32.0674011473682));
#8337=CARTESIAN_POINT('Ctrl Pts',(0.24849308624861,8.996155237463,-32.0674011473682));
#8338=CARTESIAN_POINT('Ctrl Pts',(0.248502290452054,8.9964884540627,-32.0674011473682));
#8339=CARTESIAN_POINT('Ctrl Pts',(0.248511494544473,8.99682166918891,-32.0674011473682));
#8340=CARTESIAN_POINT('Ctrl Pts',(0.196216231665027,8.99693387631488,-32.1670251356335));
#8341=CARTESIAN_POINT('Ctrl Pts',(0.196223499754246,8.99726713320331,-32.1670251356335));
#8342=CARTESIAN_POINT('Ctrl Pts',(0.19623076780202,8.99760038983163,-32.1670251356335));
#8343=CARTESIAN_POINT('Ctrl Pts',(0.196238035891238,8.99793364672006,-32.1670251356335));
#8344=CARTESIAN_POINT('Ctrl Pts',(0.12213633578738,8.99823763545549,-32.37121314464));
#8345=CARTESIAN_POINT('Ctrl Pts',(0.122140859857334,8.99857094074038,-32.37121314464));
#8346=CARTESIAN_POINT('Ctrl Pts',(0.122145383929425,8.99890424545401,-32.37121314464));
#8347=CARTESIAN_POINT('Ctrl Pts',(0.122149907999379,8.99923755073891,-32.37121314464));
#8348=CARTESIAN_POINT('Ctrl Pts',(0.103613400871491,8.99840348412761,-32.4831872140953));
#8349=CARTESIAN_POINT('Ctrl Pts',(0.103617238814833,8.99873679472562,-32.4831872140953));
#8350=CARTESIAN_POINT('Ctrl Pts',(0.103621076807566,8.99907010724269,-32.4831872140953));
#8351=CARTESIAN_POINT('Ctrl Pts',(0.103624914750908,8.9994034178407,-32.4831872140953));
#8352=CARTESIAN_POINT('Ctrl Pts',(0.103613400871491,8.99840348412761,-32.6050413485024));
#8353=CARTESIAN_POINT('Ctrl Pts',(0.103617238831297,8.9987367953653,-32.6050413485024));
#8354=CARTESIAN_POINT('Ctrl Pts',(0.103621076791102,8.999070106603,-32.6050413485024));
#8355=CARTESIAN_POINT('Ctrl Pts',(0.103624914750908,8.9994034178407,-32.6050413485024));
#8356=CARTESIAN_POINT('',(0.315983648032984,8.9944513081219,-31.9702471753409));
#8357=CARTESIAN_POINT('Ctrl Pts',(0.315983648032984,8.9944513081219,-31.9702471753409));
#8358=CARTESIAN_POINT('Ctrl Pts',(0.248511494544473,8.99682166918891,-32.0674011473682));
#8359=CARTESIAN_POINT('Ctrl Pts',(0.196238035891238,8.99793364672006,-32.1670251356335));
#8360=CARTESIAN_POINT('Ctrl Pts',(0.122149907999379,8.99923755073891,-32.37121314464));
#8361=CARTESIAN_POINT('Ctrl Pts',(0.103624914750908,8.9994034178407,-32.4831872140953));
#8362=CARTESIAN_POINT('Ctrl Pts',(0.103624914750908,8.9994034178407,-32.6050413485024));
#8363=CARTESIAN_POINT('',(0.315983648032984,8.9944513081219,-31.9702471753409));
#8364=CARTESIAN_POINT('Ctrl Pts',(-0.700809822502028,8.97167022313486,-32.8619230372525));
#8365=CARTESIAN_POINT('Ctrl Pts',(-0.700835781305691,8.97200254414175,-32.8619230372525));
#8366=CARTESIAN_POINT('Ctrl Pts',(-0.700861740109355,8.97233486514865,-32.8619230372525));
#8367=CARTESIAN_POINT('Ctrl Pts',(-0.700887698913018,8.97266718615554,-32.8619230372525));
#8368=CARTESIAN_POINT('Ctrl Pts',(-0.700809822502028,8.97167022313486,-32.6083347034864));
#8369=CARTESIAN_POINT('Ctrl Pts',(-0.700835781240317,8.97200252990108,-32.6083347034864));
#8370=CARTESIAN_POINT('Ctrl Pts',(-0.700861740174729,8.97233487938932,-32.6083347034864));
#8371=CARTESIAN_POINT('Ctrl Pts',(-0.700887698913018,8.97266718615554,-32.6083347034864));
#8372=CARTESIAN_POINT('Ctrl Pts',(-0.615469149733288,8.97938499625895,-32.4037350251068));
#8373=CARTESIAN_POINT('Ctrl Pts',(-0.615491948137792,8.97971760669621,-32.4037350251068));
#8374=CARTESIAN_POINT('Ctrl Pts',(-0.615514744389093,8.98005020613464,-32.4037350251068));
#8375=CARTESIAN_POINT('Ctrl Pts',(-0.615537542793598,8.9803828165719,-32.4037350251068));
#8376=CARTESIAN_POINT('Ctrl Pts',(-0.273533817429622,8.99633560853204,-32.0925129791211));
#8377=CARTESIAN_POINT('Ctrl Pts',(-0.273543948004506,8.99666884629157,-32.0925129791211));
#8378=CARTESIAN_POINT('Ctrl Pts',(-0.273554082878455,8.99700207469611,-32.0925129791211));
#8379=CARTESIAN_POINT('Ctrl Pts',(-0.273564213453339,8.99733531245564,-32.0925129791211));
#8380=CARTESIAN_POINT('Ctrl Pts',(-0.0197292647452333,9.00524460585022,
-31.9998873701967));
#8381=CARTESIAN_POINT('Ctrl Pts',(-0.01972999852602,9.00557815703489,-31.9998873701967));
#8382=CARTESIAN_POINT('Ctrl Pts',(-0.0197307233485722,9.00591174858774,
-31.9998873701967));
#8383=CARTESIAN_POINT('Ctrl Pts',(-0.0197314571293589,9.00624529977242,
-31.9998873701967));
#8384=CARTESIAN_POINT('Ctrl Pts',(0.315948538738758,8.99345192464322,-31.9702471753409));
#8385=CARTESIAN_POINT('Ctrl Pts',(0.315960241836833,8.99378505246944,-31.9702471753409));
#8386=CARTESIAN_POINT('Ctrl Pts',(0.315971944934908,8.99411818029567,-31.9702471753409));
#8387=CARTESIAN_POINT('Ctrl Pts',(0.315983648032984,8.9944513081219,-31.9702471753409));
#8388=CARTESIAN_POINT('',(-0.700887698913018,8.97266718615554,-32.8619230372525));
#8389=CARTESIAN_POINT('Ctrl Pts',(-0.700887698913018,8.97266718615554,-32.8619230372525));
#8390=CARTESIAN_POINT('Ctrl Pts',(-0.700887698913018,8.97266718615554,-32.6083347034864));
#8391=CARTESIAN_POINT('Ctrl Pts',(-0.615537542793598,8.9803828165719,-32.4037350251068));
#8392=CARTESIAN_POINT('Ctrl Pts',(-0.273564213453339,8.99733531245564,-32.0925129791211));
#8393=CARTESIAN_POINT('Ctrl Pts',(-0.0197314571293589,9.00624529977242,
-31.9998873701967));
#8394=CARTESIAN_POINT('Ctrl Pts',(0.315983648032984,8.9944513081219,-31.9702471753409));
#8395=CARTESIAN_POINT('',(-0.700887698913018,8.97266718615554,-32.8619230372525));
#8396=CARTESIAN_POINT('Ctrl Pts',(-0.619528230958891,8.97764923412833,-33.2447755541398));
#8397=CARTESIAN_POINT('Ctrl Pts',(-0.619551178998708,8.97798177660468,-33.2447755541398));
#8398=CARTESIAN_POINT('Ctrl Pts',(-0.619574127038526,8.97831431908103,-33.2447755541398));
#8399=CARTESIAN_POINT('Ctrl Pts',(-0.619597075078344,8.97864686155739,-33.2447755541398));
#8400=CARTESIAN_POINT('Ctrl Pts',(-0.639239288191964,8.9762890165369,-33.2069019718241));
#8401=CARTESIAN_POINT('Ctrl Pts',(-0.639262966350384,8.9766215086029,-33.2069019718241));
#8402=CARTESIAN_POINT('Ctrl Pts',(-0.639286644513841,8.97695400074787,-33.2069019718241));
#8403=CARTESIAN_POINT('Ctrl Pts',(-0.639310322672261,8.97728649281388,-33.2069019718241));
#8404=CARTESIAN_POINT('Ctrl Pts',(-0.657714026723437,8.97495053405499,-33.1533849533345));
#8405=CARTESIAN_POINT('Ctrl Pts',(-0.657738389207862,8.9752829765529,-33.1533849533345));
#8406=CARTESIAN_POINT('Ctrl Pts',(-0.657762751696143,8.97561541909725,-33.1533849533345));
#8407=CARTESIAN_POINT('Ctrl Pts',(-0.657787114180568,8.97594786159516,-33.1533849533345));
#8408=CARTESIAN_POINT('Ctrl Pts',(-0.692192683461783,8.97235274981189,-33.0150640440074));
#8409=CARTESIAN_POINT('Ctrl Pts',(-0.692218323080627,8.9726850961525,-33.0150640440074));
#8410=CARTESIAN_POINT('Ctrl Pts',(-0.692243962687641,8.97301744233669,-33.0150640440074));
#8411=CARTESIAN_POINT('Ctrl Pts',(-0.692269602306484,8.9733497886773,-33.0150640440074));
#8412=CARTESIAN_POINT('Ctrl Pts',(-0.700809822502028,8.97167022313486,-32.940963556868));
#8413=CARTESIAN_POINT('Ctrl Pts',(-0.700835781296518,8.97200254401838,-32.940963556868));
#8414=CARTESIAN_POINT('Ctrl Pts',(-0.700861740118528,8.97233486527202,-32.940963556868));
#8415=CARTESIAN_POINT('Ctrl Pts',(-0.700887698913018,8.97266718615554,-32.940963556868));
#8416=CARTESIAN_POINT('Ctrl Pts',(-0.700809822502028,8.97167022313486,-32.8619230372525));
#8417=CARTESIAN_POINT('Ctrl Pts',(-0.700835781305691,8.97200254414175,-32.8619230372525));
#8418=CARTESIAN_POINT('Ctrl Pts',(-0.700861740109355,8.97233486514865,-32.8619230372525));
#8419=CARTESIAN_POINT('Ctrl Pts',(-0.700887698913018,8.97266718615554,-32.8619230372525));
#8420=CARTESIAN_POINT('',(-0.619597075078344,8.97864686155739,-33.2447755541398));
#8421=CARTESIAN_POINT('Ctrl Pts',(-0.619597075078344,8.97864686155739,-33.2447755541398));
#8422=CARTESIAN_POINT('Ctrl Pts',(-0.639310322672261,8.97728649281388,-33.2069019718241));
#8423=CARTESIAN_POINT('Ctrl Pts',(-0.657787114180568,8.97594786159516,-33.1533849533345));
#8424=CARTESIAN_POINT('Ctrl Pts',(-0.692269602306484,8.9733497886773,-33.0150640440074));
#8425=CARTESIAN_POINT('Ctrl Pts',(-0.700887698913018,8.97266718615554,-32.940963556868));
#8426=CARTESIAN_POINT('Ctrl Pts',(-0.700887698913018,8.97266718615554,-32.8619230372525));
#8427=CARTESIAN_POINT('',(-0.619597075078344,8.97864686155739,-33.2447755541398));
#8428=CARTESIAN_POINT('Origin',(-0.619597075078344,8.97864686155739,-33.2534206109727));
#8429=CARTESIAN_POINT('',(-0.619597075078344,8.97864686155739,-33.2620656678057));
#8430=CARTESIAN_POINT('',(-0.619597075078344,8.97864686155739,-2.5));
#8431=CARTESIAN_POINT('',(-0.619597075078344,8.97864686155739,-33.2620656678057));
#8432=CARTESIAN_POINT('Origin',(-0.815334457999688,8.96299223036583,-33.2620656678057));
#8433=CARTESIAN_POINT('',(-1.01068371966925,8.94307097247894,-33.2620656678057));
#8434=CARTESIAN_POINT('Origin',(0.,0.,-33.2620656678057));
#8435=CARTESIAN_POINT('',(-1.01068371966925,8.94307097247894,-33.2620656678057));
#8436=CARTESIAN_POINT('Ctrl Pts',(-1.05228030391963,8.93726508289772,-32.9162633944882));
#8437=CARTESIAN_POINT('Ctrl Pts',(-1.05231928159507,8.93759612949856,-32.9162633944882));
#8438=CARTESIAN_POINT('Ctrl Pts',(-1.05235825927051,8.9379271760994,-32.9162633944882));
#8439=CARTESIAN_POINT('Ctrl Pts',(-1.05239723694596,8.93825822270024,-32.9162633944882));
#8440=CARTESIAN_POINT('Ctrl Pts',(-1.05228030391963,8.93726508289772,-32.9837771716597));
#8441=CARTESIAN_POINT('Ctrl Pts',(-1.05231928159243,8.93759612947542,-32.9837771716597));
#8442=CARTESIAN_POINT('Ctrl Pts',(-1.05235825927316,8.93792717612255,-32.9837771716597));
#8443=CARTESIAN_POINT('Ctrl Pts',(-1.05239723694596,8.93825822270024,-32.9837771716597));
#8444=CARTESIAN_POINT('Ctrl Pts',(-1.04901009743263,8.93765181701907,-33.0471742551012));
#8445=CARTESIAN_POINT('Ctrl Pts',(-1.04904895397636,8.93798287794883,-33.0471742551012));
#8446=CARTESIAN_POINT('Ctrl Pts',(-1.04908781051858,8.93831393886705,-33.0471742551012));
#8447=CARTESIAN_POINT('Ctrl Pts',(-1.04912666706231,8.93864499979681,-33.0471742551012));
#8448=CARTESIAN_POINT('Ctrl Pts',(-1.03592678809991,8.93917732184065,-33.1657350345244));
#8449=CARTESIAN_POINT('Ctrl Pts',(-1.03596516002323,8.9395084392825,-33.1657350345244));
#8450=CARTESIAN_POINT('Ctrl Pts',(-1.03600353194369,8.93983955669593,-33.1657350345244));
#8451=CARTESIAN_POINT('Ctrl Pts',(-1.03604190386701,8.94017067413778,-33.1657350345244));
#8452=CARTESIAN_POINT('Ctrl Pts',(-1.02529613889629,8.94041321271265,-33.217605375522));
#8453=CARTESIAN_POINT('Ctrl Pts',(-1.02533411704385,8.94074437589262,-33.217605375522));
#8454=CARTESIAN_POINT('Ctrl Pts',(-1.02537209520133,8.94107553916628,-33.217605375522));
#8455=CARTESIAN_POINT('Ctrl Pts',(-1.02541007334888,8.94140670234625,-33.217605375522));
#8456=CARTESIAN_POINT('Ctrl Pts',(-1.01057142147818,8.94207729792645,-33.2620656678057));
#8457=CARTESIAN_POINT('Ctrl Pts',(-1.01060885420853,8.94240852277728,-33.2620656678057));
#8458=CARTESIAN_POINT('Ctrl Pts',(-1.01064628693889,8.94273974762811,-33.2620656678057));
#8459=CARTESIAN_POINT('Ctrl Pts',(-1.01068371966925,8.94307097247894,-33.2620656678057));
#8460=CARTESIAN_POINT('',(-1.05239723694596,8.93825822270024,-32.9162633944882));
#8461=CARTESIAN_POINT('Ctrl Pts',(-1.05239723694596,8.93825822270024,-32.9162633944882));
#8462=CARTESIAN_POINT('Ctrl Pts',(-1.05239723694596,8.93825822270024,-32.9837771716597));
#8463=CARTESIAN_POINT('Ctrl Pts',(-1.04912666706231,8.93864499979681,-33.0471742551012));
#8464=CARTESIAN_POINT('Ctrl Pts',(-1.03604190386701,8.94017067413778,-33.1657350345244));
#8465=CARTESIAN_POINT('Ctrl Pts',(-1.02541007334888,8.94140670234625,-33.217605375522));
#8466=CARTESIAN_POINT('Ctrl Pts',(-1.01068371966925,8.94307097247894,-33.2620656678057));
#8467=CARTESIAN_POINT('',(-1.05239723694596,8.93825822270024,-32.9162633944882));
#8468=CARTESIAN_POINT('Ctrl Pts',(-0.562846975332294,8.98138097857781,-31.8837966070116));
#8469=CARTESIAN_POINT('Ctrl Pts',(-0.562867823833065,8.98171365928228,-31.8837966070116));
#8470=CARTESIAN_POINT('Ctrl Pts',(-0.562888672333837,8.98204633998675,-31.8837966070116));
#8471=CARTESIAN_POINT('Ctrl Pts',(-0.562909520834609,8.98237902069122,-31.8837966070116));
#8472=CARTESIAN_POINT('Ctrl Pts',(-0.717314437889305,8.97170078081147,-31.9941239989748));
#8473=CARTESIAN_POINT('Ctrl Pts',(-0.717341008120284,8.97203310041778,-31.9941239989748));
#8474=CARTESIAN_POINT('Ctrl Pts',(-0.717367578119254,8.97236542762152,-31.9941239989748));
#8475=CARTESIAN_POINT('Ctrl Pts',(-0.717394148350233,8.97269774722783,-31.9941239989748));
#8476=CARTESIAN_POINT('Ctrl Pts',(-0.837425070195317,8.96035573776013,-32.1365616020317));
#8477=CARTESIAN_POINT('Ctrl Pts',(-0.837456089281595,8.96068764008068,-32.1365616020317));
#8478=CARTESIAN_POINT('Ctrl Pts',(-0.837487108678789,8.96101954115553,-32.1365616020317));
#8479=CARTESIAN_POINT('Ctrl Pts',(-0.837518127765067,8.96135144347608,-32.1365616020317));
#8480=CARTESIAN_POINT('Ctrl Pts',(-1.00937958619907,8.9425742970464,-32.4856572303332));
#8481=CARTESIAN_POINT('Ctrl Pts',(-1.00941697493887,8.94290554135425,-32.4856572303332));
#8482=CARTESIAN_POINT('Ctrl Pts',(-1.00945436320948,8.9432367825193,-32.4856572303332));
#8483=CARTESIAN_POINT('Ctrl Pts',(-1.00949175194929,8.94356802682715,-32.4856572303332));
#8484=CARTESIAN_POINT('Ctrl Pts',(-1.05228030391963,8.93726508289772,-32.6873752231018));
#8485=CARTESIAN_POINT('Ctrl Pts',(-1.05231928130236,8.93759612605821,-32.6873752231018));
#8486=CARTESIAN_POINT('Ctrl Pts',(-1.05235825956323,8.93792717953975,-32.6873752231018));
#8487=CARTESIAN_POINT('Ctrl Pts',(-1.05239723694596,8.93825822270024,-32.6873752231018));
#8488=CARTESIAN_POINT('Ctrl Pts',(-1.05228030391963,8.93726508289772,-32.9162633944882));
#8489=CARTESIAN_POINT('Ctrl Pts',(-1.05231928159507,8.93759612949856,-32.9162633944882));
#8490=CARTESIAN_POINT('Ctrl Pts',(-1.05235825927051,8.9379271760994,-32.9162633944882));
#8491=CARTESIAN_POINT('Ctrl Pts',(-1.05239723694596,8.93825822270024,-32.9162633944882));
#8492=CARTESIAN_POINT('',(-0.562909520834609,8.98237902069122,-31.8837966070116));
#8493=CARTESIAN_POINT('Ctrl Pts',(-0.562909520834609,8.98237902069122,-31.8837966070116));
#8494=CARTESIAN_POINT('Ctrl Pts',(-0.717394148350233,8.97269774722783,-31.9941239989748));
#8495=CARTESIAN_POINT('Ctrl Pts',(-0.837518127765067,8.96135144347608,-32.1365616020317));
#8496=CARTESIAN_POINT('Ctrl Pts',(-1.00949175194929,8.94356802682715,-32.4856572303332));
#8497=CARTESIAN_POINT('Ctrl Pts',(-1.05239723694596,8.93825822270024,-32.6873752231018));
#8498=CARTESIAN_POINT('Ctrl Pts',(-1.05239723694596,8.93825822270024,-32.9162633944882));
#8499=CARTESIAN_POINT('',(-0.562909520834609,8.98237902069122,-31.8837966070116));
#8500=CARTESIAN_POINT('Ctrl Pts',(0.710432141846537,8.97091339674123,-31.550344414884));
#8501=CARTESIAN_POINT('Ctrl Pts',(0.710458457072001,8.97124568971441,-31.550344414884));
#8502=CARTESIAN_POINT('Ctrl Pts',(0.710484772297465,8.97157798268758,-31.550344414884));
#8503=CARTESIAN_POINT('Ctrl Pts',(0.710511087522929,8.97191027566075,-31.550344414884));
#8504=CARTESIAN_POINT('Ctrl Pts',(0.446173876418623,8.99184076023321,-31.5503444148839));
#8505=CARTESIAN_POINT('Ctrl Pts',(0.446190402236592,8.99217382711829,-31.5503444148839));
#8506=CARTESIAN_POINT('Ctrl Pts',(0.446206930984743,8.99250689778864,-31.5503444148839));
#8507=CARTESIAN_POINT('Ctrl Pts',(0.446223456802712,8.99283996467372,-31.5503444148839));
#8508=CARTESIAN_POINT('Ctrl Pts',(0.206917482289143,8.99913562623108,-31.5775145935017));
#8509=CARTESIAN_POINT('Ctrl Pts',(0.206925147072565,8.99946896485335,-31.5775145935017));
#8510=CARTESIAN_POINT('Ctrl Pts',(0.206932810891907,8.99980230268006,-31.5775145935017));
#8511=CARTESIAN_POINT('Ctrl Pts',(0.206940475675329,9.00013564130233,-31.5775145935017));
#8512=CARTESIAN_POINT('Ctrl Pts',(-0.2195110595667,8.99882938672559,-31.686195307973));
#8513=CARTESIAN_POINT('Ctrl Pts',(-0.219519190438991,8.99916271413983,-31.686195307973));
#8514=CARTESIAN_POINT('Ctrl Pts',(-0.219527321522452,8.99949604035221,-31.686195307973));
#8515=CARTESIAN_POINT('Ctrl Pts',(-0.219535452394744,8.99982936776645,-31.686195307973));
#8516=CARTESIAN_POINT('Ctrl Pts',(-0.405092971018745,8.99126713799875,-31.7701758600644));
#8517=CARTESIAN_POINT('Ctrl Pts',(-0.405107976751007,8.99160018344319,-31.7701758600644));
#8518=CARTESIAN_POINT('Ctrl Pts',(-0.4051229806183,8.99193323325194,-31.7701758600644));
#8519=CARTESIAN_POINT('Ctrl Pts',(-0.405137986350562,8.99226627869638,-31.7701758600644));
#8520=CARTESIAN_POINT('Ctrl Pts',(-0.562846975332294,8.98138097857781,-31.8837966070116));
#8521=CARTESIAN_POINT('Ctrl Pts',(-0.562867823833065,8.98171365928228,-31.8837966070116));
#8522=CARTESIAN_POINT('Ctrl Pts',(-0.562888672333837,8.98204633998675,-31.8837966070116));
#8523=CARTESIAN_POINT('Ctrl Pts',(-0.562909520834609,8.98237902069122,-31.8837966070116));
#8524=CARTESIAN_POINT('',(0.710511087522929,8.97191027566075,-31.550344414884));
#8525=CARTESIAN_POINT('Ctrl Pts',(0.710511087522929,8.97191027566075,-31.550344414884));
#8526=CARTESIAN_POINT('Ctrl Pts',(0.446223456802712,8.99283996467372,-31.5503444148839));
#8527=CARTESIAN_POINT('Ctrl Pts',(0.206940475675329,9.00013564130233,-31.5775145935017));
#8528=CARTESIAN_POINT('Ctrl Pts',(-0.219535452394744,8.99982936776645,-31.686195307973));
#8529=CARTESIAN_POINT('Ctrl Pts',(-0.405137986350562,8.99226627869638,-31.7701758600644));
#8530=CARTESIAN_POINT('Ctrl Pts',(-0.562909520834609,8.98237902069122,-31.8837966070116));
#8531=CARTESIAN_POINT('',(0.710511087522929,8.97191027566075,-31.550344414884));
#8532=CARTESIAN_POINT('Ctrl Pts',(1.82463505759502,8.81207738882241,-31.8862666232495));
#8533=CARTESIAN_POINT('Ctrl Pts',(1.82470264418084,8.81240379832676,-31.8862666232495));
#8534=CARTESIAN_POINT('Ctrl Pts',(1.82477023076667,8.8127302078311,-31.8862666232495));
#8535=CARTESIAN_POINT('Ctrl Pts',(1.8248378173525,8.81305661733545,-31.8862666232495));
#8536=CARTESIAN_POINT('Ctrl Pts',(1.71661133358538,8.83444485851009,-31.7808792637623));
#8537=CARTESIAN_POINT('Ctrl Pts',(1.71667491899617,8.83477209359546,-31.7808792637623));
#8538=CARTESIAN_POINT('Ctrl Pts',(1.71673850396229,8.83509933748833,-31.7808792637623));
#8539=CARTESIAN_POINT('Ctrl Pts',(1.71680208937309,8.83542657257371,-31.7808792637623));
#8540=CARTESIAN_POINT('Ctrl Pts',(1.57149021268236,8.86263433093515,-31.6985453891629));
#8541=CARTESIAN_POINT('Ctrl Pts',(1.57154842263414,8.86296261371869,-31.6985453891629));
#8542=CARTESIAN_POINT('Ctrl Pts',(1.57160663215748,8.86329089472687,-31.6985453891629));
#8543=CARTESIAN_POINT('Ctrl Pts',(1.57166484210926,8.86361917751042,-31.6985453891629));
#8544=CARTESIAN_POINT('Ctrl Pts',(1.20549498746229,8.91976844294314,-31.5799846097398));
#8545=CARTESIAN_POINT('Ctrl Pts',(1.20553963998011,8.92009884243272,-31.5799846097398));
#8546=CARTESIAN_POINT('Ctrl Pts',(1.20558429371628,8.92042923896895,-31.5799846097398));
#8547=CARTESIAN_POINT('Ctrl Pts',(1.2056289462341,8.92075963845853,-31.5799846097398));
#8548=CARTESIAN_POINT('Ctrl Pts',(0.979614474332117,8.94959608237674,-31.550344414884));
#8549=CARTESIAN_POINT('Ctrl Pts',(0.979650761308226,8.94992758223324,-31.550344414884));
#8550=CARTESIAN_POINT('Ctrl Pts',(0.979687045504061,8.95025909258607,-31.550344414884));
#8551=CARTESIAN_POINT('Ctrl Pts',(0.97972333248017,8.95059059244257,-31.550344414884));
#8552=CARTESIAN_POINT('Ctrl Pts',(0.710432141846537,8.97091339674123,-31.550344414884));
#8553=CARTESIAN_POINT('Ctrl Pts',(0.710458457072001,8.97124568971441,-31.550344414884));
#8554=CARTESIAN_POINT('Ctrl Pts',(0.710484772297465,8.97157798268758,-31.550344414884));
#8555=CARTESIAN_POINT('Ctrl Pts',(0.710511087522929,8.97191027566075,-31.550344414884));
#8556=CARTESIAN_POINT('',(1.8248378173525,8.81305661733545,-31.8862666232495));
#8557=CARTESIAN_POINT('Ctrl Pts',(1.8248378173525,8.81305661733545,-31.8862666232495));
#8558=CARTESIAN_POINT('Ctrl Pts',(1.71680208937309,8.83542657257371,-31.7808792637623));
#8559=CARTESIAN_POINT('Ctrl Pts',(1.57166484210926,8.86361917751042,-31.6985453891629));
#8560=CARTESIAN_POINT('Ctrl Pts',(1.2056289462341,8.92075963845853,-31.5799846097398));
#8561=CARTESIAN_POINT('Ctrl Pts',(0.97972333248017,8.95059059244257,-31.550344414884));
#8562=CARTESIAN_POINT('Ctrl Pts',(0.710511087522929,8.97191027566075,-31.550344414884));
#8563=CARTESIAN_POINT('',(1.8248378173525,8.81305661733545,-31.8862666232495));
#8564=CARTESIAN_POINT('Ctrl Pts',(2.09459595240264,8.75183802387695,-32.5581110399807));
#8565=CARTESIAN_POINT('Ctrl Pts',(2.0946735386512,8.75216220204578,-32.5581110399807));
#8566=CARTESIAN_POINT('Ctrl Pts',(2.09475112489976,8.75248638021461,-32.5581110399807));
#8567=CARTESIAN_POINT('Ctrl Pts',(2.09482871114833,8.75281055838344,-32.5581110399807));
#8568=CARTESIAN_POINT('Ctrl Pts',(2.09459595240264,8.75183802387695,-32.4214368081457));
#8569=CARTESIAN_POINT('Ctrl Pts',(2.09467353842849,8.75216220102385,-32.4214368081457));
#8570=CARTESIAN_POINT('Ctrl Pts',(2.09475112512247,8.75248638123654,-32.4214368081457));
#8571=CARTESIAN_POINT('Ctrl Pts',(2.09482871114833,8.75281055838344,-32.4214368081457));
#8572=CARTESIAN_POINT('Ctrl Pts',(2.07219472295633,8.75727832128751,-32.2967009881276));
#8573=CARTESIAN_POINT('Ctrl Pts',(2.07227147950625,8.75760270121844,-32.2967009881276));
#8574=CARTESIAN_POINT('Ctrl Pts',(2.07234823585002,8.75792708040773,-32.2967009881276));
#8575=CARTESIAN_POINT('Ctrl Pts',(2.07242499239994,8.75825146033866,-32.2967009881276));
#8576=CARTESIAN_POINT('Ctrl Pts',(1.9823635530515,8.77804932418715,-32.0711061717252));
#8577=CARTESIAN_POINT('Ctrl Pts',(1.98243698210783,8.77837447350921,-32.0711061717252));
#8578=CARTESIAN_POINT('Ctrl Pts',(1.98251041108851,8.77869962206191,-32.0711061717252));
#8579=CARTESIAN_POINT('Ctrl Pts',(1.98258384014484,8.77902477138397,-32.0711061717252));
#8580=CARTESIAN_POINT('Ctrl Pts',(1.91492354333441,8.79338219027749,-31.9718938528329));
#8581=CARTESIAN_POINT('Ctrl Pts',(1.91499447414891,8.79370790625507,-31.9718938528329));
#8582=CARTESIAN_POINT('Ctrl Pts',(1.91506540544617,8.79403362533783,-31.9718938528329));
#8583=CARTESIAN_POINT('Ctrl Pts',(1.91513633626067,8.79435934131541,-31.9718938528329));
#8584=CARTESIAN_POINT('Ctrl Pts',(1.82463505759502,8.81207738882241,-31.8862666232495));
#8585=CARTESIAN_POINT('Ctrl Pts',(1.82470264418084,8.81240379832676,-31.8862666232495));
#8586=CARTESIAN_POINT('Ctrl Pts',(1.82477023076667,8.8127302078311,-31.8862666232495));
#8587=CARTESIAN_POINT('Ctrl Pts',(1.8248378173525,8.81305661733545,-31.8862666232495));
#8588=CARTESIAN_POINT('',(2.09482871114833,8.75281055838344,-32.5581110399807));
#8589=CARTESIAN_POINT('Ctrl Pts',(2.09482871114833,8.75281055838344,-32.5581110399807));
#8590=CARTESIAN_POINT('Ctrl Pts',(2.09482871114833,8.75281055838344,-32.4214368081457));
#8591=CARTESIAN_POINT('Ctrl Pts',(2.07242499239994,8.75825146033866,-32.2967009881276));
#8592=CARTESIAN_POINT('Ctrl Pts',(1.98258384014484,8.77902477138397,-32.0711061717252));
#8593=CARTESIAN_POINT('Ctrl Pts',(1.91513633626067,8.79435934131541,-31.9718938528329));
#8594=CARTESIAN_POINT('Ctrl Pts',(1.8248378173525,8.81305661733545,-31.8862666232495));
#8595=CARTESIAN_POINT('',(2.09482871114833,8.75281055838344,-32.5581110399807));
#8596=CARTESIAN_POINT('Ctrl Pts',(1.81496019374598,8.81407513554982,-33.2398355216638));
#8597=CARTESIAN_POINT('Ctrl Pts',(1.8150274219637,8.814401619053,-33.2398355216638));
#8598=CARTESIAN_POINT('Ctrl Pts',(1.81509465018142,8.81472810255619,-33.2398355216638));
#8599=CARTESIAN_POINT('Ctrl Pts',(1.81516187839914,8.81505458605938,-33.2398355216638));
#8600=CARTESIAN_POINT('Ctrl Pts',(1.9068818082892,8.79514699291714,-33.1492682596045));
#8601=CARTESIAN_POINT('Ctrl Pts',(1.90695244123433,8.79547277427653,-33.1492682596045));
#8602=CARTESIAN_POINT('Ctrl Pts',(1.9070230746449,8.79579855870665,-33.1492682596045));
#8603=CARTESIAN_POINT('Ctrl Pts',(1.90709370759004,8.79612434006604,-33.1492682596045));
#8604=CARTESIAN_POINT('Ctrl Pts',(1.97634373199,8.77942190316619,-33.0471742551012));
#8605=CARTESIAN_POINT('Ctrl Pts',(1.97641693805817,8.7797471033048,-33.0471742551012));
#8606=CARTESIAN_POINT('Ctrl Pts',(1.97649014407184,8.78007230275012,-33.0471742551012));
#8607=CARTESIAN_POINT('Ctrl Pts',(1.97656335014001,8.78039750288874,-33.0471742551012));
#8608=CARTESIAN_POINT('Ctrl Pts',(2.07099528727811,8.75757253449649,-32.8199327612068));
#8609=CARTESIAN_POINT('Ctrl Pts',(2.07107199940987,8.75789692536946,-32.8199327612068));
#8610=CARTESIAN_POINT('Ctrl Pts',(2.0711487113045,8.75822131536866,-32.8199327612068));
#8611=CARTESIAN_POINT('Ctrl Pts',(2.07122542343627,8.75854570624163,-32.8199327612068));
#8612=CARTESIAN_POINT('Ctrl Pts',(2.09459595240264,8.75183802387695,-32.6947852718157));
#8613=CARTESIAN_POINT('Ctrl Pts',(2.09467353840925,8.75216220093554,-32.6947852718157));
#8614=CARTESIAN_POINT('Ctrl Pts',(2.09475112514171,8.75248638132485,-32.6947852718157));
#8615=CARTESIAN_POINT('Ctrl Pts',(2.09482871114833,8.75281055838344,-32.6947852718157));
#8616=CARTESIAN_POINT('Ctrl Pts',(2.09459595240264,8.75183802387695,-32.5581110399807));
#8617=CARTESIAN_POINT('Ctrl Pts',(2.0946735386512,8.75216220204578,-32.5581110399807));
#8618=CARTESIAN_POINT('Ctrl Pts',(2.09475112489976,8.75248638021461,-32.5581110399807));
#8619=CARTESIAN_POINT('Ctrl Pts',(2.09482871114833,8.75281055838344,-32.5581110399807));
#8620=CARTESIAN_POINT('',(1.81516187839914,8.81505458605938,-33.2398355216638));
#8621=CARTESIAN_POINT('Ctrl Pts',(1.81516187839914,8.81505458605938,-33.2398355216638));
#8622=CARTESIAN_POINT('Ctrl Pts',(1.90709370759004,8.79612434006604,-33.1492682596045));
#8623=CARTESIAN_POINT('Ctrl Pts',(1.97656335014001,8.78039750288874,-33.0471742551012));
#8624=CARTESIAN_POINT('Ctrl Pts',(2.07122542343627,8.75854570624163,-32.8199327612068));
#8625=CARTESIAN_POINT('Ctrl Pts',(2.09482871114833,8.75281055838344,-32.6947852718157));
#8626=CARTESIAN_POINT('Ctrl Pts',(2.09482871114833,8.75281055838344,-32.5581110399807));
#8627=CARTESIAN_POINT('',(1.81516187839914,8.81505458605938,-33.2398355216638));
#8628=CARTESIAN_POINT('Ctrl Pts',(1.05941299158825,8.93642238892355,-33.5263574052698));
#8629=CARTESIAN_POINT('Ctrl Pts',(1.05945223346666,8.93675340431003,-33.5263574052698));
#8630=CARTESIAN_POINT('Ctrl Pts',(1.05949147534508,8.93708441969652,-33.5263574052698));
#8631=CARTESIAN_POINT('Ctrl Pts',(1.05953071722349,8.937415435083,-33.5263574052698));
#8632=CARTESIAN_POINT('Ctrl Pts',(1.21474227299272,8.91800810057277,-33.5263574052698));
#8633=CARTESIAN_POINT('Ctrl Pts',(1.21478726855513,8.91833843347306,-33.5263574052698));
#8634=CARTESIAN_POINT('Ctrl Pts',(1.21483226379247,8.91866876757254,-33.5263574052698));
#8635=CARTESIAN_POINT('Ctrl Pts',(1.21487725935487,8.91899910047282,-33.5263574052698));
#8636=CARTESIAN_POINT('Ctrl Pts',(1.35772891398866,8.89697725878072,-33.500422234771));
#8637=CARTESIAN_POINT('Ctrl Pts',(1.35777920578416,8.89730681307214,-33.500422234771));
#8638=CARTESIAN_POINT('Ctrl Pts',(1.35782949772533,8.89763636736947,-33.500422234771));
#8639=CARTESIAN_POINT('Ctrl Pts',(1.35787978952083,8.89796592166089,-33.500422234771));
#8640=CARTESIAN_POINT('Ctrl Pts',(1.61915964635638,8.85311149778063,-33.3966815527757));
#8641=CARTESIAN_POINT('Ctrl Pts',(1.61921962191515,8.85343942754183,-33.3966815527757));
#8642=CARTESIAN_POINT('Ctrl Pts',(1.61927959741683,8.85376735638457,-33.3966815527757));
#8643=CARTESIAN_POINT('Ctrl Pts',(1.6193395729756,8.85409528614577,-33.3966815527757));
#8644=CARTESIAN_POINT('Ctrl Pts',(1.72787655891556,8.83200706014919,-33.3271094287392));
#8645=CARTESIAN_POINT('Ctrl Pts',(1.72794056146732,8.83233420702865,-33.3271094287392));
#8646=CARTESIAN_POINT('Ctrl Pts',(1.72800456398231,8.83266135643677,-33.3271094287392));
#8647=CARTESIAN_POINT('Ctrl Pts',(1.72806856653407,8.83298850331623,-33.3271094287392));
#8648=CARTESIAN_POINT('Ctrl Pts',(1.81496019374598,8.81407513554982,-33.2398355216638));
#8649=CARTESIAN_POINT('Ctrl Pts',(1.8150274219637,8.814401619053,-33.2398355216638));
#8650=CARTESIAN_POINT('Ctrl Pts',(1.81509465018142,8.81472810255619,-33.2398355216638));
#8651=CARTESIAN_POINT('Ctrl Pts',(1.81516187839914,8.81505458605938,-33.2398355216638));
#8652=CARTESIAN_POINT('Ctrl Pts',(1.05953071722349,8.937415435083,-33.5263574052698));
#8653=CARTESIAN_POINT('Ctrl Pts',(1.21487725935487,8.91899910047282,-33.5263574052698));
#8654=CARTESIAN_POINT('Ctrl Pts',(1.35787978952083,8.89796592166089,-33.500422234771));
#8655=CARTESIAN_POINT('Ctrl Pts',(1.6193395729756,8.85409528614577,-33.3966815527757));
#8656=CARTESIAN_POINT('Ctrl Pts',(1.72806856653407,8.83298850331623,-33.3271094287392));
#8657=CARTESIAN_POINT('Ctrl Pts',(1.81516187839914,8.81505458605938,-33.2398355216638));
#8658=CARTESIAN_POINT('Origin',(0.,0.,-2.5));
#8659=CARTESIAN_POINT('',(0.3455654014995,8.99236262354263,-35.4208597854171));
#8660=CARTESIAN_POINT('',(1.07903096316993,8.93407483629506,-35.7345518476409));
#8661=CARTESIAN_POINT('Ctrl Pts',(0.3455654014995,8.99236262354263,-35.4208597854171));
#8662=CARTESIAN_POINT('Ctrl Pts',(0.421248287285193,8.98945422361393,-35.5213071124284));
#8663=CARTESIAN_POINT('Ctrl Pts',(0.516654026345417,8.98490252827416,-35.5987009545519));
#8664=CARTESIAN_POINT('Ctrl Pts',(0.746577480299193,8.96867642069181,-35.7073816690231));
#8665=CARTESIAN_POINT('Ctrl Pts',(0.895954021636324,8.95618632429767,-35.7345518476409));
#8666=CARTESIAN_POINT('Ctrl Pts',(1.07903096316993,8.93407483629506,-35.7345518476409));
#8667=CARTESIAN_POINT('',(0.155472532619018,8.99765687785442,-34.7144351413542));
#8668=CARTESIAN_POINT('Ctrl Pts',(0.155472532619018,8.99765687785442,-34.7144351413542));
#8669=CARTESIAN_POINT('Ctrl Pts',(0.155472532619018,8.99765687785442,-34.8708695030931));
#8670=CARTESIAN_POINT('Ctrl Pts',(0.168232150677772,8.9974689928627,-35.0030153718251));
#8671=CARTESIAN_POINT('Ctrl Pts',(0.219259492661384,8.99634169578119,-35.2187301232756));
#8672=CARTESIAN_POINT('Ctrl Pts',(0.269882515713806,8.99527102347133,-35.3220591358978));
#8673=CARTESIAN_POINT('Ctrl Pts',(0.3455654014995,8.99236262354263,-35.4208597854171));
#8674=CARTESIAN_POINT('',(0.172757847322175,8.9973415921698,-34.4377933227002));
#8675=CARTESIAN_POINT('Ctrl Pts',(0.172757847322175,8.9973415921698,-34.4377933227002));
#8676=CARTESIAN_POINT('Ctrl Pts',(0.166173082927706,8.99746802615147,-34.4871936474598));
#8677=CARTESIAN_POINT('Ctrl Pts',(0.161645931238613,8.99754828056937,-34.5357706334735));
#8678=CARTESIAN_POINT('Ctrl Pts',(0.156707224348644,8.99763581636583,-34.6312779280088));
#8679=CARTESIAN_POINT('Ctrl Pts',(0.155472532619018,8.99765687785442,-34.6749148815465));
#8680=CARTESIAN_POINT('Ctrl Pts',(0.155472532619018,8.99765687785442,-34.7144351413542));
#8681=CARTESIAN_POINT('',(-0.639237779129821,8.97626737913556,-34.4377933227002));
#8682=CARTESIAN_POINT('Origin',(0.,0.,-34.4377933227002));
#8683=CARTESIAN_POINT('',(-0.639237779129822,8.97626737913556,-35.717261733975));
#8684=CARTESIAN_POINT('',(-0.639237779129822,8.97626737913556,-35.717261733975));
#8685=CARTESIAN_POINT('',(-0.995845340608997,8.94372925896057,-35.717261733975));
#8686=CARTESIAN_POINT('Origin',(0.,0.,-35.717261733975));
#8687=CARTESIAN_POINT('',(-0.995845340608997,8.94372925896057,-34.045060740861));
#8688=CARTESIAN_POINT('',(-0.995845340608997,8.94372925896057,-34.045060740861));
#8689=CARTESIAN_POINT('',(0.572479789474413,8.98077212107307,-34.045060740861));
#8690=CARTESIAN_POINT('Origin',(0.,0.,-34.045060740861));
#8691=CARTESIAN_POINT('',(0.498519044604423,8.98518112016484,-34.6477447029287));
#8692=CARTESIAN_POINT('Ctrl Pts',(0.498519044604423,8.98518112016484,-34.6477447029287));
#8693=CARTESIAN_POINT('Ctrl Pts',(0.498519044604423,8.98518112016484,-34.5357706334735));
#8694=CARTESIAN_POINT('Ctrl Pts',(0.507150407463199,8.98471163079462,-34.4242082333913));
#8695=CARTESIAN_POINT('Ctrl Pts',(0.54166830613211,8.98270116618476,-34.2019067719729));
#8696=CARTESIAN_POINT('Ctrl Pts',(0.557691354161968,8.98171481065702,-34.1125745180325));
#8697=CARTESIAN_POINT('Ctrl Pts',(0.572479789474413,8.98077212107307,-34.045060740861));
#8698=CARTESIAN_POINT('',(0.639011422346927,8.97628349608624,-35.1466879830011));
#8699=CARTESIAN_POINT('Ctrl Pts',(0.639011422346927,8.97628349608624,-35.1466879830011));
#8700=CARTESIAN_POINT('Ctrl Pts',(0.588098937476258,8.97990789803239,-35.0890542707815));
#8701=CARTESIAN_POINT('Ctrl Pts',(0.551939623105804,8.98207647781676,-35.01742379988));
#8702=CARTESIAN_POINT('Ctrl Pts',(0.509206059790556,8.98460679925707,-34.8461693407133));
#8703=CARTESIAN_POINT('Ctrl Pts',(0.498519044604423,8.98518112016484,-34.7514853849239));
#8704=CARTESIAN_POINT('Ctrl Pts',(0.498519044604423,8.98518112016484,-34.6477447029287));
#8705=CARTESIAN_POINT('',(1.0765789992399,8.9343706358308,-35.3195891196599));
#8706=CARTESIAN_POINT('Ctrl Pts',(1.0765789992399,8.9343706358308,-35.3195891196599));
#8707=CARTESIAN_POINT('Ctrl Pts',(0.968690801011809,8.94737101081103,-35.3195891196599));
#8708=CARTESIAN_POINT('Ctrl Pts',(0.880196211275296,8.95610369865791,-35.304769022232));
#8709=CARTESIAN_POINT('Ctrl Pts',(0.742458069639841,8.96858826018446,-35.2454886325204));
#8710=CARTESIAN_POINT('Ctrl Pts',(0.68499689255269,8.97300984271552,-35.2026750177287));
#8711=CARTESIAN_POINT('Ctrl Pts',(0.639011422346927,8.97628349608624,-35.1466879830011));
#8712=CARTESIAN_POINT('',(1.56754436394468,8.8614223275423,-35.163978096667));
#8713=CARTESIAN_POINT('Ctrl Pts',(1.56754436394468,8.8614223275423,-35.163978096667));
#8714=CARTESIAN_POINT('Ctrl Pts',(1.50755542242586,8.87203409207637,-35.2150250989186));
#8715=CARTESIAN_POINT('Ctrl Pts',(1.43773064108706,8.883773718402,-35.2537220199803));
#8716=CARTESIAN_POINT('Ctrl Pts',(1.27822279252681,8.90811681073249,-35.306415699724));
#8717=CARTESIAN_POINT('Ctrl Pts',(1.18446719746798,8.92137026085056,-35.3195891196599));
#8718=CARTESIAN_POINT('Ctrl Pts',(1.0765789992399,8.9343706358308,-35.3195891196599));
#8719=CARTESIAN_POINT('',(1.74959823689395,8.82728197178823,-34.7243152063061));
#8720=CARTESIAN_POINT('Ctrl Pts',(1.74959823689395,8.82728197178823,-34.7243152063061));
#8721=CARTESIAN_POINT('Ctrl Pts',(1.74959823689395,8.82728197178823,-34.8066490809055));
#8722=CARTESIAN_POINT('Ctrl Pts',(1.73506860157781,8.83019572115292,-34.886512939267));
#8723=CARTESIAN_POINT('Ctrl Pts',(1.67686956478418,8.84142756452516,-35.0413006235139));
#8724=CARTESIAN_POINT('Ctrl Pts',(1.630775950951,8.8502369541145,-35.1079910619394));
#8725=CARTESIAN_POINT('Ctrl Pts',(1.56754436394468,8.8614223275423,-35.163978096667));
#8726=CARTESIAN_POINT('',(1.66230014314855,8.84413699770013,-34.2772422672313));
#8727=CARTESIAN_POINT('Ctrl Pts',(1.66230014314855,8.84413699770013,-34.2772422672313));
#8728=CARTESIAN_POINT('Ctrl Pts',(1.6898088656611,8.83896659459779,-34.3579294643388));
#8729=CARTESIAN_POINT('Ctrl Pts',(1.71122634495554,8.83481425491966,-34.4316182821052));
#8730=CARTESIAN_POINT('Ctrl Pts',(1.74192821800418,8.82881075708535,-34.5649991589563));
#8731=CARTESIAN_POINT('Ctrl Pts',(1.74959823689395,8.82728197178823,-34.6403346542147));
#8732=CARTESIAN_POINT('Ctrl Pts',(1.74959823689395,8.82728197178823,-34.7243152063061));
#8733=CARTESIAN_POINT('',(1.50183835792904,8.8727945173239,-33.9487301075797));
#8734=CARTESIAN_POINT('Ctrl Pts',(1.50183835792904,8.8727945173239,-33.9487301075797));
#8735=CARTESIAN_POINT('Ctrl Pts',(1.5245660061866,8.86894756089184,-33.9800169799275));
#8736=CARTESIAN_POINT('Ctrl Pts',(1.55052599996295,8.86446508949611,-34.0248889415841));
#8737=CARTESIAN_POINT('Ctrl Pts',(1.60887955055718,8.85406052028242,-34.1418030435153));
#8738=CARTESIAN_POINT('Ctrl Pts',(1.6364095807838,8.84900325944351,-34.2064351350758));
#8739=CARTESIAN_POINT('Ctrl Pts',(1.66230014314855,8.84413699770013,-34.2772422672313));
#8740=CARTESIAN_POINT('',(1.50183835792904,8.8727945173239,-33.9190899127239));
#8741=CARTESIAN_POINT('',(1.50183835792904,8.8727945173239,-33.9190899127239));
#8742=CARTESIAN_POINT('',(1.92608614032137,8.79046035086115,-33.9190899127239));
#8743=CARTESIAN_POINT('Origin',(0.,0.,-33.9190899127239));
#8744=CARTESIAN_POINT('',(2.09459595240264,8.75183802387695,-34.7169051575922));
#8745=CARTESIAN_POINT('Ctrl Pts',(2.09459595240264,8.75183802387695,-34.7169051575922));
#8746=CARTESIAN_POINT('Ctrl Pts',(2.09459595240264,8.75183802387695,-34.5719975382972));
#8747=CARTESIAN_POINT('Ctrl Pts',(2.07899119611321,8.75560771037723,-34.4287365964942));
#8748=CARTESIAN_POINT('Ctrl Pts',(2.01646510643411,8.77022936993749,-34.1455080678723));
#8749=CARTESIAN_POINT('Ctrl Pts',(1.97594465691285,8.77953580380095,-34.0228305947192));
#8750=CARTESIAN_POINT('Ctrl Pts',(1.92608614032137,8.79046035086115,-33.9190899127239));
#8751=CARTESIAN_POINT('',(1.80286353945819,8.8165573813191,-35.4653200777008));
#8752=CARTESIAN_POINT('Ctrl Pts',(1.80286353945819,8.8165573813191,-35.4653200777008));
#8753=CARTESIAN_POINT('Ctrl Pts',(1.89319792717062,8.79808525360277,-35.3796928481174));
#8754=CARTESIAN_POINT('Ctrl Pts',(1.9643023445732,8.78216095600954,-35.2730704805112));
#8755=CARTESIAN_POINT('Ctrl Pts',(2.06859638748691,8.75816016729708,-35.0178354692531));
#8756=CARTESIAN_POINT('Ctrl Pts',(2.09459595240264,8.75183802387695,-34.8749861968231));
#8757=CARTESIAN_POINT('Ctrl Pts',(2.09459595240264,8.75183802387695,-34.7169051575922));
#8758=CARTESIAN_POINT('Ctrl Pts',(1.07903096316993,8.93407483629506,-35.7345518476409));
#8759=CARTESIAN_POINT('Ctrl Pts',(1.22451174706718,8.91650410029298,-35.7345518476409));
#8760=CARTESIAN_POINT('Ctrl Pts',(1.35893143804783,8.89668346195782,-35.7110866933801));
#8761=CARTESIAN_POINT('Ctrl Pts',(1.60577780297955,8.85544880864692,-35.6172260763367));
#8762=CARTESIAN_POINT('Ctrl Pts',(1.71252915174577,8.83502950903542,-35.5509473072842));
#8763=CARTESIAN_POINT('Ctrl Pts',(1.80286353945819,8.8165573813191,-35.4653200777008));
#8764=CARTESIAN_POINT('Ctrl Pts',(0.3455654014995,8.99236262354263,-35.4208597854171));
#8765=CARTESIAN_POINT('Ctrl Pts',(0.345578201640312,8.99269571101989,-35.4208597854171));
#8766=CARTESIAN_POINT('Ctrl Pts',(0.345591001781124,8.99302879849715,-35.4208597854171));
#8767=CARTESIAN_POINT('Ctrl Pts',(0.345603801921935,8.99336188597441,-35.4208597854171));
#8768=CARTESIAN_POINT('Ctrl Pts',(0.421248287285193,8.98945422361393,-35.5213071124284));
#8769=CARTESIAN_POINT('Ctrl Pts',(0.421263890568204,8.98978720235195,-35.5213071124284));
#8770=CARTESIAN_POINT('Ctrl Pts',(0.42127949456861,8.99012018411622,-35.5213071124284));
#8771=CARTESIAN_POINT('Ctrl Pts',(0.421295097851621,8.99045316285424,-35.5213071124284));
#8772=CARTESIAN_POINT('Ctrl Pts',(0.516654026345417,8.98490252827416,-35.5987009545519));
#8773=CARTESIAN_POINT('Ctrl Pts',(0.516673163768638,8.98523533943804,-35.5987009545519));
#8774=CARTESIAN_POINT('Ctrl Pts',(0.516692301304277,8.98556815055046,-35.5987009545519));
#8775=CARTESIAN_POINT('Ctrl Pts',(0.516711438727498,8.98590096171434,-35.5987009545519));
#8776=CARTESIAN_POINT('Ctrl Pts',(0.746577480299193,8.96867642069181,-35.7073816690231));
#8777=CARTESIAN_POINT('Ctrl Pts',(0.746605134647504,8.9690086315317,-35.7073816690231));
#8778=CARTESIAN_POINT('Ctrl Pts',(0.746632788222278,8.96934084019093,-35.7073816690231));
#8779=CARTESIAN_POINT('Ctrl Pts',(0.74666044257059,8.96967305103082,-35.7073816690231));
#8780=CARTESIAN_POINT('Ctrl Pts',(0.895954021636324,8.95618632429767,-35.7345518476409));
#8781=CARTESIAN_POINT('Ctrl Pts',(0.895987208144056,8.95651806972965,-35.7345518476409));
#8782=CARTESIAN_POINT('Ctrl Pts',(0.89602039663783,8.956849821262,-35.7345518476409));
#8783=CARTESIAN_POINT('Ctrl Pts',(0.896053583145562,8.95718156669397,-35.7345518476409));
#8784=CARTESIAN_POINT('Ctrl Pts',(1.07903096316993,8.93407483629506,-35.7345518476409));
#8785=CARTESIAN_POINT('Ctrl Pts',(1.07907093172063,8.93440576472549,-35.7345518476409));
#8786=CARTESIAN_POINT('Ctrl Pts',(1.07911090027133,8.93473669315592,-35.7345518476409));
#8787=CARTESIAN_POINT('Ctrl Pts',(1.07915086882203,8.93506762158635,-35.7345518476409));
#8788=CARTESIAN_POINT('',(1.07915086882203,8.93506762158635,-35.7345518476409));
#8789=CARTESIAN_POINT('',(1.07915086882203,8.93506762158635,-35.7345518476409));
#8790=CARTESIAN_POINT('',(0.345603801921935,8.99336188597441,-35.4208597854171));
#8791=CARTESIAN_POINT('Ctrl Pts',(0.345603801921935,8.99336188597441,-35.4208597854171));
#8792=CARTESIAN_POINT('Ctrl Pts',(0.421295097851621,8.99045316285424,-35.5213071124284));
#8793=CARTESIAN_POINT('Ctrl Pts',(0.516711438727498,8.98590096171434,-35.5987009545519));
#8794=CARTESIAN_POINT('Ctrl Pts',(0.74666044257059,8.96967305103082,-35.7073816690231));
#8795=CARTESIAN_POINT('Ctrl Pts',(0.896053583145562,8.95718156669397,-35.7345518476409));
#8796=CARTESIAN_POINT('Ctrl Pts',(1.07915086882203,8.93506762158635,-35.7345518476409));
#8797=CARTESIAN_POINT('',(0.345603801921935,8.99336188597441,-35.4208597854171));
#8798=CARTESIAN_POINT('Ctrl Pts',(0.155472532619018,8.99765687785442,-34.7144351413542));
#8799=CARTESIAN_POINT('Ctrl Pts',(0.155478291500843,8.99799016143696,-34.7144351413542));
#8800=CARTESIAN_POINT('Ctrl Pts',(0.155484050382667,8.9983234450195,-34.7144351413542));
#8801=CARTESIAN_POINT('Ctrl Pts',(0.155489809264492,8.99865672860205,-34.7144351413542));
#8802=CARTESIAN_POINT('Ctrl Pts',(0.155472532619018,8.99765687785442,-34.8708695030931));
#8803=CARTESIAN_POINT('Ctrl Pts',(0.155478291483419,8.99799016096741,-34.8708695030931));
#8804=CARTESIAN_POINT('Ctrl Pts',(0.15548405040009,8.99832344548906,-34.8708695030931));
#8805=CARTESIAN_POINT('Ctrl Pts',(0.155489809264492,8.99865672860205,-34.8708695030931));
#8806=CARTESIAN_POINT('Ctrl Pts',(0.168232150677772,8.9974689928627,-35.0030153718251));
#8807=CARTESIAN_POINT('Ctrl Pts',(0.168238382182454,8.99780226946121,-35.0030153718251));
#8808=CARTESIAN_POINT('Ctrl Pts',(0.168244613711447,8.99813554613338,-35.0030153718251));
#8809=CARTESIAN_POINT('Ctrl Pts',(0.168250845216129,8.99846882273189,-35.0030153718251));
#8810=CARTESIAN_POINT('Ctrl Pts',(0.219259492661384,8.99634169578119,-35.2187301232756));
#8811=CARTESIAN_POINT('Ctrl Pts',(0.21926761431563,8.99667493105402,-35.2187301232756));
#8812=CARTESIAN_POINT('Ctrl Pts',(0.219275735880197,8.99700816510841,-35.2187301232756));
#8813=CARTESIAN_POINT('Ctrl Pts',(0.219283857534444,8.99734140038124,-35.2187301232756));
#8814=CARTESIAN_POINT('Ctrl Pts',(0.269882515713806,8.99527102347133,-35.3220591358978));
#8815=CARTESIAN_POINT('Ctrl Pts',(0.269892512401641,8.99560421758913,-35.3220591358978));
#8816=CARTESIAN_POINT('Ctrl Pts',(0.269902509304415,8.99593741497677,-35.3220591358978));
#8817=CARTESIAN_POINT('Ctrl Pts',(0.26991250599225,8.99627060909456,-35.3220591358978));
#8818=CARTESIAN_POINT('Ctrl Pts',(0.3455654014995,8.99236262354263,-35.4208597854171));
#8819=CARTESIAN_POINT('Ctrl Pts',(0.345578201640312,8.99269571101989,-35.4208597854171));
#8820=CARTESIAN_POINT('Ctrl Pts',(0.345591001781124,8.99302879849715,-35.4208597854171));
#8821=CARTESIAN_POINT('Ctrl Pts',(0.345603801921935,8.99336188597441,-35.4208597854171));
#8822=CARTESIAN_POINT('',(0.155489809264492,8.99865672860205,-34.7144351413542));
#8823=CARTESIAN_POINT('Ctrl Pts',(0.155489809264492,8.99865672860205,-34.7144351413542));
#8824=CARTESIAN_POINT('Ctrl Pts',(0.155489809264492,8.99865672860205,-34.8708695030931));
#8825=CARTESIAN_POINT('Ctrl Pts',(0.168250845216129,8.99846882273189,-35.0030153718251));
#8826=CARTESIAN_POINT('Ctrl Pts',(0.219283857534444,8.99734140038124,-35.2187301232756));
#8827=CARTESIAN_POINT('Ctrl Pts',(0.26991250599225,8.99627060909456,-35.3220591358978));
#8828=CARTESIAN_POINT('Ctrl Pts',(0.345603801921935,8.99336188597441,-35.4208597854171));
#8829=CARTESIAN_POINT('',(0.155489809264492,8.99865672860205,-34.7144351413542));
#8830=CARTESIAN_POINT('Ctrl Pts',(0.172757847322175,8.9973415921698,-34.4377933227002));
#8831=CARTESIAN_POINT('Ctrl Pts',(0.172764246471981,8.9976748640738,-34.4377933227002));
#8832=CARTESIAN_POINT('Ctrl Pts',(0.172770645621787,8.99800813597779,-34.4377933227002));
#8833=CARTESIAN_POINT('Ctrl Pts',(0.172777044771594,8.99834140788179,-34.4377933227002));
#8834=CARTESIAN_POINT('Ctrl Pts',(0.166173082927706,8.99746802615147,-34.4871936474598));
#8835=CARTESIAN_POINT('Ctrl Pts',(0.166179238170086,8.99780130273125,-34.4871936474598));
#8836=CARTESIAN_POINT('Ctrl Pts',(0.166185393412955,8.99813457933345,-34.4871936474598));
#8837=CARTESIAN_POINT('Ctrl Pts',(0.166191548655335,8.99846785591324,-34.4871936474598));
#8838=CARTESIAN_POINT('Ctrl Pts',(0.161645931238613,8.99754828056937,-34.5357706334735));
#8839=CARTESIAN_POINT('Ctrl Pts',(0.161651918790299,8.99788156013198,-34.5357706334735));
#8840=CARTESIAN_POINT('Ctrl Pts',(0.161657906341804,8.99821483968667,-34.5357706334735));
#8841=CARTESIAN_POINT('Ctrl Pts',(0.16166389389349,8.99854811924929,-34.5357706334735));
#8842=CARTESIAN_POINT('Ctrl Pts',(0.156707224348644,8.99763581636583,-34.6312779280088));
#8843=CARTESIAN_POINT('Ctrl Pts',(0.156713028964871,8.99796909916836,-34.6312779280088));
#8844=CARTESIAN_POINT('Ctrl Pts',(0.156718833581105,8.99830238197048,-34.6312779280088));
#8845=CARTESIAN_POINT('Ctrl Pts',(0.156724638197332,8.99863566477302,-34.6312779280088));
#8846=CARTESIAN_POINT('Ctrl Pts',(0.155472532619018,8.99765687785442,-34.6749148815465));
#8847=CARTESIAN_POINT('Ctrl Pts',(0.155478291500769,8.9979901614331,-34.6749148815465));
#8848=CARTESIAN_POINT('Ctrl Pts',(0.15548405038274,8.99832344502337,-34.6749148815465));
#8849=CARTESIAN_POINT('Ctrl Pts',(0.155489809264492,8.99865672860205,-34.6749148815465));
#8850=CARTESIAN_POINT('Ctrl Pts',(0.155472532619018,8.99765687785442,-34.7144351413542));
#8851=CARTESIAN_POINT('Ctrl Pts',(0.155478291500843,8.99799016143696,-34.7144351413542));
#8852=CARTESIAN_POINT('Ctrl Pts',(0.155484050382667,8.9983234450195,-34.7144351413542));
#8853=CARTESIAN_POINT('Ctrl Pts',(0.155489809264492,8.99865672860205,-34.7144351413542));
#8854=CARTESIAN_POINT('',(0.172777044771594,8.99834140788179,-34.4377933227002));
#8855=CARTESIAN_POINT('Ctrl Pts',(0.172777044771594,8.99834140788179,-34.4377933227002));
#8856=CARTESIAN_POINT('Ctrl Pts',(0.166191548655335,8.99846785591324,-34.4871936474598));
#8857=CARTESIAN_POINT('Ctrl Pts',(0.16166389389349,8.99854811924929,-34.5357706334735));
#8858=CARTESIAN_POINT('Ctrl Pts',(0.156724638197332,8.99863566477302,-34.6312779280088));
#8859=CARTESIAN_POINT('Ctrl Pts',(0.155489809264492,8.99865672860205,-34.6749148815465));
#8860=CARTESIAN_POINT('Ctrl Pts',(0.155489809264492,8.99865672860205,-34.7144351413542));
#8861=CARTESIAN_POINT('',(0.172777044771594,8.99834140788179,-34.4377933227002));
#8862=CARTESIAN_POINT('Origin',(-0.233503807433882,8.9969703774056,-34.4377933227002));
#8863=CARTESIAN_POINT('',(-0.639308813442426,8.97726485300812,-34.4377933227002));
#8864=CARTESIAN_POINT('Origin',(0.,0.,-34.4377933227002));
#8865=CARTESIAN_POINT('',(-0.639308813442426,8.97726485300812,-34.4377933227002));
#8866=CARTESIAN_POINT('Origin',(-0.639308813442426,8.97726485300812,-35.0775275283376));
#8867=CARTESIAN_POINT('',(-0.639308813442426,8.97726485300812,-35.717261733975));
#8868=CARTESIAN_POINT('',(-0.639308813442426,8.97726485300812,-2.5));
#8869=CARTESIAN_POINT('',(-0.639308813442426,8.97726485300812,-35.717261733975));
#8870=CARTESIAN_POINT('Origin',(-0.817794286857442,8.96276812733562,-35.717261733975));
#8871=CARTESIAN_POINT('',(-0.99595600238704,8.94472311708469,-35.717261733975));
#8872=CARTESIAN_POINT('Origin',(0.,0.,-35.717261733975));
#8873=CARTESIAN_POINT('',(-0.99595600238704,8.94472311708469,-35.717261733975));
#8874=CARTESIAN_POINT('Origin',(-0.99595600238704,8.94472311708469,-34.881161237418));
#8875=CARTESIAN_POINT('',(-0.99595600238704,8.94472311708469,-34.045060740861));
#8876=CARTESIAN_POINT('',(-0.99595600238704,8.94472311708469,-2.5));
#8877=CARTESIAN_POINT('',(-0.99595600238704,8.94472311708469,-34.045060740861));
#8878=CARTESIAN_POINT('Origin',(-0.212515120575001,8.99749061258343,-34.045060740861));
#8879=CARTESIAN_POINT('',(0.572543405408348,8.98177009552813,-34.045060740861));
#8880=CARTESIAN_POINT('Origin',(0.,0.,-34.045060740861));
#8881=CARTESIAN_POINT('',(0.572543405408348,8.98177009552813,-34.045060740861));
#8882=CARTESIAN_POINT('Ctrl Pts',(0.498519044604423,8.98518112016484,-34.6477447029287));
#8883=CARTESIAN_POINT('Ctrl Pts',(0.498537510324488,8.98551394163093,-34.6477447029287));
#8884=CARTESIAN_POINT('Ctrl Pts',(0.498555976044553,8.98584676309703,-34.6477447029287));
#8885=CARTESIAN_POINT('Ctrl Pts',(0.498574441764619,8.98617958456312,-34.6477447029287));
#8886=CARTESIAN_POINT('Ctrl Pts',(0.498519044604423,8.98518112016484,-34.5357706334735));
#8887=CARTESIAN_POINT('Ctrl Pts',(0.498537510317252,8.98551394150743,-34.5357706334735));
#8888=CARTESIAN_POINT('Ctrl Pts',(0.49855597605179,8.98584676322053,-34.5357706334735));
#8889=CARTESIAN_POINT('Ctrl Pts',(0.498574441764619,8.98617958456312,-34.5357706334735));
#8890=CARTESIAN_POINT('Ctrl Pts',(0.507150407463199,8.98471163079462,-34.4242082333913));
#8891=CARTESIAN_POINT('Ctrl Pts',(0.50716919290197,8.9850444349224,-34.4242082333913));
#8892=CARTESIAN_POINT('Ctrl Pts',(0.507187978331514,8.98537723889385,-34.4242082333913));
#8893=CARTESIAN_POINT('Ctrl Pts',(0.507206763770284,8.98571004302163,-34.4242082333913));
#8894=CARTESIAN_POINT('Ctrl Pts',(0.54166830613211,8.98270116618476,-34.2019067719729));
#8895=CARTESIAN_POINT('Ctrl Pts',(0.541688370149607,8.98303389577507,-34.2019067719729));
#8896=CARTESIAN_POINT('Ctrl Pts',(0.541708434169968,8.98336662541166,-34.2019067719729));
#8897=CARTESIAN_POINT('Ctrl Pts',(0.541728498187465,8.98369935500197,-34.2019067719729));
#8898=CARTESIAN_POINT('Ctrl Pts',(0.557691354161968,8.98171481065702,-34.1125745180325));
#8899=CARTESIAN_POINT('Ctrl Pts',(0.55771201169116,8.98204750370067,-34.1125745180325));
#8900=CARTESIAN_POINT('Ctrl Pts',(0.557732669224637,8.98238019682335,-34.1125745180325));
#8901=CARTESIAN_POINT('Ctrl Pts',(0.557753326753829,8.982712889867,-34.1125745180325));
#8902=CARTESIAN_POINT('Ctrl Pts',(0.572479789474413,8.98077212107307,-34.045060740861));
#8903=CARTESIAN_POINT('Ctrl Pts',(0.572500994785724,8.98110477922476,-34.045060740861));
#8904=CARTESIAN_POINT('Ctrl Pts',(0.572522200097036,8.98143743737644,-34.045060740861));
#8905=CARTESIAN_POINT('Ctrl Pts',(0.572543405408347,8.98177009552813,-34.045060740861));
#8906=CARTESIAN_POINT('',(0.498574441764619,8.98617958456312,-34.6477447029287));
#8907=CARTESIAN_POINT('Ctrl Pts',(0.498574441764619,8.98617958456312,-34.6477447029287));
#8908=CARTESIAN_POINT('Ctrl Pts',(0.498574441764619,8.98617958456312,-34.5357706334735));
#8909=CARTESIAN_POINT('Ctrl Pts',(0.507206763770284,8.98571004302163,-34.4242082333913));
#8910=CARTESIAN_POINT('Ctrl Pts',(0.541728498187465,8.98369935500197,-34.2019067719729));
#8911=CARTESIAN_POINT('Ctrl Pts',(0.557753326753829,8.982712889867,-34.1125745180325));
#8912=CARTESIAN_POINT('Ctrl Pts',(0.572543405408347,8.98177009552813,-34.045060740861));
#8913=CARTESIAN_POINT('',(0.498574441764619,8.98617958456312,-34.6477447029287));
#8914=CARTESIAN_POINT('Ctrl Pts',(0.639011422346927,8.97628349608624,-35.1466879830011));
#8915=CARTESIAN_POINT('Ctrl Pts',(0.639035092066612,8.97661598797408,-35.1466879830011));
#8916=CARTESIAN_POINT('Ctrl Pts',(0.639058761786298,8.97694847986192,-35.1466879830011));
#8917=CARTESIAN_POINT('Ctrl Pts',(0.639082431505983,8.97728097174976,-35.1466879830011));
#8918=CARTESIAN_POINT('Ctrl Pts',(0.588098937476258,8.97990789803239,-35.0890542707815));
#8919=CARTESIAN_POINT('Ctrl Pts',(0.588120721301376,8.98024052377517,-35.0890542707815));
#8920=CARTESIAN_POINT('Ctrl Pts',(0.588142505238814,8.98057315070921,-35.0890542707815));
#8921=CARTESIAN_POINT('Ctrl Pts',(0.588164289063932,8.98090577645199,-35.0890542707815));
#8922=CARTESIAN_POINT('Ctrl Pts',(0.551939623105804,8.98207647781676,-35.01742379988));
#8923=CARTESIAN_POINT('Ctrl Pts',(0.551960067599362,8.98240918441165,-35.01742379988));
#8924=CARTESIAN_POINT('Ctrl Pts',(0.551980512051864,8.98274189062155,-35.01742379988));
#8925=CARTESIAN_POINT('Ctrl Pts',(0.552000956545421,8.98307459721645,-35.01742379988));
#8926=CARTESIAN_POINT('Ctrl Pts',(0.509206059790556,8.98460679925707,-34.8461693407133));
#8927=CARTESIAN_POINT('Ctrl Pts',(0.509224921369746,8.98493959948173,-34.8461693407133));
#8928=CARTESIAN_POINT('Ctrl Pts',(0.509243782949646,8.98527239961018,-34.8461693407133));
#8929=CARTESIAN_POINT('Ctrl Pts',(0.509262644528836,8.98560519983483,-34.8461693407133));
#8930=CARTESIAN_POINT('Ctrl Pts',(0.498519044604423,8.98518112016484,-34.7514853849239));
#8931=CARTESIAN_POINT('Ctrl Pts',(0.498537510306965,8.98551394137251,-34.7514853849239));
#8932=CARTESIAN_POINT('Ctrl Pts',(0.498555976062076,8.98584676335546,-34.7514853849239));
#8933=CARTESIAN_POINT('Ctrl Pts',(0.498574441764619,8.98617958456312,-34.7514853849239));
#8934=CARTESIAN_POINT('Ctrl Pts',(0.498519044604423,8.98518112016484,-34.6477447029287));
#8935=CARTESIAN_POINT('Ctrl Pts',(0.498537510324488,8.98551394163093,-34.6477447029287));
#8936=CARTESIAN_POINT('Ctrl Pts',(0.498555976044553,8.98584676309703,-34.6477447029287));
#8937=CARTESIAN_POINT('Ctrl Pts',(0.498574441764619,8.98617958456312,-34.6477447029287));
#8938=CARTESIAN_POINT('',(0.639082431505983,8.97728097174976,-35.1466879830011));
#8939=CARTESIAN_POINT('Ctrl Pts',(0.639082431505983,8.97728097174976,-35.1466879830011));
#8940=CARTESIAN_POINT('Ctrl Pts',(0.588164289063932,8.98090577645199,-35.0890542707815));
#8941=CARTESIAN_POINT('Ctrl Pts',(0.552000956545421,8.98307459721645,-35.01742379988));
#8942=CARTESIAN_POINT('Ctrl Pts',(0.509262644528836,8.98560519983483,-34.8461693407133));
#8943=CARTESIAN_POINT('Ctrl Pts',(0.498574441764619,8.98617958456312,-34.7514853849239));
#8944=CARTESIAN_POINT('Ctrl Pts',(0.498574441764619,8.98617958456312,-34.6477447029287));
#8945=CARTESIAN_POINT('',(0.639082431505983,8.97728097174976,-35.1466879830011));
#8946=CARTESIAN_POINT('Ctrl Pts',(1.0765789992399,8.9343706358308,-35.3195891196599));
#8947=CARTESIAN_POINT('Ctrl Pts',(1.07661887696702,8.93470157521798,-35.3195891196599));
#8948=CARTESIAN_POINT('Ctrl Pts',(1.07665875469415,8.93503251460517,-35.3195891196599));
#8949=CARTESIAN_POINT('Ctrl Pts',(1.07669863242128,8.93536345399235,-35.3195891196599));
#8950=CARTESIAN_POINT('Ctrl Pts',(0.968690801011809,8.94737101081103,-35.3195891196599));
#8951=CARTESIAN_POINT('Ctrl Pts',(0.968726682270595,8.9477024310756,-35.3195891196599));
#8952=CARTESIAN_POINT('Ctrl Pts',(0.968762564024721,8.94803385335464,-35.3195891196599));
#8953=CARTESIAN_POINT('Ctrl Pts',(0.968798445283507,8.94836527361921,-35.3195891196599));
#8954=CARTESIAN_POINT('Ctrl Pts',(0.880196211275296,8.95610369865791,-35.304769022232));
#8955=CARTESIAN_POINT('Ctrl Pts',(0.880228814820524,8.95643544330168,-35.304769022232));
#8956=CARTESIAN_POINT('Ctrl Pts',(0.880261418176926,8.95676718722881,-35.304769022232));
#8957=CARTESIAN_POINT('Ctrl Pts',(0.880294021722153,8.95709893187258,-35.304769022232));
#8958=CARTESIAN_POINT('Ctrl Pts',(0.742458069639841,8.96858826018446,-35.2454886325204));
#8959=CARTESIAN_POINT('Ctrl Pts',(0.742485571136083,8.96892046704018,-35.2454886325204));
#8960=CARTESIAN_POINT('Ctrl Pts',(0.742513072651839,8.96925267387104,-35.2454886325204));
#8961=CARTESIAN_POINT('Ctrl Pts',(0.742540574148081,8.96958488072676,-35.2454886325204));
#8962=CARTESIAN_POINT('Ctrl Pts',(0.68499689255269,8.97300984271552,-35.2026750177287));
#8963=CARTESIAN_POINT('Ctrl Pts',(0.685022265561586,8.97334221300457,-35.2026750177287));
#8964=CARTESIAN_POINT('Ctrl Pts',(0.685047638767325,8.97367458431031,-35.2026750177287));
#8965=CARTESIAN_POINT('Ctrl Pts',(0.685073011776221,8.97400695459936,-35.2026750177287));
#8966=CARTESIAN_POINT('Ctrl Pts',(0.639011422346927,8.97628349608624,-35.1466879830011));
#8967=CARTESIAN_POINT('Ctrl Pts',(0.639035092066612,8.97661598797408,-35.1466879830011));
#8968=CARTESIAN_POINT('Ctrl Pts',(0.639058761786298,8.97694847986192,-35.1466879830011));
#8969=CARTESIAN_POINT('Ctrl Pts',(0.639082431505983,8.97728097174976,-35.1466879830011));
#8970=CARTESIAN_POINT('',(1.07669863242128,8.93536345399235,-35.3195891196599));
#8971=CARTESIAN_POINT('Ctrl Pts',(1.07669863242128,8.93536345399235,-35.3195891196599));
#8972=CARTESIAN_POINT('Ctrl Pts',(0.968798445283507,8.94836527361921,-35.3195891196599));
#8973=CARTESIAN_POINT('Ctrl Pts',(0.880294021722153,8.95709893187258,-35.304769022232));
#8974=CARTESIAN_POINT('Ctrl Pts',(0.742540574148081,8.96958488072676,-35.2454886325204));
#8975=CARTESIAN_POINT('Ctrl Pts',(0.685073011776221,8.97400695459936,-35.2026750177287));
#8976=CARTESIAN_POINT('Ctrl Pts',(0.639082431505983,8.97728097174976,-35.1466879830011));
#8977=CARTESIAN_POINT('',(1.07669863242128,8.93536345399235,-35.3195891196599));
#8978=CARTESIAN_POINT('Ctrl Pts',(1.56754436394468,8.8614223275423,-35.163978096667));
#8979=CARTESIAN_POINT('Ctrl Pts',(1.56760242759486,8.86175056484006,-35.163978096667));
#8980=CARTESIAN_POINT('Ctrl Pts',(1.56766049124504,8.86207880213782,-35.163978096667));
#8981=CARTESIAN_POINT('Ctrl Pts',(1.56771855489522,8.86240703943557,-35.163978096667));
#8982=CARTESIAN_POINT('Ctrl Pts',(1.50755542242586,8.87203409207637,-35.2150250989186));
#8983=CARTESIAN_POINT('Ctrl Pts',(1.50761126402028,8.87236272221988,-35.2150250989186));
#8984=CARTESIAN_POINT('Ctrl Pts',(1.50766710560336,8.87269135304211,-35.2150250989186));
#8985=CARTESIAN_POINT('Ctrl Pts',(1.50772294719778,8.87301998318562,-35.2150250989186));
#8986=CARTESIAN_POINT('Ctrl Pts',(1.43773064108706,8.883773718402,-35.2537220199803));
#8987=CARTESIAN_POINT('Ctrl Pts',(1.43778389629188,8.8841027836464,-35.2537220199803));
#8988=CARTESIAN_POINT('Ctrl Pts',(1.43783715148297,8.88443184881473,-35.2537220199803));
#8989=CARTESIAN_POINT('Ctrl Pts',(1.4378904066878,8.88476091405912,-35.2537220199803));
#8990=CARTESIAN_POINT('Ctrl Pts',(1.27822279252681,8.90811681073249,-35.306415699724));
#8991=CARTESIAN_POINT('Ctrl Pts',(1.2782701393602,8.90844677776574,-35.306415699724));
#8992=CARTESIAN_POINT('Ctrl Pts',(1.27831748623042,8.90877674444497,-35.306415699724));
#8993=CARTESIAN_POINT('Ctrl Pts',(1.27836483306381,8.90910671147821,-35.306415699724));
#8994=CARTESIAN_POINT('Ctrl Pts',(1.18446719746798,8.92137026085056,-35.3195891196599));
#8995=CARTESIAN_POINT('Ctrl Pts',(1.18451107152604,8.92170071832899,-35.3195891196599));
#8996=CARTESIAN_POINT('Ctrl Pts',(1.18455494550098,8.92203117688706,-35.3195891196599));
#8997=CARTESIAN_POINT('Ctrl Pts',(1.18459881955904,8.92236163436549,-35.3195891196599));
#8998=CARTESIAN_POINT('Ctrl Pts',(1.0765789992399,8.9343706358308,-35.3195891196599));
#8999=CARTESIAN_POINT('Ctrl Pts',(1.07661887696702,8.93470157521798,-35.3195891196599));
#9000=CARTESIAN_POINT('Ctrl Pts',(1.07665875469415,8.93503251460517,-35.3195891196599));
#9001=CARTESIAN_POINT('Ctrl Pts',(1.07669863242128,8.93536345399235,-35.3195891196599));
#9002=CARTESIAN_POINT('',(1.56771855489522,8.86240703943557,-35.163978096667));
#9003=CARTESIAN_POINT('Ctrl Pts',(1.56771855489522,8.86240703943557,-35.163978096667));
#9004=CARTESIAN_POINT('Ctrl Pts',(1.50772294719778,8.87301998318562,-35.2150250989186));
#9005=CARTESIAN_POINT('Ctrl Pts',(1.4378904066878,8.88476091405912,-35.2537220199803));
#9006=CARTESIAN_POINT('Ctrl Pts',(1.27836483306381,8.90910671147821,-35.306415699724));
#9007=CARTESIAN_POINT('Ctrl Pts',(1.18459881955904,8.92236163436549,-35.3195891196599));
#9008=CARTESIAN_POINT('Ctrl Pts',(1.07669863242128,8.93536345399235,-35.3195891196599));
#9009=CARTESIAN_POINT('',(1.56771855489522,8.86240703943557,-35.163978096667));
#9010=CARTESIAN_POINT('Ctrl Pts',(1.74959823689395,8.82728197178823,-34.7243152063061));
#9011=CARTESIAN_POINT('Ctrl Pts',(1.74966304402944,8.82760894448786,-34.7243152063061));
#9012=CARTESIAN_POINT('Ctrl Pts',(1.74972785116493,8.82793591718749,-34.7243152063061));
#9013=CARTESIAN_POINT('Ctrl Pts',(1.74979265830043,8.82826288988711,-34.7243152063061));
#9014=CARTESIAN_POINT('Ctrl Pts',(1.74959823689395,8.82728197178823,-34.8066490809055));
#9015=CARTESIAN_POINT('Ctrl Pts',(1.74966304394711,8.82760894403775,-34.8066490809055));
#9016=CARTESIAN_POINT('Ctrl Pts',(1.74972785124727,8.8279359176376,-34.8066490809055));
#9017=CARTESIAN_POINT('Ctrl Pts',(1.74979265830043,8.82826288988711,-34.8066490809055));
#9018=CARTESIAN_POINT('Ctrl Pts',(1.73506860157781,8.83019572115292,-34.886512939267));
#9019=CARTESIAN_POINT('Ctrl Pts',(1.73513287053954,8.83052280186714,-34.886512939267));
#9020=CARTESIAN_POINT('Ctrl Pts',(1.73519713943924,8.83084988232347,-34.886512939267));
#9021=CARTESIAN_POINT('Ctrl Pts',(1.73526140840096,8.83117696303769,-34.886512939267));
#9022=CARTESIAN_POINT('Ctrl Pts',(1.67686956478418,8.84142756452516,-35.0413006235139));
#9023=CARTESIAN_POINT('Ctrl Pts',(1.67693167798494,8.84175506135436,-35.0413006235139));
#9024=CARTESIAN_POINT('Ctrl Pts',(1.67699379112834,8.84208255770202,-35.0413006235139));
#9025=CARTESIAN_POINT('Ctrl Pts',(1.6770559043291,8.84241005453122,-35.0413006235139));
#9026=CARTESIAN_POINT('Ctrl Pts',(1.630775950951,8.8502369541145,-35.1079910619394));
#9027=CARTESIAN_POINT('Ctrl Pts',(1.6308363566917,8.85056477653551,-35.1079910619394));
#9028=CARTESIAN_POINT('Ctrl Pts',(1.63089676267345,8.85089260062939,-35.1079910619394));
#9029=CARTESIAN_POINT('Ctrl Pts',(1.63095716841415,8.8512204230504,-35.1079910619394));
#9030=CARTESIAN_POINT('Ctrl Pts',(1.56754436394468,8.8614223275423,-35.163978096667));
#9031=CARTESIAN_POINT('Ctrl Pts',(1.56760242759486,8.86175056484006,-35.163978096667));
#9032=CARTESIAN_POINT('Ctrl Pts',(1.56766049124504,8.86207880213782,-35.163978096667));
#9033=CARTESIAN_POINT('Ctrl Pts',(1.56771855489522,8.86240703943557,-35.163978096667));
#9034=CARTESIAN_POINT('',(1.74979265830043,8.82826288988711,-34.7243152063061));
#9035=CARTESIAN_POINT('Ctrl Pts',(1.74979265830043,8.82826288988711,-34.7243152063061));
#9036=CARTESIAN_POINT('Ctrl Pts',(1.74979265830043,8.82826288988711,-34.8066490809055));
#9037=CARTESIAN_POINT('Ctrl Pts',(1.73526140840096,8.83117696303769,-34.886512939267));
#9038=CARTESIAN_POINT('Ctrl Pts',(1.6770559043291,8.84241005453122,-35.0413006235139));
#9039=CARTESIAN_POINT('Ctrl Pts',(1.63095716841415,8.8512204230504,-35.1079910619394));
#9040=CARTESIAN_POINT('Ctrl Pts',(1.56771855489522,8.86240703943557,-35.163978096667));
#9041=CARTESIAN_POINT('',(1.74979265830043,8.82826288988711,-34.7243152063061));
#9042=CARTESIAN_POINT('Ctrl Pts',(1.66230014314855,8.84413699770013,-34.2772422672313));
#9043=CARTESIAN_POINT('Ctrl Pts',(1.66236171666202,8.84446459472935,-34.2772422672313));
#9044=CARTESIAN_POINT('Ctrl Pts',(1.66242329017549,8.84479219175856,-34.2772422672313));
#9045=CARTESIAN_POINT('Ctrl Pts',(1.66248486368896,8.84511978878777,-34.2772422672313));
#9046=CARTESIAN_POINT('Ctrl Pts',(1.6898088656611,8.83896659459779,-34.3579294643388));
#9047=CARTESIAN_POINT('Ctrl Pts',(1.68987145811551,8.83929400002807,-34.3579294643388));
#9048=CARTESIAN_POINT('Ctrl Pts',(1.68993405061148,8.83962140570208,-34.3579294643388));
#9049=CARTESIAN_POINT('Ctrl Pts',(1.68999664306589,8.83994881113236,-34.3579294643388));
#9050=CARTESIAN_POINT('Ctrl Pts',(1.71122634495554,8.83481425491966,-34.4316182821052));
#9051=CARTESIAN_POINT('Ctrl Pts',(1.71128973075363,8.83514150663693,-34.4316182821052));
#9052=CARTESIAN_POINT('Ctrl Pts',(1.7113531165466,8.83546875831461,-34.4316182821052));
#9053=CARTESIAN_POINT('Ctrl Pts',(1.71141650234469,8.83579601003188,-34.4316182821052));
#9054=CARTESIAN_POINT('Ctrl Pts',(1.74192821800418,8.82881075708535,-34.5649991589563));
#9055=CARTESIAN_POINT('Ctrl Pts',(1.74199274104024,8.82913778644678,-34.5649991589563));
#9056=CARTESIAN_POINT('Ctrl Pts',(1.74205726405558,8.82946481570671,-34.5649991589563));
#9057=CARTESIAN_POINT('Ctrl Pts',(1.74212178709164,8.82979184506814,-34.5649991589563));
#9058=CARTESIAN_POINT('Ctrl Pts',(1.74959823689395,8.82728197178823,-34.6403346542147));
#9059=CARTESIAN_POINT('Ctrl Pts',(1.74966304400811,8.82760894437684,-34.6403346542147));
#9060=CARTESIAN_POINT('Ctrl Pts',(1.74972785118626,8.8279359172985,-34.6403346542147));
#9061=CARTESIAN_POINT('Ctrl Pts',(1.74979265830043,8.82826288988711,-34.6403346542147));
#9062=CARTESIAN_POINT('Ctrl Pts',(1.74959823689395,8.82728197178823,-34.7243152063061));
#9063=CARTESIAN_POINT('Ctrl Pts',(1.74966304402944,8.82760894448786,-34.7243152063061));
#9064=CARTESIAN_POINT('Ctrl Pts',(1.74972785116493,8.82793591718749,-34.7243152063061));
#9065=CARTESIAN_POINT('Ctrl Pts',(1.74979265830043,8.82826288988711,-34.7243152063061));
#9066=CARTESIAN_POINT('',(1.66248486368896,8.84511978878777,-34.2772422672313));
#9067=CARTESIAN_POINT('Ctrl Pts',(1.66248486368896,8.84511978878777,-34.2772422672313));
#9068=CARTESIAN_POINT('Ctrl Pts',(1.68999664306589,8.83994881113236,-34.3579294643388));
#9069=CARTESIAN_POINT('Ctrl Pts',(1.71141650234469,8.83579601003188,-34.4316182821052));
#9070=CARTESIAN_POINT('Ctrl Pts',(1.74212178709164,8.82979184506814,-34.5649991589563));
#9071=CARTESIAN_POINT('Ctrl Pts',(1.74979265830043,8.82826288988711,-34.6403346542147));
#9072=CARTESIAN_POINT('Ctrl Pts',(1.74979265830043,8.82826288988711,-34.7243152063061));
#9073=CARTESIAN_POINT('',(1.66248486368896,8.84511978878777,-34.2772422672313));
#9074=CARTESIAN_POINT('Ctrl Pts',(1.50183835792904,8.8727945173239,-33.9487301075797));
#9075=CARTESIAN_POINT('Ctrl Pts',(1.50189398775302,8.87312317586067,-33.9487301075797));
#9076=CARTESIAN_POINT('Ctrl Pts',(1.501949617577,8.87345183439745,-33.9487301075797));
#9077=CARTESIAN_POINT('Ctrl Pts',(1.50200524740098,8.87378049293422,-33.9487301075797));
#9078=CARTESIAN_POINT('Ctrl Pts',(1.5245660061866,8.86894756089184,-33.9800169799275));
#9079=CARTESIAN_POINT('Ctrl Pts',(1.52462247786459,8.86927607691464,-33.9800169799275));
#9080=CARTESIAN_POINT('Ctrl Pts',(1.52467894955541,8.86960459299227,-33.9800169799275));
#9081=CARTESIAN_POINT('Ctrl Pts',(1.5247354212334,8.86993310901507,-33.9800169799275));
#9082=CARTESIAN_POINT('Ctrl Pts',(1.55052599996295,8.86446508949611,-34.0248889415841));
#9083=CARTESIAN_POINT('Ctrl Pts',(1.5505834332351,8.86479343950809,-34.0248889415841));
#9084=CARTESIAN_POINT('Ctrl Pts',(1.55064086650188,8.86512178949963,-34.0248889415841));
#9085=CARTESIAN_POINT('Ctrl Pts',(1.55069829977403,8.86545013951161,-34.0248889415841));
#9086=CARTESIAN_POINT('Ctrl Pts',(1.60887955055718,8.85406052028242,-34.1418030435153));
#9087=CARTESIAN_POINT('Ctrl Pts',(1.60893914530982,8.85438848488995,-34.1418030435153));
#9088=CARTESIAN_POINT('Ctrl Pts',(1.60899874006398,8.8547164494987,-34.1418030435153));
#9089=CARTESIAN_POINT('Ctrl Pts',(1.60905833481661,8.85504441410622,-34.1418030435153));
#9090=CARTESIAN_POINT('Ctrl Pts',(1.6364095807838,8.84900325944351,-34.2064351350758));
#9091=CARTESIAN_POINT('Ctrl Pts',(1.63647019528004,8.84933103671679,-34.2064351350758));
#9092=CARTESIAN_POINT('Ctrl Pts',(1.63653080977915,8.84965881401371,-34.2064351350758));
#9093=CARTESIAN_POINT('Ctrl Pts',(1.63659142427539,8.84998659128699,-34.2064351350758));
#9094=CARTESIAN_POINT('Ctrl Pts',(1.66230014314855,8.84413699770013,-34.2772422672313));
#9095=CARTESIAN_POINT('Ctrl Pts',(1.66236171666202,8.84446459472935,-34.2772422672313));
#9096=CARTESIAN_POINT('Ctrl Pts',(1.66242329017549,8.84479219175856,-34.2772422672313));
#9097=CARTESIAN_POINT('Ctrl Pts',(1.66248486368896,8.84511978878777,-34.2772422672313));
#9098=CARTESIAN_POINT('',(1.50200524740098,8.87378049293422,-33.9487301075797));
#9099=CARTESIAN_POINT('Ctrl Pts',(1.50200524740098,8.87378049293422,-33.9487301075797));
#9100=CARTESIAN_POINT('Ctrl Pts',(1.5247354212334,8.86993310901507,-33.9800169799275));
#9101=CARTESIAN_POINT('Ctrl Pts',(1.55069829977403,8.86545013951161,-34.0248889415841));
#9102=CARTESIAN_POINT('Ctrl Pts',(1.60905833481661,8.85504441410622,-34.1418030435153));
#9103=CARTESIAN_POINT('Ctrl Pts',(1.63659142427539,8.84998659128699,-34.2064351350758));
#9104=CARTESIAN_POINT('Ctrl Pts',(1.66248486368896,8.84511978878777,-34.2772422672313));
#9105=CARTESIAN_POINT('',(1.50200524740098,8.87378049293422,-33.9487301075797));
#9106=CARTESIAN_POINT('Origin',(1.50200524740098,8.87378049293422,-33.9339100101518));
#9107=CARTESIAN_POINT('',(1.50200524740098,8.87378049293422,-33.9190899127239));
#9108=CARTESIAN_POINT('',(1.50200524740098,8.87378049293422,-2.5));
#9109=CARTESIAN_POINT('',(1.50200524740098,8.87378049293422,-33.9190899127239));
#9110=CARTESIAN_POINT('Origin',(1.71464708335388,8.83515621704257,-33.9190899127239));
#9111=CARTESIAN_POINT('',(1.926300173674,8.79143717721417,-33.9190899127239));
#9112=CARTESIAN_POINT('Origin',(0.,0.,-33.9190899127239));
#9113=CARTESIAN_POINT('',(1.926300173674,8.79143717721417,-33.9190899127239));
#9114=CARTESIAN_POINT('Ctrl Pts',(2.09459595240264,8.75183802387695,-34.7169051575922));
#9115=CARTESIAN_POINT('Ctrl Pts',(2.0946735386512,8.75216220204578,-34.7169051575922));
#9116=CARTESIAN_POINT('Ctrl Pts',(2.09475112489976,8.75248638021461,-34.7169051575922));
#9117=CARTESIAN_POINT('Ctrl Pts',(2.09482871114833,8.75281055838344,-34.7169051575922));
#9118=CARTESIAN_POINT('Ctrl Pts',(2.09459595240264,8.75183802387695,-34.5719975382972));
#9119=CARTESIAN_POINT('Ctrl Pts',(2.09467353855009,8.75216220160357,-34.5719975382972));
#9120=CARTESIAN_POINT('Ctrl Pts',(2.09475112500088,8.75248638065683,-34.5719975382972));
#9121=CARTESIAN_POINT('Ctrl Pts',(2.09482871114833,8.75281055838344,-34.5719975382972));
#9122=CARTESIAN_POINT('Ctrl Pts',(2.07899119611321,8.75560771037723,-34.4287365964942));
#9123=CARTESIAN_POINT('Ctrl Pts',(2.0790682043817,8.75593202833615,-34.4287365964942));
#9124=CARTESIAN_POINT('Ctrl Pts',(2.07914521253593,8.7562563458254,-34.4287365964942));
#9125=CARTESIAN_POINT('Ctrl Pts',(2.07922222080441,8.75658066378432,-34.4287365964942));
#9126=CARTESIAN_POINT('Ctrl Pts',(2.01646510643411,8.77022936993749,-34.1455080678723));
#9127=CARTESIAN_POINT('Ctrl Pts',(2.01653979862293,8.77055422934997,-34.1455080678723));
#9128=CARTESIAN_POINT('Ctrl Pts',(2.01661449082117,8.77087908874147,-34.1455080678723));
#9129=CARTESIAN_POINT('Ctrl Pts',(2.01668918301,8.77120394815395,-34.1455080678723));
#9130=CARTESIAN_POINT('Ctrl Pts',(1.97594465691285,8.77953580380095,-34.0228305947192));
#9131=CARTESIAN_POINT('Ctrl Pts',(1.9760178481389,8.77986100770104,-34.0228305947192));
#9132=CARTESIAN_POINT('Ctrl Pts',(1.97609103949022,8.78018621228043,-34.0228305947192));
#9133=CARTESIAN_POINT('Ctrl Pts',(1.97616423071626,8.78051141618052,-34.0228305947192));
#9134=CARTESIAN_POINT('Ctrl Pts',(1.92608614032137,8.79046035086115,-33.9190899127239));
#9135=CARTESIAN_POINT('Ctrl Pts',(1.92615748477225,8.79078595964549,-33.9190899127239));
#9136=CARTESIAN_POINT('Ctrl Pts',(1.92622882922312,8.79111156842983,-33.9190899127239));
#9137=CARTESIAN_POINT('Ctrl Pts',(1.926300173674,8.79143717721417,-33.9190899127239));
#9138=CARTESIAN_POINT('',(2.09482871114833,8.75281055838344,-34.7169051575922));
#9139=CARTESIAN_POINT('Ctrl Pts',(2.09482871114833,8.75281055838344,-34.7169051575922));
#9140=CARTESIAN_POINT('Ctrl Pts',(2.09482871114833,8.75281055838344,-34.5719975382972));
#9141=CARTESIAN_POINT('Ctrl Pts',(2.07922222080441,8.75658066378432,-34.4287365964942));
#9142=CARTESIAN_POINT('Ctrl Pts',(2.01668918301,8.77120394815395,-34.1455080678723));
#9143=CARTESIAN_POINT('Ctrl Pts',(1.97616423071626,8.78051141618052,-34.0228305947192));
#9144=CARTESIAN_POINT('Ctrl Pts',(1.926300173674,8.79143717721417,-33.9190899127239));
#9145=CARTESIAN_POINT('',(2.09482871114833,8.75281055838344,-34.7169051575922));
#9146=CARTESIAN_POINT('Ctrl Pts',(1.80286353945819,8.8165573813191,-35.4653200777008));
#9147=CARTESIAN_POINT('Ctrl Pts',(1.80293031960189,8.81688395676753,-35.4653200777008));
#9148=CARTESIAN_POINT('Ctrl Pts',(1.80299709974559,8.81721053221596,-35.4653200777008));
#9149=CARTESIAN_POINT('Ctrl Pts',(1.80306387988929,8.81753710766439,-35.4653200777008));
#9150=CARTESIAN_POINT('Ctrl Pts',(1.89319792717062,8.79808525360277,-35.3796928481174));
#9151=CARTESIAN_POINT('Ctrl Pts',(1.89326805328229,8.79841114398373,-35.3796928481174));
#9152=CARTESIAN_POINT('Ctrl Pts',(1.89333817975961,8.7987370368804,-35.3796928481174));
#9153=CARTESIAN_POINT('Ctrl Pts',(1.89340830587128,8.79906292726136,-35.3796928481174));
#9154=CARTESIAN_POINT('Ctrl Pts',(1.9643023445732,8.78216095600954,-35.2730704805112));
#9155=CARTESIAN_POINT('Ctrl Pts',(1.96437510459079,8.78248625748324,-35.2730704805112));
#9156=CARTESIAN_POINT('Ctrl Pts',(1.96444786462502,8.78281155863141,-35.2730704805112));
#9157=CARTESIAN_POINT('Ctrl Pts',(1.96452062464261,8.78313686010511,-35.2730704805112));
#9158=CARTESIAN_POINT('Ctrl Pts',(2.06859638748691,8.75816016729708,-35.0178354692531));
#9159=CARTESIAN_POINT('Ctrl Pts',(2.06867301078511,8.75848458005244,-35.0178354692531));
#9160=CARTESIAN_POINT('Ctrl Pts',(2.06874963377284,8.75880899158664,-35.0178354692531));
#9161=CARTESIAN_POINT('Ctrl Pts',(2.06882625707103,8.75913340434201,-35.0178354692531));
#9162=CARTESIAN_POINT('Ctrl Pts',(2.09459595240264,8.75183802387695,-34.8749861968231));
#9163=CARTESIAN_POINT('Ctrl Pts',(2.09467353837258,8.75216220077596,-34.8749861968231));
#9164=CARTESIAN_POINT('Ctrl Pts',(2.09475112517838,8.75248638148443,-34.8749861968231));
#9165=CARTESIAN_POINT('Ctrl Pts',(2.09482871114833,8.75281055838344,-34.8749861968231));
#9166=CARTESIAN_POINT('Ctrl Pts',(2.09459595240264,8.75183802387695,-34.7169051575922));
#9167=CARTESIAN_POINT('Ctrl Pts',(2.0946735386512,8.75216220204578,-34.7169051575922));
#9168=CARTESIAN_POINT('Ctrl Pts',(2.09475112489976,8.75248638021461,-34.7169051575922));
#9169=CARTESIAN_POINT('Ctrl Pts',(2.09482871114833,8.75281055838344,-34.7169051575922));
#9170=CARTESIAN_POINT('',(1.80306387988929,8.81753710766439,-35.4653200777008));
#9171=CARTESIAN_POINT('Ctrl Pts',(1.80306387988929,8.81753710766439,-35.4653200777008));
#9172=CARTESIAN_POINT('Ctrl Pts',(1.89340830587128,8.79906292726136,-35.3796928481174));
#9173=CARTESIAN_POINT('Ctrl Pts',(1.96452062464261,8.78313686010511,-35.2730704805112));
#9174=CARTESIAN_POINT('Ctrl Pts',(2.06882625707103,8.75913340434201,-35.0178354692531));
#9175=CARTESIAN_POINT('Ctrl Pts',(2.09482871114833,8.75281055838344,-34.8749861968231));
#9176=CARTESIAN_POINT('Ctrl Pts',(2.09482871114833,8.75281055838344,-34.7169051575922));
#9177=CARTESIAN_POINT('',(1.80306387988929,8.81753710766439,-35.4653200777008));
#9178=CARTESIAN_POINT('Ctrl Pts',(1.07903096316993,8.93407483629506,-35.7345518476409));
#9179=CARTESIAN_POINT('Ctrl Pts',(1.07907093172063,8.93440576472549,-35.7345518476409));
#9180=CARTESIAN_POINT('Ctrl Pts',(1.07911090027133,8.93473669315592,-35.7345518476409));
#9181=CARTESIAN_POINT('Ctrl Pts',(1.07915086882203,8.93506762158635,-35.7345518476409));
#9182=CARTESIAN_POINT('Ctrl Pts',(1.22451174706718,8.91650410029298,-35.7345518476409));
#9183=CARTESIAN_POINT('Ctrl Pts',(1.22455710448306,8.91683437759731,-35.7345518476409));
#9184=CARTESIAN_POINT('Ctrl Pts',(1.22460246163119,8.91716465575898,-35.7345518476409));
#9185=CARTESIAN_POINT('Ctrl Pts',(1.22464781904707,8.91749493306332,-35.7345518476409));
#9186=CARTESIAN_POINT('Ctrl Pts',(1.35893143804783,8.89668346195782,-35.7110866933801));
#9187=CARTESIAN_POINT('Ctrl Pts',(1.35898177440047,8.89701300539173,-35.7110866933801));
#9188=CARTESIAN_POINT('Ctrl Pts',(1.359032110856,8.89734254875638,-35.7110866933801));
#9189=CARTESIAN_POINT('Ctrl Pts',(1.35908244720864,8.89767209219029,-35.7110866933801));
#9190=CARTESIAN_POINT('Ctrl Pts',(1.60577780297955,8.85544880864692,-35.6172260763367));
#9191=CARTESIAN_POINT('Ctrl Pts',(1.60583728284438,8.85577682484643,-35.6172260763367));
#9192=CARTESIAN_POINT('Ctrl Pts',(1.60589676269723,8.85610484054259,-35.6172260763367));
#9193=CARTESIAN_POINT('Ctrl Pts',(1.60595624256206,8.85643285674211,-35.6172260763367));
#9194=CARTESIAN_POINT('Ctrl Pts',(1.71252915174577,8.83502950903542,-35.5509473072842));
#9195=CARTESIAN_POINT('Ctrl Pts',(1.71259258583427,8.835356768218,-35.5509473072842));
#9196=CARTESIAN_POINT('Ctrl Pts',(1.7126560198188,8.83568402888485,-35.5509473072842));
#9197=CARTESIAN_POINT('Ctrl Pts',(1.71271945390731,8.83601128806743,-35.5509473072842));
#9198=CARTESIAN_POINT('Ctrl Pts',(1.80286353945819,8.8165573813191,-35.4653200777008));
#9199=CARTESIAN_POINT('Ctrl Pts',(1.80293031960189,8.81688395676753,-35.4653200777008));
#9200=CARTESIAN_POINT('Ctrl Pts',(1.80299709974559,8.81721053221596,-35.4653200777008));
#9201=CARTESIAN_POINT('Ctrl Pts',(1.80306387988929,8.81753710766439,-35.4653200777008));
#9202=CARTESIAN_POINT('Ctrl Pts',(1.07915086882203,8.93506762158635,-35.7345518476409));
#9203=CARTESIAN_POINT('Ctrl Pts',(1.22464781904707,8.91749493306332,-35.7345518476409));
#9204=CARTESIAN_POINT('Ctrl Pts',(1.35908244720864,8.89767209219029,-35.7110866933801));
#9205=CARTESIAN_POINT('Ctrl Pts',(1.60595624256206,8.85643285674211,-35.6172260763367));
#9206=CARTESIAN_POINT('Ctrl Pts',(1.71271945390731,8.83601128806743,-35.5509473072842));
#9207=CARTESIAN_POINT('Ctrl Pts',(1.80306387988929,8.81753710766439,-35.4653200777008));
#9208=CARTESIAN_POINT('Origin',(0.,0.,-2.5));
#9209=CARTESIAN_POINT('',(-2.95803989154981,-8.5,-5.5));
#9210=CARTESIAN_POINT('',(-2.95803989154981,-8.5,-62.5));
#9211=CARTESIAN_POINT('',(-2.95803989154981,-8.5,-2.5));
#9212=CARTESIAN_POINT('',(2.95803989154981,-8.5,-5.5));
#9213=CARTESIAN_POINT('Origin',(0.,0.,-5.5));
#9214=CARTESIAN_POINT('',(2.95803989154981,-8.5,-62.5));
#9215=CARTESIAN_POINT('',(2.95803989154981,-8.5,-2.5));
#9216=CARTESIAN_POINT('',(9.,-1.10218211923262E-15,-62.5));
#9217=CARTESIAN_POINT('Origin',(0.,0.,-62.5));
#9218=CARTESIAN_POINT('',(9.,-1.10218211923262E-15,-2.5));
#9219=CARTESIAN_POINT('',(9.,-1.10218211923262E-15,-2.5));
#9220=CARTESIAN_POINT('Origin',(0.,0.,-2.5));
#9221=CARTESIAN_POINT('Origin',(0.,0.,-62.5));
#9222=CARTESIAN_POINT('Origin',(0.,0.,-2.5));
#9223=CARTESIAN_POINT('Origin',(0.,0.,-2.5));
#9224=CARTESIAN_POINT('Origin',(0.,0.,-2.5));
#9225=CARTESIAN_POINT('Origin',(0.,0.,-2.5));
#9226=CARTESIAN_POINT('',(1.5,-8.87411967464942,-37.4));
#9227=CARTESIAN_POINT('',(-1.5,-8.87411967464942,-37.4));
#9228=CARTESIAN_POINT('Ctrl Pts',(1.5,-8.87411967464942,-37.4));
#9229=CARTESIAN_POINT('Ctrl Pts',(1.5,-8.87411967464942,-37.6279190125125));
#9230=CARTESIAN_POINT('Ctrl Pts',(1.44364778792729,-8.88416283961777,-37.8732308462692));
#9231=CARTESIAN_POINT('Ctrl Pts',(1.33321821268288,-8.90070385966024,-38.0874075918774));
#9232=CARTESIAN_POINT('Ctrl Pts',(1.26735122322288,-8.91056994119123,-38.2151557735971));
#9233=CARTESIAN_POINT('Ctrl Pts',(1.18313501557425,-8.92239665459815,-38.3321408184919));
#9234=CARTESIAN_POINT('Ctrl Pts',(1.08911820291581,-8.93385815535916,-38.4314172482936));
#9235=CARTESIAN_POINT('Ctrl Pts',(0.996203957617059,-8.94518524317557,-38.529529429404));
#9236=CARTESIAN_POINT('Ctrl Pts',(0.888530349212811,-8.9568626421401,-38.6167614098655));
#9237=CARTESIAN_POINT('Ctrl Pts',(0.767012710106972,-8.96725663191003,-38.6890661358264));
#9238=CARTESIAN_POINT('Ctrl Pts',(0.590776553668652,-8.98233096038275,-38.7939291589186));
#9239=CARTESIAN_POINT('Ctrl Pts',(0.388595672200162,-8.99383422278449,-38.8627641245526));
#9240=CARTESIAN_POINT('Ctrl Pts',(0.188488070588631,-8.99802601948037,-38.888110294046));
#9241=CARTESIAN_POINT('Ctrl Pts',(0.0343150756138462,-9.00125559119941,
-38.9076382621516));
#9242=CARTESIAN_POINT('Ctrl Pts',(-0.115758740076875,-9.00058055303402,
-38.9037378353821));
#9243=CARTESIAN_POINT('Ctrl Pts',(-0.270124838570849,-8.99594534062914,
-38.8754770657611));
#9244=CARTESIAN_POINT('Ctrl Pts',(-0.487436112727384,-8.98942004833039,
-38.8356925281269));
#9245=CARTESIAN_POINT('Ctrl Pts',(-0.701724130748309,-8.97438292101552,
-38.7438151303081));
#9246=CARTESIAN_POINT('Ctrl Pts',(-0.879657264457439,-8.95690812150528,
-38.6149909864222));
#9247=CARTESIAN_POINT('Ctrl Pts',(-1.01564324491656,-8.94355294872104,-38.5165367123478));
#9248=CARTESIAN_POINT('Ctrl Pts',(-1.128696199435,-8.92948087397387,-38.4021724284276));
#9249=CARTESIAN_POINT('Ctrl Pts',(-1.22568094209826,-8.91614862079907,-38.2647000798989));
#9250=CARTESIAN_POINT('Ctrl Pts',(-1.36199749585304,-8.89740952064096,-38.071476318373));
#9251=CARTESIAN_POINT('Ctrl Pts',(-1.45415316000056,-8.88180662394253,-37.8369083059142));
#9252=CARTESIAN_POINT('Ctrl Pts',(-1.48611688813288,-8.87645518181702,-37.6036089261458));
#9253=CARTESIAN_POINT('Ctrl Pts',(-1.49551301970547,-8.87488205949205,-37.5350276999811));
#9254=CARTESIAN_POINT('Ctrl Pts',(-1.5,-8.87411967464942,-37.4667336132234));
#9255=CARTESIAN_POINT('Ctrl Pts',(-1.5,-8.87411967464942,-37.4));
#9256=CARTESIAN_POINT('Ctrl Pts',(-1.5,-8.87411967464942,-37.4));
#9257=CARTESIAN_POINT('Ctrl Pts',(-1.5,-8.87411967464942,-37.1720809874881));
#9258=CARTESIAN_POINT('Ctrl Pts',(-1.44364778792762,-8.88416283961771,-36.9267691537322));
#9259=CARTESIAN_POINT('Ctrl Pts',(-1.33321821268378,-8.9007038596601,-36.7125924081244));
#9260=CARTESIAN_POINT('Ctrl Pts',(-1.26735122322418,-8.91056994119105,-36.584844226405));
#9261=CARTESIAN_POINT('Ctrl Pts',(-1.18313501557604,-8.92239665459791,-36.4678591815104));
#9262=CARTESIAN_POINT('Ctrl Pts',(-1.08911820291808,-8.93385815535889,-36.3685827517089));
#9263=CARTESIAN_POINT('Ctrl Pts',(-0.996203957618935,-8.94518524317536,
-36.2704705705975));
#9264=CARTESIAN_POINT('Ctrl Pts',(-0.888530349214303,-8.95686264213996,
-36.1832385901355));
#9265=CARTESIAN_POINT('Ctrl Pts',(-0.767012710107798,-8.96725663190996,
-36.1109338641741));
#9266=CARTESIAN_POINT('Ctrl Pts',(-0.590776553670163,-8.98233096038263,
-36.0060708410821));
#9267=CARTESIAN_POINT('Ctrl Pts',(-0.388595672202514,-8.99383422278438,
-35.9372358754482));
#9268=CARTESIAN_POINT('Ctrl Pts',(-0.188488070591645,-8.99802601948031,
-35.9118897059544));
#9269=CARTESIAN_POINT('Ctrl Pts',(-0.0343150756161684,-9.00125559119941,
-35.8923617378484));
#9270=CARTESIAN_POINT('Ctrl Pts',(0.11575874007519,-9.00058055303405,-35.8962621646177));
#9271=CARTESIAN_POINT('Ctrl Pts',(0.270124838569839,-8.99594534062917,-35.9245229342387));
#9272=CARTESIAN_POINT('Ctrl Pts',(0.487436112726179,-8.98942004833045,-35.9643074718727));
#9273=CARTESIAN_POINT('Ctrl Pts',(0.701724130746969,-8.97438292101562,-36.0561848696912));
#9274=CARTESIAN_POINT('Ctrl Pts',(0.879657264456118,-8.95690812150541,-36.1850090135768));
#9275=CARTESIAN_POINT('Ctrl Pts',(1.01564324491585,-8.94355294872113,-36.2834632876515));
#9276=CARTESIAN_POINT('Ctrl Pts',(1.12869619943475,-8.92948087397391,-36.397827571572));
#9277=CARTESIAN_POINT('Ctrl Pts',(1.22568094209833,-8.91614862079906,-36.5352999201012));
#9278=CARTESIAN_POINT('Ctrl Pts',(1.36199749585358,-8.89740952064088,-36.7285236816278));
#9279=CARTESIAN_POINT('Ctrl Pts',(1.45415316000124,-8.88180662394241,-36.9630916940877));
#9280=CARTESIAN_POINT('Ctrl Pts',(1.48611688813324,-8.87645518181696,-37.1963910738569));
#9281=CARTESIAN_POINT('Ctrl Pts',(1.49551301970559,-8.87488205949203,-37.2649723000206));
#9282=CARTESIAN_POINT('Ctrl Pts',(1.5,-8.87411967464942,-37.3332663867775));
#9283=CARTESIAN_POINT('Ctrl Pts',(1.5,-8.87411967464942,-37.4));
#9284=CARTESIAN_POINT('Origin',(0.,0.,-2.5));
#9285=CARTESIAN_POINT('Origin',(0.,0.,-2.5));
#9286=CARTESIAN_POINT('',(3.5,-4.28626379701574E-16,-2.5));
#9287=CARTESIAN_POINT('Origin',(0.,0.,-2.5));
#9288=CARTESIAN_POINT('Origin',(0.,0.,-62.5));
#9289=CARTESIAN_POINT('',(-4.625,-8.5,-62.5));
#9290=CARTESIAN_POINT('Origin',(0.,0.,-2.5));
#9291=CARTESIAN_POINT('',(-2.75,6.73555739531044E-16,-2.5));
#9292=CARTESIAN_POINT('Origin',(0.,0.,-2.5));
#9293=CARTESIAN_POINT('Origin',(-9.25,-8.5,-75.));
#9294=CARTESIAN_POINT('',(-1.75,-8.5,-75.));
#9295=CARTESIAN_POINT('',(-9.25,-8.5,-75.));
#9296=CARTESIAN_POINT('',(-1.75,-8.5,-75.));
#9297=CARTESIAN_POINT('',(-9.25,-8.5,-73.5));
#9298=CARTESIAN_POINT('',(-9.25,-8.5,-75.));
#9299=CARTESIAN_POINT('',(-9.05,-8.5,-73.5));
#9300=CARTESIAN_POINT('',(-1.75,-8.5,-73.5));
#9301=CARTESIAN_POINT('',(-9.05,-8.5,-1.5));
#9302=CARTESIAN_POINT('',(-9.05,-8.5,-10.5));
#9303=CARTESIAN_POINT('',(-9.25,-8.5,-1.5));
#9304=CARTESIAN_POINT('',(-1.75,-8.5,-1.5));
#9305=CARTESIAN_POINT('',(-9.25,-8.5,0.));
#9306=CARTESIAN_POINT('',(-9.25,-8.5,0.));
#9307=CARTESIAN_POINT('',(-1.75,-8.5,0.));
#9308=CARTESIAN_POINT('',(-1.75,-8.5,0.));
#9309=CARTESIAN_POINT('',(-1.75,-8.5,-1.5));
#9310=CARTESIAN_POINT('',(-1.75,-8.5,0.));
#9311=CARTESIAN_POINT('',(9.05,-8.5,-1.5));
#9312=CARTESIAN_POINT('',(-4.525,-8.5,-1.5));
#9313=CARTESIAN_POINT('',(9.05,-8.5,-73.5));
#9314=CARTESIAN_POINT('',(9.05,-8.5,-10.5));
#9315=CARTESIAN_POINT('',(-1.75,-8.5,-73.5));
#9316=CARTESIAN_POINT('',(-4.525,-8.5,-73.5));
#9317=CARTESIAN_POINT('',(-1.75,-8.5,-75.));
#9318=CARTESIAN_POINT('',(4.25,-8.5,-5.5));
#9319=CARTESIAN_POINT('',(-2.5,-8.5,-5.5));
#9320=CARTESIAN_POINT('',(4.25,-8.5,-2.));
#9321=CARTESIAN_POINT('',(4.25,-8.5,-0.999999999999995));
#9322=CARTESIAN_POINT('',(-4.25,-8.5,-2.));
#9323=CARTESIAN_POINT('',(-6.75,-8.5,-2.));
#9324=CARTESIAN_POINT('',(-4.25,-8.5,-5.5));
#9325=CARTESIAN_POINT('',(-4.25,-8.5,-2.75));
#9326=CARTESIAN_POINT('',(-2.5,-8.5,-5.5));
#9327=CARTESIAN_POINT('',(-4.25,-8.5,-73.));
#9328=CARTESIAN_POINT('',(4.25,-8.5,-73.));
#9329=CARTESIAN_POINT('',(-6.75,-8.5,-73.));
#9330=CARTESIAN_POINT('',(4.25,-8.5,-69.5));
#9331=CARTESIAN_POINT('',(4.25,-8.5,-74.));
#9332=CARTESIAN_POINT('',(-4.25,-8.5,-69.5));
#9333=CARTESIAN_POINT('',(-2.5,-8.5,-69.5));
#9334=CARTESIAN_POINT('',(-4.25,-8.5,-72.25));
#9335=CARTESIAN_POINT('Origin',(0.,0.,-73.));
#9336=CARTESIAN_POINT('',(2.,-5.32907051820075E-16,-73.));
#9337=CARTESIAN_POINT('',(-2.,-2.44929359829471E-16,-73.));
#9338=CARTESIAN_POINT('Origin',(0.,0.,-73.));
#9339=CARTESIAN_POINT('',(2.5,-5.38104152014172E-17,-73.5));
#9340=CARTESIAN_POINT('Origin',(2.5,-3.06161699786838E-16,-73.));
#9341=CARTESIAN_POINT('Origin',(0.,0.,-73.5));
#9342=CARTESIAN_POINT('Origin',(0.,0.,-73.));
#9343=CARTESIAN_POINT('Origin',(0.,0.,-73.5));
#9344=CARTESIAN_POINT('',(9.05,0.5,-73.5));
#9345=CARTESIAN_POINT('',(9.05,-2.375,-73.5));
#9346=CARTESIAN_POINT('',(10.25,0.5,-73.5));
#9347=CARTESIAN_POINT('',(5.125,0.5,-73.5));
#9348=CARTESIAN_POINT('',(10.25,6.,-73.5));
#9349=CARTESIAN_POINT('',(10.25,-10.,-73.5));
#9350=CARTESIAN_POINT('',(6.25,10.,-73.5));
#9351=CARTESIAN_POINT('Origin',(6.25,6.,-73.5));
#9352=CARTESIAN_POINT('',(-6.25,10.,-73.5));
#9353=CARTESIAN_POINT('',(6.25,10.,-73.5));
#9354=CARTESIAN_POINT('',(-10.25,6.,-73.5));
#9355=CARTESIAN_POINT('Origin',(-6.25,6.,-73.5));
#9356=CARTESIAN_POINT('',(-10.25,0.5,-73.5));
#9357=CARTESIAN_POINT('',(-10.25,6.,-73.5));
#9358=CARTESIAN_POINT('',(-9.05,0.5,-73.5));
#9359=CARTESIAN_POINT('',(-5.125,0.5,-73.5));
#9360=CARTESIAN_POINT('',(-9.05,-4.5,-73.5));
#9361=CARTESIAN_POINT('',(-9.05,-2.375,-73.5));
#9362=CARTESIAN_POINT('',(-1.75,-4.5,-73.5));
#9363=CARTESIAN_POINT('',(-9.25,-4.5,-73.5));
#9364=CARTESIAN_POINT('',(-1.75,-4.5,-73.5));
#9365=CARTESIAN_POINT('Origin',(0.,0.,-73.));
#9366=CARTESIAN_POINT('',(1.5,-1.83697019872103E-16,-72.5));
#9367=CARTESIAN_POINT('',(-1.5,-1.83697019872103E-16,-72.5));
#9368=CARTESIAN_POINT('Origin',(0.,0.,-72.5));
#9369=CARTESIAN_POINT('Origin',(-1.5,-1.83697019872103E-16,-73.));
#9370=CARTESIAN_POINT('Origin',(0.,0.,-72.5));
#9371=CARTESIAN_POINT('Origin',(0.,-10.,-37.4));
#9372=CARTESIAN_POINT('',(-1.5,-10.,-37.4));
#9373=CARTESIAN_POINT('Origin',(0.,-10.,-37.4));
#9374=CARTESIAN_POINT('',(-1.5,-10.,-37.4));
#9375=CARTESIAN_POINT('Origin',(0.,0.,-2.25));
#9376=CARTESIAN_POINT('',(-2.25,-5.51091059616309E-16,-2.));
#9377=CARTESIAN_POINT('Origin',(0.,0.,-2.));
#9378=CARTESIAN_POINT('',(-2.5,0.,-2.25));
#9379=CARTESIAN_POINT('Origin',(-2.25,-2.75545529808154E-16,-2.25));
#9380=CARTESIAN_POINT('Origin',(0.,0.,-2.25));
#9381=CARTESIAN_POINT('Origin',(0.,0.,-2.));
#9382=CARTESIAN_POINT('',(1.5,-1.83697019872103E-16,-2.));
#9383=CARTESIAN_POINT('Origin',(0.,0.,-2.));
#9384=CARTESIAN_POINT('Origin',(0.,0.,-2.25));
#9385=CARTESIAN_POINT('Origin',(-2.75,-3.36777869765522E-16,-2.25));
#9386=CARTESIAN_POINT('Origin',(0.,0.,-2.));
#9387=CARTESIAN_POINT('',(-4.,0.,-2.));
#9388=CARTESIAN_POINT('',(4.,-4.89858719658941E-16,-2.));
#9389=CARTESIAN_POINT('Origin',(0.,0.,-2.));
#9390=CARTESIAN_POINT('',(-4.5,1.10218211923262E-15,-1.5));
#9391=CARTESIAN_POINT('Origin',(-4.5,-5.51091059616309E-16,-2.));
#9392=CARTESIAN_POINT('Origin',(0.,0.,-1.5));
#9393=CARTESIAN_POINT('Origin',(0.,0.,-2.));
#9394=CARTESIAN_POINT('Origin',(0.,0.,-1.5));
#9395=CARTESIAN_POINT('',(-1.75,-4.5,-1.5));
#9396=CARTESIAN_POINT('',(-1.75,-4.5,-1.5));
#9397=CARTESIAN_POINT('',(-9.05,-4.5,-1.5));
#9398=CARTESIAN_POINT('',(-9.25,-4.5,-1.5));
#9399=CARTESIAN_POINT('',(-9.05,0.5,-1.5));
#9400=CARTESIAN_POINT('',(-9.05,-2.375,-1.5));
#9401=CARTESIAN_POINT('',(-10.25,0.5,-1.5));
#9402=CARTESIAN_POINT('',(-5.125,0.5,-1.5));
#9403=CARTESIAN_POINT('',(-10.25,6.,-1.5));
#9404=CARTESIAN_POINT('',(-10.25,6.,-1.5));
#9405=CARTESIAN_POINT('',(-6.25,10.,-1.5));
#9406=CARTESIAN_POINT('Origin',(-6.25,6.,-1.5));
#9407=CARTESIAN_POINT('',(6.25,10.,-1.5));
#9408=CARTESIAN_POINT('',(6.25,10.,-1.5));
#9409=CARTESIAN_POINT('',(10.25,6.,-1.5));
#9410=CARTESIAN_POINT('Origin',(6.25,6.,-1.5));
#9411=CARTESIAN_POINT('',(10.25,0.5,-1.5));
#9412=CARTESIAN_POINT('',(10.25,-10.,-1.5));
#9413=CARTESIAN_POINT('',(9.05,0.5,-1.5));
#9414=CARTESIAN_POINT('',(5.125,0.5,-1.5));
#9415=CARTESIAN_POINT('',(9.05,-2.375,-1.5));
#9416=CARTESIAN_POINT('Origin',(0.,0.,-2.));
#9417=CARTESIAN_POINT('Origin',(3.5,-4.28626379701574E-16,-2.));
#9418=CARTESIAN_POINT('Origin',(-4.25,-10.,-73.));
#9419=CARTESIAN_POINT('',(-4.25,-10.,-73.));
#9420=CARTESIAN_POINT('',(-4.25,-10.,-73.));
#9421=CARTESIAN_POINT('',(4.25,-10.,-73.));
#9422=CARTESIAN_POINT('',(2.99999999999999,-10.,-73.));
#9423=CARTESIAN_POINT('',(4.25,-10.,-73.));
#9424=CARTESIAN_POINT('Origin',(-4.25,-10.,-69.5));
#9425=CARTESIAN_POINT('',(-4.25,-10.,-69.5));
#9426=CARTESIAN_POINT('',(-4.25,-10.,-69.5));
#9427=CARTESIAN_POINT('',(-4.24999999999998,-10.,-34.75));
#9428=CARTESIAN_POINT('Origin',(4.25,-10.,-69.5));
#9429=CARTESIAN_POINT('',(4.25,-10.,-69.5));
#9430=CARTESIAN_POINT('',(4.25,-10.,-69.5));
#9431=CARTESIAN_POINT('',(7.24999999999999,-10.,-69.5));
#9432=CARTESIAN_POINT('Origin',(4.25,-10.,-73.));
#9433=CARTESIAN_POINT('',(4.25000000000002,-10.,-36.5));
#9434=CARTESIAN_POINT('Origin',(-1.,-1.5,-74.8));
#9435=CARTESIAN_POINT('',(-1.,-1.5,-74.8));
#9436=CARTESIAN_POINT('',(-1.,-3.,-74.8));
#9437=CARTESIAN_POINT('',(-1.,-0.75,-74.8));
#9438=CARTESIAN_POINT('',(-1.,-1.5,-75.));
#9439=CARTESIAN_POINT('',(-1.,-1.5,-74.8));
#9440=CARTESIAN_POINT('',(-1.,-3.,-75.));
#9441=CARTESIAN_POINT('',(-1.,-1.5,-75.));
#9442=CARTESIAN_POINT('',(-1.,-3.,-74.8));
#9443=CARTESIAN_POINT('Origin',(1.,-1.5,-74.8));
#9444=CARTESIAN_POINT('',(1.,-1.5,-74.8));
#9445=CARTESIAN_POINT('',(4.16333634234434E-16,-1.5,-74.8));
#9446=CARTESIAN_POINT('',(0.500000000000001,-1.5,-74.8));
#9447=CARTESIAN_POINT('',(1.,-1.5,-75.));
#9448=CARTESIAN_POINT('',(1.,-1.5,-74.8));
#9449=CARTESIAN_POINT('',(1.,-1.5,-75.));
#9450=CARTESIAN_POINT('',(0.500000000000001,-1.5,-74.8));
#9451=CARTESIAN_POINT('Origin',(1.,-3.,-74.8));
#9452=CARTESIAN_POINT('',(1.,-3.,-74.8));
#9453=CARTESIAN_POINT('',(1.,-1.5,-74.8));
#9454=CARTESIAN_POINT('',(1.,-3.,-75.));
#9455=CARTESIAN_POINT('',(1.,-3.,-74.8));
#9456=CARTESIAN_POINT('',(1.,-3.,-75.));
#9457=CARTESIAN_POINT('Origin',(-1.,-3.,-74.8));
#9458=CARTESIAN_POINT('',(-0.5,-3.,-74.8));
#9459=CARTESIAN_POINT('',(-1.,-3.,-75.));
#9460=CARTESIAN_POINT('Origin',(-2.77555756156289E-16,-2.25,-75.));
#9461=CARTESIAN_POINT('Origin',(-1.5,1.,-74.8));
#9462=CARTESIAN_POINT('',(-1.5,1.,-74.8));
#9463=CARTESIAN_POINT('',(-3.,1.,-74.8));
#9464=CARTESIAN_POINT('',(-0.75,1.,-74.8));
#9465=CARTESIAN_POINT('',(-1.5,1.,-75.));
#9466=CARTESIAN_POINT('',(-1.5,1.,-74.8));
#9467=CARTESIAN_POINT('',(-3.,1.,-75.));
#9468=CARTESIAN_POINT('',(-1.5,1.,-75.));
#9469=CARTESIAN_POINT('',(-3.,1.,-74.8));
#9470=CARTESIAN_POINT('Origin',(-1.5,-1.,-74.8));
#9471=CARTESIAN_POINT('',(-1.5,-1.,-74.8));
#9472=CARTESIAN_POINT('',(-1.5,-4.16333634234434E-16,-74.8));
#9473=CARTESIAN_POINT('',(-1.5,-0.500000000000001,-74.8));
#9474=CARTESIAN_POINT('',(-1.5,-1.,-75.));
#9475=CARTESIAN_POINT('',(-1.5,-1.,-74.8));
#9476=CARTESIAN_POINT('',(-1.5,-1.,-75.));
#9477=CARTESIAN_POINT('',(-1.5,-0.500000000000001,-74.8));
#9478=CARTESIAN_POINT('Origin',(-3.,-1.,-74.8));
#9479=CARTESIAN_POINT('',(-3.,-1.,-74.8));
#9480=CARTESIAN_POINT('',(-1.5,-1.,-74.8));
#9481=CARTESIAN_POINT('',(-3.,-1.,-75.));
#9482=CARTESIAN_POINT('',(-3.,-1.,-74.8));
#9483=CARTESIAN_POINT('',(-3.,-1.,-75.));
#9484=CARTESIAN_POINT('Origin',(-3.,1.,-74.8));
#9485=CARTESIAN_POINT('',(-3.,0.5,-74.8));
#9486=CARTESIAN_POINT('',(-3.,1.,-75.));
#9487=CARTESIAN_POINT('Origin',(-2.25,1.38777878078145E-16,-75.));
#9488=CARTESIAN_POINT('Origin',(1.5,-1.,-74.8));
#9489=CARTESIAN_POINT('',(1.5,-1.,-74.8));
#9490=CARTESIAN_POINT('',(3.,-1.,-74.8));
#9491=CARTESIAN_POINT('',(0.75,-1.,-74.8));
#9492=CARTESIAN_POINT('',(1.5,-1.,-75.));
#9493=CARTESIAN_POINT('',(1.5,-1.,-74.8));
#9494=CARTESIAN_POINT('',(3.,-1.,-75.));
#9495=CARTESIAN_POINT('',(1.5,-1.,-75.));
#9496=CARTESIAN_POINT('',(3.,-1.,-74.8));
#9497=CARTESIAN_POINT('Origin',(1.5,1.,-74.8));
#9498=CARTESIAN_POINT('',(1.5,1.,-74.8));
#9499=CARTESIAN_POINT('',(1.5,1.83697019872103E-16,-74.8));
#9500=CARTESIAN_POINT('',(1.5,0.5,-74.8));
#9501=CARTESIAN_POINT('',(1.5,1.,-75.));
#9502=CARTESIAN_POINT('',(1.5,1.,-74.8));
#9503=CARTESIAN_POINT('',(1.5,1.,-75.));
#9504=CARTESIAN_POINT('',(1.5,0.5,-74.8));
#9505=CARTESIAN_POINT('Origin',(3.,1.,-74.8));
#9506=CARTESIAN_POINT('',(3.,1.,-74.8));
#9507=CARTESIAN_POINT('',(1.5,1.,-74.8));
#9508=CARTESIAN_POINT('',(3.,1.,-75.));
#9509=CARTESIAN_POINT('',(3.,1.,-74.8));
#9510=CARTESIAN_POINT('',(3.,1.,-75.));
#9511=CARTESIAN_POINT('Origin',(3.,-1.,-74.8));
#9512=CARTESIAN_POINT('',(3.,-0.5,-74.8));
#9513=CARTESIAN_POINT('',(3.,-1.,-75.));
#9514=CARTESIAN_POINT('Origin',(2.25,-4.16333634234434E-16,-75.));
#9515=CARTESIAN_POINT('Origin',(1.,1.5,-74.8));
#9516=CARTESIAN_POINT('',(1.,1.5,-74.8));
#9517=CARTESIAN_POINT('',(1.,3.,-74.8));
#9518=CARTESIAN_POINT('',(1.,0.75,-74.8));
#9519=CARTESIAN_POINT('',(1.,1.5,-75.));
#9520=CARTESIAN_POINT('',(1.,1.5,-74.8));
#9521=CARTESIAN_POINT('',(1.,3.,-75.));
#9522=CARTESIAN_POINT('',(1.,1.5,-75.));
#9523=CARTESIAN_POINT('',(1.,3.,-74.8));
#9524=CARTESIAN_POINT('Origin',(-1.,1.5,-74.8));
#9525=CARTESIAN_POINT('',(-1.,1.5,-74.8));
#9526=CARTESIAN_POINT('',(-4.16333634234434E-16,1.5,-74.8));
#9527=CARTESIAN_POINT('',(-0.500000000000001,1.5,-74.8));
#9528=CARTESIAN_POINT('',(-1.,1.5,-75.));
#9529=CARTESIAN_POINT('',(-1.,1.5,-74.8));
#9530=CARTESIAN_POINT('',(-1.,1.5,-75.));
#9531=CARTESIAN_POINT('',(-0.500000000000001,1.5,-74.8));
#9532=CARTESIAN_POINT('Origin',(-1.,3.,-74.8));
#9533=CARTESIAN_POINT('',(-1.,3.,-74.8));
#9534=CARTESIAN_POINT('',(-1.,1.5,-74.8));
#9535=CARTESIAN_POINT('',(-1.,3.,-75.));
#9536=CARTESIAN_POINT('',(-1.,3.,-74.8));
#9537=CARTESIAN_POINT('',(-1.,3.,-75.));
#9538=CARTESIAN_POINT('Origin',(1.,3.,-74.8));
#9539=CARTESIAN_POINT('',(0.5,3.,-74.8));
#9540=CARTESIAN_POINT('',(1.,3.,-75.));
#9541=CARTESIAN_POINT('Origin',(0.,2.25,-75.));
#9542=CARTESIAN_POINT('Origin',(0.,0.,-74.8));
#9543=CARTESIAN_POINT('',(-4.,4.89858719658941E-16,-74.8));
#9544=CARTESIAN_POINT('Origin',(0.,0.,-74.8));
#9545=CARTESIAN_POINT('Origin',(0.,0.,-74.8));
#9546=CARTESIAN_POINT('Origin',(0.,0.,-74.8));
#9547=CARTESIAN_POINT('Origin',(0.,0.,-74.8));
#9548=CARTESIAN_POINT('Origin',(0.,0.,-74.8));
#9549=CARTESIAN_POINT('Origin',(0.,0.,-75.));
#9550=CARTESIAN_POINT('',(-4.,4.89858719658941E-16,-75.));
#9551=CARTESIAN_POINT('Origin',(0.,0.,-75.));
#9552=CARTESIAN_POINT('',(-4.,4.89858719658941E-16,-75.));
#9553=CARTESIAN_POINT('Origin',(9.05,-4.75,-19.5));
#9554=CARTESIAN_POINT('',(9.05,0.5,-2.5));
#9555=CARTESIAN_POINT('',(9.05,0.5,-37.5));
#9556=CARTESIAN_POINT('',(9.05,3.5,-5.5));
#9557=CARTESIAN_POINT('Origin',(9.05,3.5,-2.5));
#9558=CARTESIAN_POINT('',(9.05,5.5,-5.5));
#9559=CARTESIAN_POINT('',(9.05,0.5,-5.5));
#9560=CARTESIAN_POINT('',(9.05,5.5,-28.5));
#9561=CARTESIAN_POINT('',(9.05,5.5,-5.5));
#9562=CARTESIAN_POINT('',(9.05,3.5,-28.5));
#9563=CARTESIAN_POINT('',(9.05,0.5,-28.5));
#9564=CARTESIAN_POINT('',(9.05,0.5,-31.5));
#9565=CARTESIAN_POINT('Origin',(9.05,3.5,-31.5));
#9566=CARTESIAN_POINT('',(9.05,0.5,-43.5));
#9567=CARTESIAN_POINT('',(9.05,0.5,-37.5));
#9568=CARTESIAN_POINT('',(9.05,3.5,-46.5));
#9569=CARTESIAN_POINT('Origin',(9.05,3.5,-43.5));
#9570=CARTESIAN_POINT('',(9.05,5.5,-46.5));
#9571=CARTESIAN_POINT('',(9.05,0.5,-46.5));
#9572=CARTESIAN_POINT('',(9.05,5.5,-69.5));
#9573=CARTESIAN_POINT('',(9.05,5.5,-69.5));
#9574=CARTESIAN_POINT('',(9.05,3.5,-69.5));
#9575=CARTESIAN_POINT('',(9.05,0.5,-69.5));
#9576=CARTESIAN_POINT('',(9.05,0.5,-72.5));
#9577=CARTESIAN_POINT('Origin',(9.05,3.5,-72.5));
#9578=CARTESIAN_POINT('',(9.05,0.5,-37.5));
#9579=CARTESIAN_POINT('Origin',(-9.75,3.5,-72.5));
#9580=CARTESIAN_POINT('',(-10.25,0.5,-72.5));
#9581=CARTESIAN_POINT('',(-10.25,3.5,-69.5));
#9582=CARTESIAN_POINT('Origin',(-10.25,3.5,-72.5));
#9583=CARTESIAN_POINT('',(-9.05,3.5,-69.5));
#9584=CARTESIAN_POINT('',(-9.75,3.5,-69.5));
#9585=CARTESIAN_POINT('',(-9.05,0.5,-72.5));
#9586=CARTESIAN_POINT('Origin',(-9.05,3.5,-72.5));
#9587=CARTESIAN_POINT('',(-9.75,0.5,-72.5));
#9588=CARTESIAN_POINT('Origin',(-9.25,4.,-69.5));
#9589=CARTESIAN_POINT('',(-10.25,5.5,-69.5));
#9590=CARTESIAN_POINT('',(-10.25,5.5,-69.5));
#9591=CARTESIAN_POINT('',(-8.25,7.5,-69.5));
#9592=CARTESIAN_POINT('Origin',(-8.25,5.5,-69.5));
#9593=CARTESIAN_POINT('',(-9.05,5.5,-69.5));
#9594=CARTESIAN_POINT('',(-9.05,5.5,-69.5));
#9595=CARTESIAN_POINT('',(-9.05,0.5,-69.5));
#9596=CARTESIAN_POINT('Origin',(-8.25,5.5,-69.5));
#9597=CARTESIAN_POINT('',(-10.25,5.5,-46.5));
#9598=CARTESIAN_POINT('',(-10.25,5.5,-69.5));
#9599=CARTESIAN_POINT('',(-8.25,7.5,-46.5));
#9600=CARTESIAN_POINT('Origin',(-8.25,5.5,-46.5));
#9601=CARTESIAN_POINT('',(-8.25,7.5,-69.5));
#9602=CARTESIAN_POINT('Origin',(-9.05,5.5,-69.5));
#9603=CARTESIAN_POINT('',(-9.05,5.5,-46.5));
#9604=CARTESIAN_POINT('',(-9.05,5.5,-46.5));
#9605=CARTESIAN_POINT('',(-9.05,5.5,-69.5));
#9606=CARTESIAN_POINT('Origin',(-9.25,4.,-46.5));
#9607=CARTESIAN_POINT('',(-9.05,0.5,-46.5));
#9608=CARTESIAN_POINT('',(-9.05,0.5,-46.5));
#9609=CARTESIAN_POINT('',(-10.25,0.5,-46.5));
#9610=CARTESIAN_POINT('',(-10.25,5.5,-46.5));
#9611=CARTESIAN_POINT('',(-9.75,0.5,-46.5));
#9612=CARTESIAN_POINT('Origin',(-10.25,0.5,-73.5));
#9613=CARTESIAN_POINT('',(-9.05,0.5,-37.5));
#9614=CARTESIAN_POINT('',(-10.25,0.5,-37.5));
#9615=CARTESIAN_POINT('Origin',(-10.25,-10.,-73.5));
#9616=CARTESIAN_POINT('',(-9.25,-4.5,-73.5));
#9617=CARTESIAN_POINT('',(-9.25,-4.5,-73.5));
#9618=CARTESIAN_POINT('',(-9.05,6.,-73.5));
#9619=CARTESIAN_POINT('',(-9.25,-8.5,-73.5));
#9620=CARTESIAN_POINT('Origin',(9.75,3.5,-43.5));
#9621=CARTESIAN_POINT('',(10.25,0.5,-43.5));
#9622=CARTESIAN_POINT('',(9.75,0.5,-43.5));
#9623=CARTESIAN_POINT('',(10.25,3.5,-46.5));
#9624=CARTESIAN_POINT('Origin',(10.25,3.5,-43.5));
#9625=CARTESIAN_POINT('',(9.75,3.5,-46.5));
#9626=CARTESIAN_POINT('Origin',(9.25,4.,-46.5));
#9627=CARTESIAN_POINT('',(10.25,5.5,-46.5));
#9628=CARTESIAN_POINT('',(10.25,5.5,-46.5));
#9629=CARTESIAN_POINT('',(8.25,7.5,-46.5));
#9630=CARTESIAN_POINT('Origin',(8.25,5.5,-46.5));
#9631=CARTESIAN_POINT('',(9.05,5.5,-46.5));
#9632=CARTESIAN_POINT('Origin',(9.75,3.5,-72.5));
#9633=CARTESIAN_POINT('',(10.25,0.5,-72.5));
#9634=CARTESIAN_POINT('',(10.25,3.5,-69.5));
#9635=CARTESIAN_POINT('Origin',(10.25,3.5,-72.5));
#9636=CARTESIAN_POINT('',(9.75,0.5,-72.5));
#9637=CARTESIAN_POINT('',(9.75,3.5,-69.5));
#9638=CARTESIAN_POINT('Origin',(9.25,4.,-69.5));
#9639=CARTESIAN_POINT('',(8.25,7.5,-69.5));
#9640=CARTESIAN_POINT('',(9.05,5.5,-69.5));
#9641=CARTESIAN_POINT('',(10.25,5.5,-69.5));
#9642=CARTESIAN_POINT('Origin',(8.25,5.5,-69.5));
#9643=CARTESIAN_POINT('',(10.25,5.5,-69.5));
#9644=CARTESIAN_POINT('Origin',(8.25,5.5,-69.5));
#9645=CARTESIAN_POINT('',(8.25,7.5,-69.5));
#9646=CARTESIAN_POINT('',(10.25,5.5,-69.5));
#9647=CARTESIAN_POINT('Origin',(9.05,5.5,-69.5));
#9648=CARTESIAN_POINT('Origin',(10.25,0.5,-73.5));
#9649=CARTESIAN_POINT('',(10.25,0.5,-37.5));
#9650=CARTESIAN_POINT('Origin',(9.75,-9.5,-74.5));
#9651=CARTESIAN_POINT('',(9.75,-9.5,-75.));
#9652=CARTESIAN_POINT('',(10.25,-9.5,-74.5));
#9653=CARTESIAN_POINT('Origin',(9.75,-9.5,-74.5));
#9654=CARTESIAN_POINT('',(9.75,-10.,-74.5));
#9655=CARTESIAN_POINT('Origin',(9.75,-9.5,-74.5));
#9656=CARTESIAN_POINT('Origin',(9.75,-9.5,-74.5));
#9657=CARTESIAN_POINT('Origin',(9.75,3.,-74.5));
#9658=CARTESIAN_POINT('',(10.25,6.,-74.5));
#9659=CARTESIAN_POINT('',(9.75,6.,-75.));
#9660=CARTESIAN_POINT('Origin',(9.75,6.,-74.5));
#9661=CARTESIAN_POINT('',(10.25,3.,-74.5));
#9662=CARTESIAN_POINT('',(9.75,3.,-75.));
#9663=CARTESIAN_POINT('Origin',(6.25,6.,-74.5));
#9664=CARTESIAN_POINT('',(6.25,10.,-74.5));
#9665=CARTESIAN_POINT('',(6.25,9.5,-75.));
#9666=CARTESIAN_POINT('Origin',(6.25,9.5,-74.5));
#9667=CARTESIAN_POINT('Origin',(6.25,6.,-74.5));
#9668=CARTESIAN_POINT('Origin',(6.25,6.,-75.));
#9669=CARTESIAN_POINT('Origin',(-3.125,9.5,-74.5));
#9670=CARTESIAN_POINT('',(-6.25,10.,-74.5));
#9671=CARTESIAN_POINT('',(-6.25,9.5,-75.));
#9672=CARTESIAN_POINT('Origin',(-6.25,9.5,-74.5));
#9673=CARTESIAN_POINT('',(-3.125,10.,-74.5));
#9674=CARTESIAN_POINT('',(-3.125,9.5,-75.));
#9675=CARTESIAN_POINT('Origin',(-6.25,6.,-74.5));
#9676=CARTESIAN_POINT('',(-10.25,6.,-74.5));
#9677=CARTESIAN_POINT('',(-9.75,6.,-75.));
#9678=CARTESIAN_POINT('Origin',(-9.75,6.,-74.5));
#9679=CARTESIAN_POINT('Origin',(-6.25,6.,-74.5));
#9680=CARTESIAN_POINT('Origin',(-6.25,6.,-75.));
#9681=CARTESIAN_POINT('Origin',(-9.75,-5.,-74.5));
#9682=CARTESIAN_POINT('',(-9.75,-9.5,-75.));
#9683=CARTESIAN_POINT('',(-9.75,-5.,-75.));
#9684=CARTESIAN_POINT('',(-10.25,-10.,-74.5));
#9685=CARTESIAN_POINT('Origin',(-9.75,-9.5,-74.5));
#9686=CARTESIAN_POINT('',(-10.25,-5.,-74.5));
#9687=CARTESIAN_POINT('Origin',(5.125,-9.5,-74.5));
#9688=CARTESIAN_POINT('',(5.125,-10.,-74.5));
#9689=CARTESIAN_POINT('',(5.125,-9.5,-75.));
#9690=CARTESIAN_POINT('Origin',(-6.25,10.,-75.));
#9691=CARTESIAN_POINT('',(-6.25,10.,-75.));
#9692=CARTESIAN_POINT('',(6.25,10.,-75.));
#9693=CARTESIAN_POINT('Origin',(6.25,6.,-75.));
#9694=CARTESIAN_POINT('',(10.25,6.,-75.));
#9695=CARTESIAN_POINT('Origin',(0.,0.,-75.));
#9696=CARTESIAN_POINT('',(-9.25,-4.5,-75.));
#9697=CARTESIAN_POINT('',(-1.75,-4.5,-75.));
#9698=CARTESIAN_POINT('',(-9.25,-4.5,-75.));
#9699=CARTESIAN_POINT('',(-9.25,-8.5,-75.));
#9700=CARTESIAN_POINT('',(-1.75,-4.5,-75.));
#9701=CARTESIAN_POINT('Origin',(0.,0.,-75.));
#9702=CARTESIAN_POINT('',(1.5,-1.83697019872103E-16,-75.));
#9703=CARTESIAN_POINT('Origin',(-1.75,-8.5,-75.));
#9704=CARTESIAN_POINT('',(-1.75,-4.5,-75.));
#9705=CARTESIAN_POINT('Origin',(-9.25,-4.5,-75.));
#9706=CARTESIAN_POINT('',(-9.25,-4.5,-75.));
#9707=CARTESIAN_POINT('Origin',(-1.75,-4.5,-75.));
#9708=CARTESIAN_POINT('Origin',(-10.25,-10.,-75.));
#9709=CARTESIAN_POINT('',(-10.25,-10.,-0.5));
#9710=CARTESIAN_POINT('',(-10.25,-10.,-75.));
#9711=CARTESIAN_POINT('',(-10.25,6.,-0.5));
#9712=CARTESIAN_POINT('',(-10.25,-5.,-0.5));
#9713=CARTESIAN_POINT('',(-10.25,6.,0.));
#9714=CARTESIAN_POINT('',(-10.25,0.5,-2.5));
#9715=CARTESIAN_POINT('',(-10.25,0.5,-37.5));
#9716=CARTESIAN_POINT('',(-10.25,3.5,-5.5));
#9717=CARTESIAN_POINT('Origin',(-10.25,3.5,-2.5));
#9718=CARTESIAN_POINT('',(-10.25,5.5,-5.5));
#9719=CARTESIAN_POINT('',(-10.25,5.5,-5.5));
#9720=CARTESIAN_POINT('',(-10.25,5.5,-28.5));
#9721=CARTESIAN_POINT('',(-10.25,5.5,-5.5));
#9722=CARTESIAN_POINT('',(-10.25,3.5,-28.5));
#9723=CARTESIAN_POINT('',(-10.25,5.5,-28.5));
#9724=CARTESIAN_POINT('',(-10.25,0.5,-31.5));
#9725=CARTESIAN_POINT('Origin',(-10.25,3.5,-31.5));
#9726=CARTESIAN_POINT('',(-10.25,0.5,-37.5));
#9727=CARTESIAN_POINT('',(-10.25,6.,-75.));
#9728=CARTESIAN_POINT('Origin',(-6.25,6.,-75.));
#9729=CARTESIAN_POINT('Origin',(-4.25,-10.,-2.));
#9730=CARTESIAN_POINT('',(4.25,-10.,-2.));
#9731=CARTESIAN_POINT('',(4.25,-10.,-2.));
#9732=CARTESIAN_POINT('',(-4.25,-10.,-2.));
#9733=CARTESIAN_POINT('',(3.,-10.,-2.));
#9734=CARTESIAN_POINT('',(-4.25,-10.,-2.));
#9735=CARTESIAN_POINT('Origin',(-4.25,-10.,-5.5));
#9736=CARTESIAN_POINT('',(-4.25,-10.,-5.5));
#9737=CARTESIAN_POINT('',(-4.25,-10.,-2.75000000000001));
#9738=CARTESIAN_POINT('',(-4.25,-10.,-5.5));
#9739=CARTESIAN_POINT('Origin',(4.25,-10.,-5.5));
#9740=CARTESIAN_POINT('',(4.25,-10.,-5.5));
#9741=CARTESIAN_POINT('',(7.25,-10.,-5.5));
#9742=CARTESIAN_POINT('',(4.25,-10.,-5.5));
#9743=CARTESIAN_POINT('Origin',(4.25,-10.,-2.));
#9744=CARTESIAN_POINT('',(4.25,-10.,-1.));
#9745=CARTESIAN_POINT('Origin',(-1.,-1.5,-0.2));
#9746=CARTESIAN_POINT('',(-1.,-3.,-0.2));
#9747=CARTESIAN_POINT('',(-1.,-1.5,-0.2));
#9748=CARTESIAN_POINT('',(-1.,-0.75,-0.2));
#9749=CARTESIAN_POINT('',(-1.,-3.,0.));
#9750=CARTESIAN_POINT('',(-1.,-3.,-0.2));
#9751=CARTESIAN_POINT('',(-1.,-1.5,0.));
#9752=CARTESIAN_POINT('',(-1.,-1.5,0.));
#9753=CARTESIAN_POINT('',(-1.,-1.5,-0.2));
#9754=CARTESIAN_POINT('Origin',(1.,-1.5,-0.2));
#9755=CARTESIAN_POINT('',(4.16333634234434E-16,-1.5,-0.2));
#9756=CARTESIAN_POINT('',(1.,-1.5,-0.2));
#9757=CARTESIAN_POINT('',(0.500000000000001,-1.5,-0.2));
#9758=CARTESIAN_POINT('',(0.500000000000001,-1.5,-0.2));
#9759=CARTESIAN_POINT('',(1.,-1.5,0.));
#9760=CARTESIAN_POINT('',(1.,-1.5,0.));
#9761=CARTESIAN_POINT('',(1.,-1.5,-0.2));
#9762=CARTESIAN_POINT('Origin',(1.,-3.,-0.2));
#9763=CARTESIAN_POINT('',(1.,-3.,-0.2));
#9764=CARTESIAN_POINT('',(1.,-1.5,-0.2));
#9765=CARTESIAN_POINT('',(1.,-3.,0.));
#9766=CARTESIAN_POINT('',(1.,-3.,0.));
#9767=CARTESIAN_POINT('',(1.,-3.,-0.2));
#9768=CARTESIAN_POINT('Origin',(-1.,-3.,-0.2));
#9769=CARTESIAN_POINT('',(-0.5,-3.,-0.2));
#9770=CARTESIAN_POINT('',(-1.,-3.,0.));
#9771=CARTESIAN_POINT('Origin',(-2.77555756156289E-16,-2.25,0.));
#9772=CARTESIAN_POINT('Origin',(-1.5,1.,-0.2));
#9773=CARTESIAN_POINT('',(-3.,1.,-0.2));
#9774=CARTESIAN_POINT('',(-1.5,1.,-0.2));
#9775=CARTESIAN_POINT('',(-0.75,1.,-0.2));
#9776=CARTESIAN_POINT('',(-3.,1.,0.));
#9777=CARTESIAN_POINT('',(-3.,1.,-0.2));
#9778=CARTESIAN_POINT('',(-1.5,1.,0.));
#9779=CARTESIAN_POINT('',(-1.5,1.,0.));
#9780=CARTESIAN_POINT('',(-1.5,1.,-0.2));
#9781=CARTESIAN_POINT('Origin',(-1.5,-1.,-0.2));
#9782=CARTESIAN_POINT('',(-1.5,-4.16333634234434E-16,-0.2));
#9783=CARTESIAN_POINT('',(-1.5,-1.,-0.2));
#9784=CARTESIAN_POINT('',(-1.5,-0.500000000000001,-0.2));
#9785=CARTESIAN_POINT('',(-1.5,-0.500000000000001,-0.2));
#9786=CARTESIAN_POINT('',(-1.5,-1.,0.));
#9787=CARTESIAN_POINT('',(-1.5,-1.,0.));
#9788=CARTESIAN_POINT('',(-1.5,-1.,-0.2));
#9789=CARTESIAN_POINT('Origin',(-3.,-1.,-0.2));
#9790=CARTESIAN_POINT('',(-3.,-1.,-0.2));
#9791=CARTESIAN_POINT('',(-1.5,-1.,-0.2));
#9792=CARTESIAN_POINT('',(-3.,-1.,0.));
#9793=CARTESIAN_POINT('',(-3.,-1.,0.));
#9794=CARTESIAN_POINT('',(-3.,-1.,-0.2));
#9795=CARTESIAN_POINT('Origin',(-3.,1.,-0.2));
#9796=CARTESIAN_POINT('',(-3.,0.5,-0.2));
#9797=CARTESIAN_POINT('',(-3.,1.,0.));
#9798=CARTESIAN_POINT('Origin',(-2.25,1.38777878078145E-16,0.));
#9799=CARTESIAN_POINT('Origin',(1.5,-1.,-0.2));
#9800=CARTESIAN_POINT('',(3.,-1.,-0.2));
#9801=CARTESIAN_POINT('',(1.5,-1.,-0.2));
#9802=CARTESIAN_POINT('',(0.75,-1.,-0.2));
#9803=CARTESIAN_POINT('',(3.,-1.,0.));
#9804=CARTESIAN_POINT('',(3.,-1.,-0.2));
#9805=CARTESIAN_POINT('',(1.5,-1.,0.));
#9806=CARTESIAN_POINT('',(1.5,-1.,0.));
#9807=CARTESIAN_POINT('',(1.5,-1.,-0.2));
#9808=CARTESIAN_POINT('Origin',(1.5,1.,-0.2));
#9809=CARTESIAN_POINT('',(1.5,1.83697019872103E-16,-0.2));
#9810=CARTESIAN_POINT('',(1.5,1.,-0.2));
#9811=CARTESIAN_POINT('',(1.5,0.5,-0.2));
#9812=CARTESIAN_POINT('',(1.5,0.5,-0.2));
#9813=CARTESIAN_POINT('',(1.5,1.,0.));
#9814=CARTESIAN_POINT('',(1.5,1.,0.));
#9815=CARTESIAN_POINT('',(1.5,1.,-0.2));
#9816=CARTESIAN_POINT('Origin',(3.,1.,-0.2));
#9817=CARTESIAN_POINT('',(3.,1.,-0.2));
#9818=CARTESIAN_POINT('',(1.5,1.,-0.2));
#9819=CARTESIAN_POINT('',(3.,1.,0.));
#9820=CARTESIAN_POINT('',(3.,1.,0.));
#9821=CARTESIAN_POINT('',(3.,1.,-0.2));
#9822=CARTESIAN_POINT('Origin',(3.,-1.,-0.2));
#9823=CARTESIAN_POINT('',(3.,-0.5,-0.2));
#9824=CARTESIAN_POINT('',(3.,-1.,0.));
#9825=CARTESIAN_POINT('Origin',(2.25,-4.16333634234434E-16,0.));
#9826=CARTESIAN_POINT('Origin',(1.,1.5,-0.2));
#9827=CARTESIAN_POINT('',(1.,3.,-0.2));
#9828=CARTESIAN_POINT('',(1.,1.5,-0.2));
#9829=CARTESIAN_POINT('',(1.,0.75,-0.2));
#9830=CARTESIAN_POINT('',(1.,3.,0.));
#9831=CARTESIAN_POINT('',(1.,3.,-0.2));
#9832=CARTESIAN_POINT('',(1.,1.5,0.));
#9833=CARTESIAN_POINT('',(1.,1.5,0.));
#9834=CARTESIAN_POINT('',(1.,1.5,-0.2));
#9835=CARTESIAN_POINT('Origin',(-1.,1.5,-0.2));
#9836=CARTESIAN_POINT('',(-4.16333634234434E-16,1.5,-0.2));
#9837=CARTESIAN_POINT('',(-1.,1.5,-0.2));
#9838=CARTESIAN_POINT('',(-0.500000000000001,1.5,-0.2));
#9839=CARTESIAN_POINT('',(-0.500000000000001,1.5,-0.2));
#9840=CARTESIAN_POINT('',(-1.,1.5,0.));
#9841=CARTESIAN_POINT('',(-1.,1.5,0.));
#9842=CARTESIAN_POINT('',(-1.,1.5,-0.2));
#9843=CARTESIAN_POINT('Origin',(-1.,3.,-0.2));
#9844=CARTESIAN_POINT('',(-1.,3.,-0.2));
#9845=CARTESIAN_POINT('',(-1.,1.5,-0.2));
#9846=CARTESIAN_POINT('',(-1.,3.,0.));
#9847=CARTESIAN_POINT('',(-1.,3.,0.));
#9848=CARTESIAN_POINT('',(-1.,3.,-0.2));
#9849=CARTESIAN_POINT('Origin',(1.,3.,-0.2));
#9850=CARTESIAN_POINT('',(0.5,3.,-0.2));
#9851=CARTESIAN_POINT('',(1.,3.,0.));
#9852=CARTESIAN_POINT('Origin',(0.,2.25,0.));
#9853=CARTESIAN_POINT('Origin',(0.,0.,-0.2));
#9854=CARTESIAN_POINT('',(-4.,4.89858719658941E-16,-0.2));
#9855=CARTESIAN_POINT('Origin',(0.,0.,-0.2));
#9856=CARTESIAN_POINT('Origin',(0.,0.,-0.2));
#9857=CARTESIAN_POINT('Origin',(0.,0.,-0.2));
#9858=CARTESIAN_POINT('Origin',(0.,0.,-0.2));
#9859=CARTESIAN_POINT('Origin',(0.,0.,-0.2));
#9860=CARTESIAN_POINT('Origin',(0.,0.,0.));
#9861=CARTESIAN_POINT('',(-4.,4.89858719658941E-16,0.));
#9862=CARTESIAN_POINT('Origin',(0.,0.,0.));
#9863=CARTESIAN_POINT('',(-4.,4.89858719658941E-16,0.));
#9864=CARTESIAN_POINT('Origin',(-9.75,3.5,-31.5));
#9865=CARTESIAN_POINT('',(-9.05,3.5,-28.5));
#9866=CARTESIAN_POINT('',(-9.05,0.5,-31.5));
#9867=CARTESIAN_POINT('Origin',(-9.05,3.5,-31.5));
#9868=CARTESIAN_POINT('',(-9.75,0.5,-31.5));
#9869=CARTESIAN_POINT('',(-9.75,3.5,-28.5));
#9870=CARTESIAN_POINT('Origin',(-10.25,0.5,-1.5));
#9871=CARTESIAN_POINT('',(-9.05,0.5,-37.5));
#9872=CARTESIAN_POINT('Origin',(-9.75,3.5,-2.5));
#9873=CARTESIAN_POINT('',(-9.05,0.5,-2.5));
#9874=CARTESIAN_POINT('',(-9.75,0.5,-2.5));
#9875=CARTESIAN_POINT('',(-9.05,3.5,-5.5));
#9876=CARTESIAN_POINT('Origin',(-9.05,3.5,-2.5));
#9877=CARTESIAN_POINT('',(-9.75,3.5,-5.5));
#9878=CARTESIAN_POINT('Origin',(-10.25,0.5,-1.5));
#9879=CARTESIAN_POINT('',(-9.05,0.5,-37.5));
#9880=CARTESIAN_POINT('Origin',(-10.25,-10.,-1.5));
#9881=CARTESIAN_POINT('',(-9.25,-4.5,-1.5));
#9882=CARTESIAN_POINT('',(-9.25,-4.5,-1.5));
#9883=CARTESIAN_POINT('',(-9.25,-8.5,-1.5));
#9884=CARTESIAN_POINT('',(-9.05,6.,-1.5));
#9885=CARTESIAN_POINT('Origin',(-8.25,5.5,-5.5));
#9886=CARTESIAN_POINT('',(-8.25,7.5,-5.5));
#9887=CARTESIAN_POINT('Origin',(-8.25,5.5,-5.5));
#9888=CARTESIAN_POINT('',(-8.25,7.5,-28.5));
#9889=CARTESIAN_POINT('',(-8.25,7.5,-5.5));
#9890=CARTESIAN_POINT('Origin',(-8.25,5.5,-28.5));
#9891=CARTESIAN_POINT('Origin',(-9.05,5.5,-5.5));
#9892=CARTESIAN_POINT('',(-9.05,5.5,-5.5));
#9893=CARTESIAN_POINT('',(-9.05,5.5,-5.5));
#9894=CARTESIAN_POINT('',(-9.05,5.5,-28.5));
#9895=CARTESIAN_POINT('',(-9.05,5.5,-5.5));
#9896=CARTESIAN_POINT('',(-9.05,5.5,-28.5));
#9897=CARTESIAN_POINT('Origin',(-9.25,4.,-28.5));
#9898=CARTESIAN_POINT('',(-9.05,0.5,-28.5));
#9899=CARTESIAN_POINT('Origin',(-9.25,4.,-5.5));
#9900=CARTESIAN_POINT('',(-9.05,0.5,-5.5));
#9901=CARTESIAN_POINT('Origin',(-9.05,-4.75,-19.5));
#9902=CARTESIAN_POINT('Origin',(9.75,3.5,-31.5));
#9903=CARTESIAN_POINT('',(10.25,3.5,-28.5));
#9904=CARTESIAN_POINT('',(9.75,3.5,-28.5));
#9905=CARTESIAN_POINT('',(10.25,0.5,-31.5));
#9906=CARTESIAN_POINT('Origin',(10.25,3.5,-31.5));
#9907=CARTESIAN_POINT('',(9.75,0.5,-31.5));
#9908=CARTESIAN_POINT('Origin',(9.25,4.,-28.5));
#9909=CARTESIAN_POINT('',(8.25,7.5,-28.5));
#9910=CARTESIAN_POINT('',(9.05,5.5,-28.5));
#9911=CARTESIAN_POINT('',(10.25,5.5,-28.5));
#9912=CARTESIAN_POINT('Origin',(8.25,5.5,-28.5));
#9913=CARTESIAN_POINT('',(10.25,5.5,-28.5));
#9914=CARTESIAN_POINT('Origin',(9.75,3.5,-2.5));
#9915=CARTESIAN_POINT('',(10.25,0.5,-2.5));
#9916=CARTESIAN_POINT('',(10.25,3.5,-5.5));
#9917=CARTESIAN_POINT('Origin',(10.25,3.5,-2.5));
#9918=CARTESIAN_POINT('',(9.75,3.5,-5.5));
#9919=CARTESIAN_POINT('',(9.75,0.5,-2.5));
#9920=CARTESIAN_POINT('Origin',(9.25,4.,-5.5));
#9921=CARTESIAN_POINT('',(10.25,5.5,-5.5));
#9922=CARTESIAN_POINT('',(10.25,5.5,-5.5));
#9923=CARTESIAN_POINT('',(8.25,7.5,-5.5));
#9924=CARTESIAN_POINT('Origin',(8.25,5.5,-5.5));
#9925=CARTESIAN_POINT('',(9.05,5.5,-5.5));
#9926=CARTESIAN_POINT('Origin',(8.25,5.5,-5.5));
#9927=CARTESIAN_POINT('',(10.25,5.5,-5.5));
#9928=CARTESIAN_POINT('',(8.25,7.5,-5.5));
#9929=CARTESIAN_POINT('Origin',(9.05,5.5,-5.5));
#9930=CARTESIAN_POINT('Origin',(10.25,0.5,-1.5));
#9931=CARTESIAN_POINT('',(10.25,0.5,-37.5));
#9932=CARTESIAN_POINT('Origin',(10.25,0.5,-1.5));
#9933=CARTESIAN_POINT('',(10.25,0.5,-37.5));
#9934=CARTESIAN_POINT('Origin',(9.75,-9.5,-0.5));
#9935=CARTESIAN_POINT('',(9.75,-9.5,0.));
#9936=CARTESIAN_POINT('',(10.25,-9.5,-0.5));
#9937=CARTESIAN_POINT('Origin',(9.75,-9.5,-0.5));
#9938=CARTESIAN_POINT('',(9.75,-10.,-0.5));
#9939=CARTESIAN_POINT('Origin',(9.75,-9.5,-0.5));
#9940=CARTESIAN_POINT('Origin',(9.75,-9.5,-0.5));
#9941=CARTESIAN_POINT('Origin',(9.75,3.,-0.5));
#9942=CARTESIAN_POINT('',(10.25,6.,-0.5));
#9943=CARTESIAN_POINT('',(9.75,6.,0.));
#9944=CARTESIAN_POINT('Origin',(9.75,6.,-0.5));
#9945=CARTESIAN_POINT('',(9.75,3.,0.));
#9946=CARTESIAN_POINT('',(10.25,3.,-0.5));
#9947=CARTESIAN_POINT('Origin',(6.25,6.,-0.5));
#9948=CARTESIAN_POINT('',(6.25,10.,-0.5));
#9949=CARTESIAN_POINT('',(6.25,9.5,0.));
#9950=CARTESIAN_POINT('Origin',(6.25,9.5,-0.5));
#9951=CARTESIAN_POINT('Origin',(6.25,6.,0.));
#9952=CARTESIAN_POINT('Origin',(6.25,6.,-0.5));
#9953=CARTESIAN_POINT('Origin',(-3.125,9.5,-0.5));
#9954=CARTESIAN_POINT('',(-6.25,10.,-0.5));
#9955=CARTESIAN_POINT('',(-6.25,9.5,0.));
#9956=CARTESIAN_POINT('Origin',(-6.25,9.5,-0.5));
#9957=CARTESIAN_POINT('',(-3.125,9.5,0.));
#9958=CARTESIAN_POINT('',(-3.125,10.,-0.5));
#9959=CARTESIAN_POINT('Origin',(-6.25,6.,-0.5));
#9960=CARTESIAN_POINT('',(-9.75,6.,0.));
#9961=CARTESIAN_POINT('Origin',(-9.75,6.,-0.5));
#9962=CARTESIAN_POINT('Origin',(-6.25,6.,0.));
#9963=CARTESIAN_POINT('Origin',(-6.25,6.,-0.5));
#9964=CARTESIAN_POINT('Origin',(-9.75,-5.,-0.5));
#9965=CARTESIAN_POINT('',(-9.75,-9.5,0.));
#9966=CARTESIAN_POINT('',(-9.75,-5.,0.));
#9967=CARTESIAN_POINT('Origin',(-9.75,-9.5,-0.5));
#9968=CARTESIAN_POINT('Origin',(5.125,-9.5,-0.5));
#9969=CARTESIAN_POINT('',(5.125,-10.,-0.5));
#9970=CARTESIAN_POINT('',(5.125,-9.5,0.));
#9971=CARTESIAN_POINT('Origin',(9.75,-9.5,0.));
#9972=CARTESIAN_POINT('',(10.25,-9.5,-75.));
#9973=CARTESIAN_POINT('',(9.75,-10.,0.));
#9974=CARTESIAN_POINT('Origin',(-6.25,10.,0.));
#9975=CARTESIAN_POINT('',(6.25,10.,0.));
#9976=CARTESIAN_POINT('',(-6.25,10.,0.));
#9977=CARTESIAN_POINT('Origin',(6.25,6.,0.));
#9978=CARTESIAN_POINT('',(10.25,6.,0.));
#9979=CARTESIAN_POINT('Origin',(10.25,6.,0.));
#9980=CARTESIAN_POINT('Origin',(0.,0.,0.));
#9981=CARTESIAN_POINT('',(-9.25,-4.5,0.));
#9982=CARTESIAN_POINT('',(-1.75,-4.5,0.));
#9983=CARTESIAN_POINT('',(-9.25,-4.5,0.));
#9984=CARTESIAN_POINT('',(-1.75,-4.5,0.));
#9985=CARTESIAN_POINT('',(-9.25,-8.5,0.));
#9986=CARTESIAN_POINT('Origin',(0.,0.,0.));
#9987=CARTESIAN_POINT('',(1.5,-1.83697019872103E-16,0.));
#9988=CARTESIAN_POINT('Origin',(-1.75,-8.5,0.));
#9989=CARTESIAN_POINT('',(-1.75,-4.5,0.));
#9990=CARTESIAN_POINT('Origin',(-9.25,-4.5,0.));
#9991=CARTESIAN_POINT('',(-9.25,-4.5,0.));
#9992=CARTESIAN_POINT('Origin',(-1.75,-4.5,0.));
#9993=CARTESIAN_POINT('Origin',(10.25,-10.,0.));
#9994=CARTESIAN_POINT('Origin',(-6.25,6.,0.));
#9995=UNCERTAINTY_MEASURE_WITH_UNIT(LENGTH_MEASURE(0.01),#9999,
'DISTANCE_ACCURACY_VALUE',
'Maximum model space distance between geometric entities at asserted c
onnectivities');
#9996=UNCERTAINTY_MEASURE_WITH_UNIT(LENGTH_MEASURE(0.01),#9999,
'DISTANCE_ACCURACY_VALUE',
'Maximum model space distance between geometric entities at asserted c
onnectivities');
#9997=(
GEOMETRIC_REPRESENTATION_CONTEXT(3)
GLOBAL_UNCERTAINTY_ASSIGNED_CONTEXT((#9995))
GLOBAL_UNIT_ASSIGNED_CONTEXT((#9999,#10001,#10002))
REPRESENTATION_CONTEXT('','3D')
);
#9998=(
GEOMETRIC_REPRESENTATION_CONTEXT(3)
GLOBAL_UNCERTAINTY_ASSIGNED_CONTEXT((#9996))
GLOBAL_UNIT_ASSIGNED_CONTEXT((#9999,#10001,#10002))
REPRESENTATION_CONTEXT('','3D')
);
#9999=(
LENGTH_UNIT()
NAMED_UNIT(*)
SI_UNIT(.MILLI.,.METRE.)
);
#10000=(
LENGTH_UNIT()
NAMED_UNIT(*)
SI_UNIT(.CENTI.,.METRE.)
);
#10001=(
NAMED_UNIT(*)
PLANE_ANGLE_UNIT()
SI_UNIT($,.RADIAN.)
);
#10002=(
NAMED_UNIT(*)
SI_UNIT($,.STERADIAN.)
SOLID_ANGLE_UNIT()
);
#10003=SHAPE_DEFINITION_REPRESENTATION(#10004,#10005);
#10004=PRODUCT_DEFINITION_SHAPE('',$,#10007);
#10005=SHAPE_REPRESENTATION('',(#4531),#9997);
#10006=PRODUCT_DEFINITION_CONTEXT('part definition',#10011,'design');
#10007=PRODUCT_DEFINITION('Holder 18650','Holder 18650 (1 cell)_blue',#10008,
#10006);
#10008=PRODUCT_DEFINITION_FORMATION('',$,#10013);
#10009=PRODUCT_RELATED_PRODUCT_CATEGORY('Holder 18650 (1 cell)_blue',
'Holder 18650 (1 cell)_blue',(#10013));
#10010=APPLICATION_PROTOCOL_DEFINITION('international standard',
'automotive_design',2009,#10011);
#10011=APPLICATION_CONTEXT(
'Core Data for Automotive Mechanical Design Process');
#10012=PRODUCT_CONTEXT('part definition',#10011,'mechanical');
#10013=PRODUCT('Holder 18650','Holder 18650 (1 cell)_blue',$,(#10012));
#10014=PRESENTATION_STYLE_ASSIGNMENT((#10018));
#10015=PRESENTATION_STYLE_ASSIGNMENT((#10019));
#10016=PRESENTATION_STYLE_ASSIGNMENT((#10020));
#10017=PRESENTATION_STYLE_ASSIGNMENT((#10021));
#10018=SURFACE_STYLE_USAGE(.BOTH.,#10030);
#10019=SURFACE_STYLE_USAGE(.BOTH.,#10031);
#10020=SURFACE_STYLE_USAGE(.BOTH.,#10032);
#10021=SURFACE_STYLE_USAGE(.BOTH.,#10033);
#10022=SURFACE_STYLE_RENDERING_WITH_PROPERTIES($,#10046,(#10026));
#10023=SURFACE_STYLE_RENDERING_WITH_PROPERTIES($,#10047,(#10027));
#10024=SURFACE_STYLE_RENDERING_WITH_PROPERTIES($,#10048,(#10028));
#10025=SURFACE_STYLE_RENDERING_WITH_PROPERTIES($,#10049,(#10029));
#10026=SURFACE_STYLE_TRANSPARENT(0.);
#10027=SURFACE_STYLE_TRANSPARENT(0.);
#10028=SURFACE_STYLE_TRANSPARENT(0.);
#10029=SURFACE_STYLE_TRANSPARENT(0.);
#10030=SURFACE_SIDE_STYLE('',(#10034,#10022));
#10031=SURFACE_SIDE_STYLE('',(#10035,#10023));
#10032=SURFACE_SIDE_STYLE('',(#10036,#10024));
#10033=SURFACE_SIDE_STYLE('',(#10037,#10025));
#10034=SURFACE_STYLE_FILL_AREA(#10038);
#10035=SURFACE_STYLE_FILL_AREA(#10039);
#10036=SURFACE_STYLE_FILL_AREA(#10040);
#10037=SURFACE_STYLE_FILL_AREA(#10041);
#10038=FILL_AREA_STYLE('',(#10042));
#10039=FILL_AREA_STYLE('',(#10043));
#10040=FILL_AREA_STYLE('',(#10044));
#10041=FILL_AREA_STYLE('',(#10045));
#10042=FILL_AREA_STYLE_COLOUR('',#10046);
#10043=FILL_AREA_STYLE_COLOUR('',#10047);
#10044=FILL_AREA_STYLE_COLOUR('',#10048);
#10045=FILL_AREA_STYLE_COLOUR('',#10049);
#10046=COLOUR_RGB('',0.749019607843137,0.749019607843137,0.749019607843137);
#10047=COLOUR_RGB('',0.0196078431372549,0.0196078431372549,0.0196078431372549);
#10048=COLOUR_RGB('',0.188235294117647,0.529411764705882,0.890196078431372);
#10049=COLOUR_RGB('',1.,0.945098039215686,0.694117647058824);
ENDSEC;
END-ISO-10303-21;
